# Blender 4.5.2 LTS
# www.blender.org
o dragon_vrip_res4
v 0.041628 -0.041650 0.052435
v 0.041923 -0.041434 0.050001
v 0.044595 -0.041466 0.048663
v 0.041105 -0.040181 0.052802
v 0.044691 -0.038793 0.051882
v 0.043799 -0.041472 0.051511
v 0.041362 -0.038767 0.049403
v 0.044626 -0.040451 0.049252
v 0.047504 -0.041256 0.048194
v 0.044814 -0.039362 0.044978
v 0.045913 -0.041141 0.045839
v 0.047545 -0.041328 0.046165
v 0.048960 -0.038552 0.048449
v 0.048647 -0.038984 0.045208
v 0.047691 -0.038119 0.051469
v 0.041051 -0.037767 0.044678
v 0.040190 -0.039099 0.040870
v 0.040032 -0.038382 0.038334
v 0.036181 -0.038510 0.040887
v 0.043202 -0.037485 0.042105
v 0.035523 -0.037919 0.044220
v 0.032220 -0.037648 0.044467
v 0.032877 -0.037677 0.042476
v 0.037173 -0.037572 0.038827
v 0.044582 -0.034993 0.049461
v 0.032349 -0.035771 0.044658
v 0.048869 -0.035037 0.048870
v 0.041670 -0.036186 0.047646
v 0.049618 -0.036242 0.044446
v 0.040376 -0.034709 0.045826
v 0.036540 -0.035024 0.044552
v 0.045631 -0.035886 0.043274
v 0.033367 -0.035108 0.042089
v 0.044733 -0.035064 0.040946
v 0.035425 -0.034558 0.040639
v 0.036914 -0.033962 0.037365
v 0.040351 -0.034672 0.037160
v 0.048913 -0.033764 0.041736
v -0.011929 -0.034724 -0.054231
v -0.016165 -0.034431 -0.053684
v -0.012678 -0.034604 -0.056864
v -0.015945 -0.034687 -0.065162
v -0.013297 -0.034432 -0.065945
v 0.051240 -0.033924 0.044787
v 0.043295 -0.034263 0.038464
v -0.016588 -0.034080 -0.057381
v -0.014722 -0.034365 -0.067329
v -0.019620 -0.033618 -0.064817
v -0.015994 -0.033678 -0.041706
v -0.017101 -0.033427 -0.043081
v -0.019314 -0.033222 -0.052538
v 0.036809 -0.033428 0.032900
v 0.038975 -0.033357 0.032767
v -0.020299 -0.033122 -0.058177
v 0.046112 -0.032308 0.048136
v 0.048507 -0.031500 0.047510
v 0.044907 -0.030491 0.045880
v 0.052274 -0.031060 0.045195
v 0.040979 -0.031239 0.044294
v 0.052745 -0.031048 0.040818
v 0.036237 -0.030980 0.040338
v 0.044415 -0.031009 0.037205
v 0.036529 -0.030810 0.031151
v -0.016203 -0.030895 -0.041405
v -0.013510 -0.032986 -0.041949
v -0.014454 -0.032325 -0.042984
v -0.020140 -0.031612 -0.049121
v -0.021535 -0.031725 -0.053464
v -0.015182 -0.030154 -0.052613
v -0.013274 -0.031687 -0.054061
v -0.013477 -0.032033 -0.057300
v -0.016016 -0.030216 -0.057977
v -0.019924 -0.032203 -0.061494
v -0.017601 -0.030703 -0.061445
v -0.016337 -0.031360 -0.065508
v -0.020149 -0.030476 -0.065895
v -0.024585 -0.031747 0.054600
v -0.020460 -0.031004 0.053880
v -0.024658 -0.033234 0.051748
v -0.021664 -0.033034 0.051952
v -0.020256 -0.032811 0.049411
v -0.023680 -0.032929 0.048786
v -0.026901 -0.032876 0.049904
v 0.040671 -0.030933 0.032834
v -0.020288 -0.031025 -0.041058
v -0.019043 -0.032900 -0.043079
v -0.020752 -0.032950 -0.050536
v -0.017476 -0.030011 -0.049114
v -0.021872 -0.032366 -0.056729
v -0.023845 -0.033017 -0.058234
v -0.024757 -0.031258 -0.061410
v -0.029491 -0.031001 0.054555
v -0.028869 -0.032669 0.051786
v -0.029858 -0.031715 0.048932
v -0.015877 -0.031125 0.049284
v -0.026528 -0.032573 0.048132
v -0.019052 -0.032619 0.048005
v -0.016861 -0.032651 0.047969
v 0.048900 -0.031772 0.039901
v -0.020488 -0.031215 -0.044843
v -0.016175 -0.030868 -0.043991
v -0.024794 -0.031833 -0.049643
v -0.025759 -0.031765 -0.056882
v -0.032667 -0.030469 0.053332
v -0.024863 -0.031315 0.045062
v -0.020801 -0.031643 0.044626
v -0.015914 -0.032199 0.044898
v -0.016274 -0.031686 0.040551
v 0.034596 -0.031109 0.038039
v 0.032357 -0.030902 0.036695
v 0.032718 -0.031085 0.033012
v -0.023944 -0.030574 -0.065224
v -0.017660 -0.031145 0.051913
v -0.029432 -0.030790 0.044949
v -0.029501 -0.030736 -0.057240
v -0.025499 -0.030569 0.055210
v -0.014041 -0.030079 0.045425
v -0.069527 -0.031229 0.044961
v -0.020300 -0.030846 0.041490
v -0.013625 -0.029689 0.040995
v 0.039223 -0.029579 0.041975
v 0.048959 -0.029704 0.037234
v 0.042078 -0.031462 0.036258
v -0.033399 -0.031201 0.049294
v -0.069040 -0.030766 0.048320
v -0.073247 -0.030125 0.045161
v -0.016315 -0.030242 0.037596
v -0.020401 -0.030180 0.037299
v 0.029660 -0.030359 0.033973
v -0.024627 -0.029856 -0.041503
v -0.024717 -0.030325 -0.045459
v -0.028954 -0.030064 -0.049333
v -0.024709 -0.030733 -0.053767
v -0.028911 -0.029121 -0.061319
v -0.037306 -0.030408 0.048995
v -0.072878 -0.029645 0.048724
v -0.065141 -0.029555 0.045094
v -0.033448 -0.030209 0.044960
v 0.028596 -0.029713 0.036286
v -0.022641 -0.029934 0.055281
v -0.036967 -0.029534 0.052039
v -0.066333 -0.029836 0.047817
v -0.037562 -0.029704 0.044480
v -0.072146 -0.029828 0.042411
v -0.069168 -0.029825 0.042520
v 0.053360 -0.029766 0.037754
v -0.029631 -0.029352 -0.053898
v -0.025106 -0.029723 0.041145
v -0.023532 -0.029797 0.038275
v -0.041148 -0.029225 0.049013
v -0.041489 -0.029291 0.045124
v 0.043529 -0.029364 0.034038
v -0.029500 -0.029483 -0.064407
v -0.021316 -0.027500 0.055333
v -0.019229 -0.026728 0.054899
v -0.033229 -0.026735 0.054858
v -0.017088 -0.026649 0.052907
v -0.037480 -0.026972 0.053205
v -0.014315 -0.028800 0.048234
v 0.047547 -0.029494 0.046778
v 0.049007 -0.026717 0.045200
v -0.064049 -0.028543 0.046005
v 0.053532 -0.026971 0.045090
v -0.072722 -0.027349 0.042077
v -0.068964 -0.026342 0.041348
v 0.055499 -0.029420 0.041679
v 0.057429 -0.026686 0.040529
v 0.037495 -0.027287 0.040021
v -0.024893 -0.026557 0.037448
v 0.049082 -0.028128 0.035616
v 0.028508 -0.027693 0.035659
v 0.045013 -0.026760 0.033208
v 0.028672 -0.028461 0.034540
v 0.035506 -0.027321 0.031798
v -0.018039 -0.026536 -0.041505
v -0.024385 -0.027303 -0.040105
v -0.017599 -0.027012 -0.045777
v -0.017500 -0.027004 -0.049666
v -0.033519 -0.027504 -0.053115
v -0.032564 -0.029232 -0.056832
v -0.033253 -0.027282 -0.065208
v -0.035992 -0.029222 -0.073334
v -0.033326 -0.026719 -0.073460
v -0.033236 -0.029346 -0.074623
v -0.032589 -0.029500 -0.076063
v -0.032530 -0.028359 -0.076132
v -0.024670 -0.027014 0.055305
v -0.015253 -0.027159 0.050587
v -0.076146 -0.028714 0.047736
v -0.076804 -0.027363 0.049305
v -0.073706 -0.025785 0.049064
v -0.065220 -0.027219 0.048026
v -0.074678 -0.026750 0.044896
v 0.044716 -0.027453 0.044040
v -0.065283 -0.026961 0.041123
v -0.033641 -0.028713 0.042111
v -0.029381 -0.028774 0.042152
v 0.041498 -0.027186 0.042177
v -0.014501 -0.028710 0.037664
v 0.035440 -0.026415 0.038323
v 0.055063 -0.028861 0.037542
v 0.040233 -0.027319 0.031860
v -0.027063 -0.028987 -0.042584
v -0.028348 -0.028929 -0.044721
v -0.030800 -0.028304 -0.044756
v -0.031182 -0.029094 -0.048621
v -0.033736 -0.028111 -0.058070
v -0.018456 -0.028457 -0.060732
v -0.032823 -0.029099 -0.062356
v -0.032253 -0.029422 -0.063321
v -0.029675 -0.026383 -0.066096
v -0.025248 -0.026402 -0.065586
v -0.036983 -0.026740 -0.072824
v -0.030555 -0.027550 -0.073365
v -0.029161 -0.027321 0.055293
v -0.040669 -0.026756 0.052045
v -0.069191 -0.026571 0.049464
v -0.042511 -0.028116 0.050113
v -0.044386 -0.028791 0.044913
v -0.013619 -0.026244 0.047864
v -0.012309 -0.027188 0.044843
v -0.061205 -0.026887 0.045166
v 0.056655 -0.026335 0.044211
v -0.061002 -0.026730 0.041038
v -0.037509 -0.027882 0.040887
v -0.026694 -0.028133 0.040169
v -0.011897 -0.027885 0.037144
v 0.056595 -0.025860 0.037789
v 0.032288 -0.026617 0.036214
v 0.052839 -0.026859 0.035527
v -0.016327 -0.027218 0.035648
v -0.020370 -0.027061 0.035649
v 0.032381 -0.026233 0.033165
v -0.025420 -0.027059 -0.037306
v -0.028812 -0.026293 -0.037163
v -0.029487 -0.028113 -0.040041
v -0.020706 -0.026264 -0.040986
v -0.033544 -0.027493 -0.048419
v -0.017408 -0.027268 -0.053547
v -0.030498 -0.028150 -0.060626
v -0.033930 -0.028293 -0.061368
v -0.020512 -0.026482 -0.061744
v -0.021936 -0.027199 -0.065195
v -0.037472 -0.026647 -0.069309
v -0.045179 -0.026844 0.049331
v -0.046369 -0.028230 0.044993
v -0.041049 -0.027396 0.040840
v -0.017494 -0.027817 -0.057355
v -0.045273 -0.027108 0.041143
v -0.032864 -0.027861 0.039796
v -0.028647 -0.027316 0.039958
v -0.011905 -0.027909 0.033160
v -0.011770 -0.027650 0.028698
v -0.040547 -0.026496 -0.069305
v -0.049286 -0.027232 0.044907
v -0.049179 -0.026354 0.040862
v -0.011058 -0.027136 0.041506
v -0.037074 -0.027702 0.036610
v -0.033044 -0.026555 0.036649
v -0.041610 -0.027372 0.037225
v -0.041259 -0.027706 0.032502
v -0.037323 -0.026800 0.033213
v -0.016232 -0.026416 0.032819
v -0.045570 -0.027718 0.033212
v -0.048851 -0.027054 0.033122
v -0.049142 -0.027703 0.029300
v -0.045203 -0.027792 0.028769
v -0.041199 -0.026672 0.029202
v -0.015999 -0.027183 0.029090
v -0.015763 -0.027024 0.025008
v -0.011779 -0.027152 0.025237
v -0.012634 -0.026657 0.020430
v -0.033508 -0.026759 -0.044295
v -0.037310 -0.026541 -0.061667
v -0.030628 -0.026927 -0.070660
v -0.032552 -0.026342 -0.069425
v -0.045438 -0.026447 0.037063
v -0.049549 -0.027334 0.025072
v -0.053189 -0.027023 0.025293
v -0.031878 -0.025630 -0.038576
v -0.036893 -0.026550 -0.057540
v -0.049229 -0.025293 0.047858
v -0.057239 -0.025686 0.040744
v -0.009853 -0.025927 0.040267
v -0.029657 -0.025688 0.038023
v -0.008929 -0.025694 0.036742
v -0.008934 -0.025838 0.032928
v 0.049284 -0.025500 0.033019
v -0.009211 -0.025613 0.028983
v -0.053850 -0.026236 0.029338
v -0.045179 -0.026046 0.024505
v 0.048826 -0.026692 0.029403
v 0.049481 -0.026901 0.025136
v 0.044724 -0.026558 0.025344
v -0.015327 -0.025586 0.021359
v 0.023580 -0.027125 -0.028044
v 0.027824 -0.026888 -0.028042
v 0.019751 -0.026928 -0.028120
v 0.023701 -0.026970 -0.032021
v 0.032158 -0.027131 -0.032231
v 0.027829 -0.027168 -0.032055
v 0.035966 -0.026983 -0.031723
v 0.040617 -0.026897 -0.032130
v 0.027595 -0.026744 -0.035838
v 0.032550 -0.027173 -0.035754
v 0.036182 -0.027272 -0.035374
v 0.040494 -0.027027 -0.035878
v -0.033456 -0.025811 -0.040579
v -0.036864 -0.025340 -0.049950
v -0.019174 -0.025412 -0.054036
v -0.019780 -0.025779 -0.058080
v -0.040911 -0.025687 -0.066354
v -0.057224 -0.025474 0.044319
v -0.053156 -0.025540 0.044860
v -0.053373 -0.025638 0.040749
v -0.049126 -0.025324 0.036812
v -0.037885 -0.025037 0.029735
v 0.045312 -0.026675 0.029240
v 0.052984 -0.025576 0.028864
v -0.042236 -0.025294 0.025564
v -0.053437 -0.025647 0.020503
v -0.049266 -0.025637 0.021332
v 0.044386 -0.026069 0.020982
v 0.049091 -0.025574 0.020570
v 0.044885 -0.026340 0.016452
v 0.015728 -0.026575 -0.016075
v 0.015806 -0.026786 -0.020210
v 0.019901 -0.026566 -0.020015
v 0.015697 -0.026641 -0.023996
v 0.019726 -0.026925 -0.024096
v 0.023635 -0.026644 -0.023921
v 0.028110 -0.025891 -0.023627
v 0.031458 -0.026467 -0.027953
v 0.044671 -0.026338 -0.028258
v 0.036280 -0.026191 -0.028265
v 0.019666 -0.026147 -0.032682
v 0.040770 -0.025966 -0.027504
v 0.045018 -0.026810 -0.031818
v 0.048867 -0.026301 -0.032310
v 0.023542 -0.025965 -0.036519
v 0.045128 -0.026474 -0.036325
v 0.036555 -0.026031 -0.040230
v 0.040257 -0.025704 -0.040782
v 0.031985 -0.025696 -0.040541
v 0.044323 -0.025318 0.042478
v -0.034349 -0.025485 0.034021
v -0.053384 -0.025422 0.032496
v 0.040790 -0.026010 0.029343
v 0.053039 -0.025423 0.025351
v -0.057105 -0.025425 0.024691
v 0.035924 -0.026021 0.024758
v 0.035866 -0.026133 0.020790
v 0.040228 -0.026517 0.020743
v 0.039761 -0.026404 0.016371
v -0.012301 -0.025430 0.017397
v 0.044535 -0.026498 0.012013
v 0.040120 -0.025802 0.011501
v 0.048955 -0.025932 0.011792
v 0.044043 -0.026098 0.007889
v 0.049433 -0.026236 0.007686
v 0.012217 -0.026106 -0.008031
v 0.012004 -0.026417 -0.012124
v 0.008024 -0.026040 -0.012123
v 0.011703 -0.026444 -0.016143
v 0.011855 -0.026256 -0.020271
v 0.023954 -0.025832 -0.019999
v 0.011744 -0.025818 -0.024273
v 0.015793 -0.026211 -0.027953
v 0.032153 -0.025392 -0.024323
v 0.049442 -0.026298 -0.028059
v 0.048969 -0.025731 -0.036133
v 0.027997 -0.025512 -0.040084
v 0.044748 -0.025548 -0.040075
v -0.037443 -0.025380 -0.053329
v -0.062987 -0.025646 0.047308
v 0.035844 -0.025803 0.028838
v 0.040657 -0.026204 0.025170
v -0.056613 -0.025272 0.021285
v 0.035839 -0.025436 0.016108
v 0.049425 -0.025322 0.015696
v 0.053176 -0.025372 0.007896
v 0.045467 -0.025659 0.004049
v 0.049464 -0.026169 0.003520
v 0.053366 -0.025679 0.003417
v 0.049106 -0.025674 -0.000287
v 0.053429 -0.025946 -0.000491
v 0.007880 -0.026227 -0.004487
v 0.003905 -0.025826 -0.004430
v 0.012058 -0.025737 -0.004039
v 0.003737 -0.025535 -0.008217
v 0.007957 -0.026172 -0.008551
v 0.016278 -0.025956 -0.012021
v 0.052600 -0.025792 -0.012228
v 0.057185 -0.025880 -0.012247
v 0.007853 -0.025649 -0.016251
v 0.052645 -0.025984 -0.016333
v 0.057283 -0.025926 -0.016000
v 0.020319 -0.025759 -0.016132
v 0.053351 -0.026082 -0.020270
v 0.056911 -0.025789 -0.020236
v 0.008170 -0.025307 -0.020314
v 0.027305 -0.025092 -0.020620
v 0.053434 -0.026040 -0.023992
v 0.048990 -0.025897 -0.023930
v 0.012387 -0.025325 -0.028012
v 0.053378 -0.025933 -0.027873
v 0.053571 -0.025550 -0.032325
v 0.016127 -0.025307 -0.032055
v 0.020401 -0.025367 -0.035770
v -0.036697 -0.025089 -0.065443
v -0.043453 -0.025177 0.051133
v 0.052481 -0.025040 0.032365
v -0.056046 -0.025391 0.028233
v 0.052352 -0.025241 0.022094
v 0.040994 -0.025213 0.007688
v 0.008035 -0.025359 0.003519
v 0.004124 -0.025497 0.004329
v 0.000091 -0.025411 0.003931
v 0.007970 -0.025811 -0.000502
v 0.000223 -0.025279 -0.000595
v 0.003927 -0.025771 -0.000439
v 0.056910 -0.025257 0.000170
v 0.011287 -0.025293 -0.000627
v 0.049338 -0.025211 -0.004239
v 0.052884 -0.025764 -0.004421
v 0.057491 -0.025485 -0.004320
v 0.057226 -0.025732 -0.008193
v 0.052951 -0.025719 -0.008269
v 0.016183 -0.025269 -0.008464
v 0.004298 -0.025325 -0.012410
v 0.049475 -0.025458 -0.020355
v 0.057420 -0.025559 -0.024286
v 0.044766 -0.025219 -0.024401
v 0.057137 -0.025403 -0.028019
v -0.035827 -0.025018 -0.044914
v 0.049627 -0.022485 0.043865
v -0.073576 -0.022301 0.040874
v 0.059066 -0.025226 0.041836
v 0.040635 -0.023842 0.041376
v -0.007796 -0.022519 0.036917
v -0.029085 -0.023150 0.036575
v -0.021115 -0.023779 0.035339
v 0.032544 -0.024980 0.029389
v 0.032672 -0.025224 0.025047
v -0.009343 -0.024855 0.025373
v 0.033029 -0.025065 0.020557
v 0.053325 -0.022685 0.020310
v -0.012632 -0.023463 0.015988
v 0.037352 -0.025029 0.012188
v 0.051831 -0.025079 0.011487
v 0.003689 -0.025348 0.007950
v 0.000320 -0.025409 0.007797
v 0.042501 -0.024854 0.004469
v 0.055564 -0.025211 0.003811
v 0.046081 -0.024990 0.000248
v 0.011044 -0.024895 0.002259
v 0.001154 -0.025342 -0.004411
v 0.050310 -0.025157 -0.008385
v 0.060347 -0.025099 -0.008781
v 0.060913 -0.025053 -0.012435
v 0.019392 -0.025134 -0.012824
v 0.050225 -0.025230 -0.012495
v 0.004944 -0.024844 -0.016203
v 0.049528 -0.025072 -0.016811
v 0.061088 -0.025095 -0.016454
v 0.022818 -0.024853 -0.016154
v 0.060876 -0.024914 -0.020150
v 0.046553 -0.024867 -0.021272
v 0.008603 -0.025102 -0.023501
v 0.059782 -0.024991 -0.023786
v 0.037020 -0.025135 -0.025583
v 0.041423 -0.025205 -0.025267
v 0.016928 -0.024671 -0.035050
v 0.052843 -0.024966 -0.035376
v -0.024898 -0.023084 -0.036545
v -0.029765 -0.023653 -0.035759
v 0.024321 -0.025047 -0.039389
v -0.023179 -0.024363 -0.039482
v -0.019410 -0.023051 -0.044226
v -0.040801 -0.024665 -0.058515
v -0.041484 -0.023348 -0.062059
v -0.022766 -0.024716 -0.062827
v -0.025303 -0.022126 0.055113
v -0.021812 -0.023600 0.055283
v -0.033630 -0.022464 0.054365
v -0.020139 -0.022164 0.053925
v -0.037282 -0.022721 0.053148
v -0.041193 -0.022981 0.051705
v -0.045411 -0.021934 0.049790
v -0.015901 -0.022263 0.049306
v -0.069066 -0.022453 0.049504
v -0.013904 -0.023646 0.047912
v -0.065143 -0.022283 0.048615
v -0.061974 -0.022581 0.047530
v -0.075113 -0.023035 0.045488
v -0.012251 -0.022427 0.044935
v -0.057081 -0.022911 0.045810
v -0.053751 -0.022181 0.046269
v 0.053185 -0.022924 0.045061
v 0.056855 -0.022932 0.046129
v 0.058921 -0.025078 0.044017
v 0.061015 -0.023168 0.045081
v 0.044916 -0.022901 0.042411
v 0.060752 -0.022309 0.040842
v -0.009784 -0.022885 0.041524
v 0.036759 -0.023313 0.041193
v -0.065018 -0.022700 0.039611
v -0.062302 -0.023108 0.039347
v 0.034576 -0.024461 0.038185
v 0.057347 -0.022117 0.037022
v 0.054617 -0.023659 0.035461
v -0.053772 -0.023592 0.036624
v -0.032915 -0.022232 0.032734
v 0.054380 -0.023701 0.033442
v -0.057890 -0.023588 0.029634
v -0.041021 -0.022642 0.024118
v -0.017271 -0.023931 0.024579
v -0.007380 -0.023801 0.024684
v -0.045982 -0.024632 0.021936
v -0.044496 -0.024146 0.022703
v -0.016380 -0.022936 0.020374
v -0.010292 -0.024695 0.021233
v -0.058255 -0.024026 0.019688
v -0.048712 -0.023415 0.019413
v -0.052970 -0.022741 0.016693
v -0.014244 -0.024165 0.018804
v 0.031426 -0.023921 0.019964
v 0.034078 -0.025032 0.018163
v -0.003824 -0.024822 0.011539
v 0.000022 -0.024801 0.012259
v 0.003515 -0.024758 0.011173
v -0.003876 -0.024831 0.007650
v 0.038889 -0.024087 0.007507
v 0.007081 -0.024839 0.007796
v -0.003155 -0.024870 0.003522
v 0.016650 -0.023568 -0.004174
v 0.060223 -0.024740 -0.004215
v 0.015087 -0.024976 -0.005234
v 0.001019 -0.025036 -0.007003
v 0.048478 -0.024209 -0.012232
v 0.047637 -0.023937 -0.015932
v 0.024952 -0.023414 -0.015822
v 0.035621 -0.024165 -0.023234
v 0.010885 -0.024412 -0.029188
v 0.056364 -0.024977 -0.031991
v 0.058065 -0.024248 -0.032123
v 0.012912 -0.024555 -0.031087
v 0.019207 -0.024184 -0.037446
v 0.048505 -0.024870 -0.038986
v -0.034601 -0.023819 -0.039171
v 0.032045 -0.022483 -0.044686
v 0.034192 -0.024571 -0.042908
v 0.036082 -0.022590 -0.044833
v 0.040746 -0.024472 -0.043070
v 0.040457 -0.022513 -0.044944
v -0.037603 -0.023174 -0.044427
v -0.019131 -0.022835 -0.049086
v -0.019199 -0.024653 -0.050862
v -0.021455 -0.022763 -0.057071
v -0.041896 -0.023504 -0.057349
v -0.039233 -0.024705 -0.061326
v -0.022102 -0.024010 -0.060076
v -0.025456 -0.022996 -0.064107
v -0.041542 -0.023786 -0.064417
v -0.043196 -0.024652 -0.066719
v -0.041095 -0.022403 -0.068929
v -0.037630 -0.022160 -0.070516
v -0.036252 -0.023681 -0.072075
v -0.034590 -0.023659 -0.072146
v -0.030503 -0.024413 0.055209
v -0.054225 -0.024279 0.034056
v -0.057041 -0.022710 0.032798
v 0.030707 -0.024155 0.025270
v 0.054245 -0.024194 0.024119
v -0.003422 -0.024720 0.014434
v -0.003761 -0.024322 0.016538
v 0.035129 -0.023648 0.011983
v 0.053889 -0.023727 0.012514
v 0.007821 -0.023179 0.011950
v 0.056991 -0.023169 0.008569
v -0.004850 -0.024274 0.003362
v 0.009316 -0.024318 0.006146
v 0.040363 -0.023009 0.003497
v 0.058057 -0.024108 0.004305
v 0.012442 -0.023560 0.003614
v -0.003207 -0.024581 0.000521
v 0.012961 -0.024229 0.000502
v 0.043895 -0.023333 -0.000646
v -0.004304 -0.023764 -0.000864
v 0.061229 -0.023333 0.000260
v -0.000971 -0.024458 -0.004173
v 0.044662 -0.022464 -0.004150
v -0.000920 -0.023740 -0.008429
v 0.048128 -0.024108 -0.007956
v 0.020035 -0.022541 -0.008283
v -0.000349 -0.023257 -0.012402
v 0.020990 -0.023588 -0.011147
v 0.002585 -0.023721 -0.016671
v 0.031698 -0.022532 -0.020116
v 0.062413 -0.024173 -0.024017
v 0.061556 -0.023683 -0.027801
v 0.007819 -0.022931 -0.028302
v 0.020005 -0.022284 -0.040504
v 0.050047 -0.023452 -0.040767
v 0.023763 -0.023382 -0.041446
v -0.037089 -0.023046 -0.040674
v 0.030635 -0.024280 -0.042743
v 0.044650 -0.022584 -0.044224
v -0.041444 -0.023130 -0.052888
v -0.044629 -0.022579 -0.065540
v -0.029608 -0.022569 0.055114
v -0.024728 -0.023952 0.055185
v -0.048778 -0.022038 0.048436
v -0.059402 -0.023927 0.039020
v -0.057133 -0.021979 0.037130
v 0.030775 -0.023979 0.032917
v -0.007249 -0.023068 0.033169
v -0.017816 -0.023797 0.028684
v 0.030543 -0.024139 0.030328
v -0.007246 -0.023622 0.028915
v -0.061037 -0.022353 0.025226
v -0.061119 -0.022393 0.020849
v -0.007698 -0.023943 0.020825
v -0.045200 -0.022169 0.020556
v -0.003899 -0.023995 0.020362
v 0.050456 -0.024081 0.018377
v -0.008803 -0.023931 0.016384
v -0.057238 -0.022883 0.016890
v 0.031984 -0.023027 0.015797
v -0.000119 -0.024153 0.016384
v 0.003691 -0.023667 0.016211
v -0.008157 -0.023801 0.011948
v 0.008799 -0.024111 0.008251
v 0.062372 -0.023682 -0.004079
v 0.046909 -0.023931 -0.004838
v 0.062336 -0.024321 -0.007496
v 0.064860 -0.023254 -0.012202
v 0.064965 -0.023257 -0.016001
v 0.027937 -0.021871 -0.016777
v 0.065018 -0.023111 -0.020130
v 0.003725 -0.023417 -0.020029
v 0.044722 -0.023107 -0.019816
v 0.004138 -0.022091 -0.024215
v 0.040286 -0.023752 -0.023056
v 0.006714 -0.023625 -0.025004
v 0.011639 -0.022869 -0.033098
v 0.015618 -0.022955 -0.036584
v 0.057441 -0.022838 -0.036449
v 0.054182 -0.024154 -0.036975
v -0.033630 -0.023848 -0.035945
v 0.053519 -0.022467 -0.040217
v -0.020445 -0.022161 -0.040435
v -0.020158 -0.022349 -0.053423
v -0.038589 -0.024108 -0.064722
v -0.032415 -0.021924 -0.066647
v -0.033407 -0.022733 -0.069324
v 0.032499 -0.022166 0.040987
v 0.031324 -0.023176 0.037345
v -0.036518 -0.022430 0.028636
v 0.057072 -0.022263 0.028702
v 0.004970 -0.023787 0.013416
v -0.008318 -0.023022 0.007623
v -0.008245 -0.022314 0.003680
v 0.015777 -0.022319 -0.000764
v -0.004438 -0.022646 -0.004483
v 0.065125 -0.022585 -0.007966
v 0.023401 -0.022167 -0.012500
v 0.028493 -0.023451 -0.019113
v -0.033467 -0.021913 -0.033007
v -0.029523 -0.022406 -0.032062
v 0.028243 -0.022052 -0.044367
v 0.027171 -0.023641 -0.042591
v -0.029097 -0.021954 -0.065313
v 0.057223 -0.022068 0.032994
v 0.028443 -0.023009 0.028827
v -0.039089 -0.023731 0.026816
v -0.000185 -0.023359 0.020569
v 0.053296 -0.022706 0.015911
v 0.011752 -0.022241 0.007472
v 0.000015 -0.022116 -0.015793
v 0.065053 -0.022513 -0.024175
v 0.061056 -0.022451 -0.032585
v -0.037206 -0.022228 -0.036177
v 0.046496 -0.023613 -0.042269
v -0.038293 -0.022878 -0.048878
v -0.000048 -0.022586 -0.081673
v 0.003936 -0.022263 -0.081771
v 0.003988 -0.022443 -0.084726
v 0.006799 -0.023197 -0.085497
v -0.017770 -0.022486 0.051938
v -0.073285 -0.021726 0.049217
v -0.059812 -0.021694 0.046735
v 0.047873 -0.022387 0.042857
v -0.068982 -0.021970 0.040340
v -0.060975 -0.021299 0.038446
v -0.026000 -0.022155 0.036630
v -0.020706 -0.022425 0.033108
v 0.027901 -0.021943 0.033304
v -0.018203 -0.023260 0.032543
v -0.020764 -0.022264 0.029229
v -0.004103 -0.021984 0.029560
v -0.020574 -0.021900 0.024849
v 0.056206 -0.021784 0.024983
v -0.038183 -0.021670 0.026012
v 0.027589 -0.021874 0.025397
v -0.003987 -0.023125 0.024840
v 0.028701 -0.021994 0.021011
v 0.004204 -0.021854 0.020544
v 0.029375 -0.021333 0.017135
v -0.049759 -0.021624 0.017380
v -0.016257 -0.021483 0.017034
v 0.007594 -0.021632 0.015860
v -0.012026 -0.022034 0.012081
v 0.032806 -0.021889 0.012103
v 0.056804 -0.021426 0.012250
v 0.036035 -0.022145 0.007810
v 0.061098 -0.022002 0.003866
v 0.041369 -0.021886 0.000128
v -0.007563 -0.021556 -0.000214
v 0.065389 -0.021648 -0.004420
v 0.018788 -0.021463 -0.004479
v -0.003895 -0.021563 -0.008506
v 0.044879 -0.021681 -0.008115
v 0.045217 -0.021841 -0.012247
v 0.044692 -0.022079 -0.016343
v 0.036349 -0.022114 -0.021292
v 0.040810 -0.022136 -0.021238
v 0.012661 -0.021443 -0.036406
v 0.016150 -0.021221 -0.039157
v 0.023922 -0.021558 -0.043486
v 0.048122 -0.021700 -0.043886
v -0.023953 -0.021536 -0.061311
v -0.045295 -0.021472 -0.061863
v -0.030947 -0.022259 0.034763
v 0.000151 -0.021936 0.025292
v 0.064652 -0.021546 -0.028379
v 0.008473 -0.021214 -0.031931
v -0.045239 -0.021641 -0.053472
v 0.000996 -0.021431 -0.083924
v -0.077521 -0.020969 0.048550
v -0.052028 -0.022377 0.047140
v 0.057879 -0.021007 0.047483
v 0.061452 -0.021411 0.047947
v 0.028357 -0.021485 0.036815
v -0.060570 -0.021218 0.029249
v -0.020214 -0.020950 0.020877
v -0.060776 -0.021135 0.017300
v 0.010881 -0.021257 0.011084
v -0.011169 -0.021355 0.007799
v 0.060005 -0.021455 0.007244
v 0.014773 -0.021332 0.003310
v 0.000999 -0.021478 -0.019403
v 0.060698 -0.021175 -0.035765
v -0.021416 -0.021334 -0.036213
v 0.056694 -0.021349 -0.039418
v -0.003800 -0.021639 -0.077646
v -0.000007 -0.021408 -0.078733
v -0.004092 -0.021374 -0.080989
v 0.006050 -0.022065 -0.083178
v -0.024546 -0.021423 0.033316
v 0.064266 -0.021377 -0.000554
v -0.002945 -0.021066 -0.011951
v -0.045609 -0.021314 -0.057176
v -0.041936 -0.021112 0.050926
v 0.036303 -0.021247 0.043966
v 0.040023 -0.021371 0.043793
v -0.000947 -0.021093 0.028918
v 0.002681 -0.021337 0.024043
v 0.067825 -0.021058 -0.012652
v 0.067987 -0.021034 -0.016561
v 0.067813 -0.021037 -0.019936
v -0.024962 -0.021612 -0.031752
v -0.007549 -0.021235 -0.077482
v -0.021536 -0.018702 0.052343
v -0.037416 -0.018397 0.051931
v -0.068826 -0.018132 0.049640
v -0.060815 -0.018303 0.047669
v 0.063764 -0.021067 0.044450
v -0.057962 -0.019117 0.046396
v -0.077131 -0.021032 0.044961
v 0.053450 -0.018545 0.046134
v 0.044087 -0.020927 0.043885
v -0.076251 -0.020719 0.041352
v -0.008234 -0.018817 0.041479
v 0.027785 -0.018744 0.041378
v -0.065173 -0.020526 0.038601
v -0.028820 -0.020812 0.033026
v -0.004668 -0.021059 0.032902
v -0.058592 -0.018331 0.034312
v -0.034402 -0.020750 0.030095
v -0.025063 -0.021241 0.028786
v 0.026211 -0.020808 0.029413
v -0.024362 -0.020878 0.025004
v -0.037385 -0.018964 0.024358
v 0.026589 -0.020325 0.024086
v -0.040847 -0.020058 0.022578
v 0.056641 -0.017923 0.024382
v -0.042017 -0.020564 0.021803
v 0.055001 -0.020501 0.021759
v -0.044867 -0.018613 0.019363
v 0.007245 -0.020556 0.018601
v 0.055026 -0.020864 0.016650
v -0.058118 -0.020366 0.014418
v -0.052718 -0.020285 0.014759
v -0.014773 -0.020863 0.013044
v 0.030220 -0.020665 0.014187
v -0.056164 -0.020521 0.014191
v 0.061263 -0.018865 0.008762
v 0.016345 -0.018547 0.004467
v 0.037834 -0.021075 0.003772
v 0.036043 -0.018438 0.003772
v 0.016914 -0.019917 0.001153
v 0.039658 -0.019627 -0.000596
v -0.007055 -0.020430 -0.003391
v 0.042241 -0.020762 -0.003454
v 0.020559 -0.018962 -0.004053
v 0.022712 -0.020544 -0.009234
v 0.025396 -0.019331 -0.011277
v 0.042325 -0.020526 -0.017437
v 0.034352 -0.020324 -0.019274
v -0.000958 -0.018768 -0.020256
v 0.068920 -0.018609 -0.024377
v 0.004981 -0.020545 -0.028088
v 0.066193 -0.019797 -0.029383
v -0.029146 -0.021003 -0.028198
v -0.025599 -0.021049 -0.028375
v 0.063729 -0.020908 -0.031433
v -0.036485 -0.020637 -0.034499
v -0.039983 -0.021307 -0.037405
v -0.040476 -0.021077 -0.040244
v 0.057684 -0.018578 -0.041418
v 0.019854 -0.018051 -0.044228
v 0.050867 -0.021188 -0.043187
v -0.040777 -0.021116 -0.045132
v -0.018334 -0.020642 -0.044869
v -0.018609 -0.020666 -0.048635
v -0.041188 -0.020975 -0.049760
v -0.019040 -0.019395 -0.053733
v -0.048097 -0.020531 -0.053962
v -0.020060 -0.018666 -0.057016
v -0.045467 -0.019395 -0.066291
v -0.033429 -0.019512 -0.067128
v -0.004136 -0.017942 -0.076554
v 0.064397 -0.020690 0.048107
v -0.012222 -0.018881 0.045300
v 0.032447 -0.020527 0.044006
v 0.029946 -0.020991 0.040742
v 0.026839 -0.019809 0.037422
v -0.060611 -0.018195 0.032111
v -0.053253 -0.018346 0.013535
v -0.017604 -0.019889 0.015494
v 0.030989 -0.018348 0.011041
v -0.013104 -0.019298 0.007589
v -0.012012 -0.018266 0.003457
v 0.064629 -0.018307 0.003697
v 0.066201 -0.019155 -0.000814
v -0.008590 -0.017977 -0.004494
v 0.067541 -0.020850 -0.009399
v 0.031710 -0.018282 -0.016434
v 0.039610 -0.019781 -0.019141
v 0.003738 -0.018766 -0.028575
v -0.021658 -0.020877 -0.032093
v -0.018459 -0.020592 -0.041103
v 0.015718 -0.018337 -0.041577
v 0.052958 -0.018455 -0.044403
v 0.049607 -0.018830 -0.045636
v 0.030916 -0.020279 -0.046410
v 0.041685 -0.020175 -0.046601
v -0.006845 -0.020640 -0.080299
v -0.028521 -0.018442 0.054091
v -0.041337 -0.018268 0.050233
v -0.016857 -0.018224 0.049280
v -0.079963 -0.019732 0.049879
v -0.077759 -0.018879 0.045150
v 0.064538 -0.018013 0.042094
v -0.068726 -0.017823 0.040271
v -0.028555 -0.020659 0.030058
v 0.000866 -0.019660 0.029570
v 0.004416 -0.019449 0.025283
v 0.032897 -0.018217 0.008076
v -0.009496 -0.019137 -0.000828
v 0.027848 -0.018039 -0.013177
v -0.002224 -0.020215 -0.015170
v 0.043053 -0.020288 -0.015226
v 0.035979 -0.019295 -0.018892
v 0.000516 -0.018152 -0.023702
v -0.045588 -0.019157 -0.049161
v -0.010672 -0.020611 -0.076353
v -0.001239 -0.018880 -0.077953
v -0.032877 -0.018167 0.053170
v 0.061003 -0.018374 0.049880
v 0.065282 -0.019358 0.049271
v -0.051328 -0.020277 0.047174
v 0.035733 -0.020114 0.045912
v 0.040994 -0.019649 0.046112
v 0.031499 -0.019285 0.045043
v -0.073647 -0.018217 0.039994
v -0.007052 -0.020101 0.038255
v 0.061298 -0.018386 0.037196
v -0.004164 -0.018664 0.037290
v -0.003126 -0.020018 0.033836
v 0.060588 -0.018497 0.032957
v -0.033495 -0.019930 0.028088
v -0.000177 -0.018214 0.033139
v -0.030246 -0.020136 0.028514
v -0.028663 -0.019152 0.024356
v -0.025472 -0.019852 0.023413
v -0.064500 -0.018142 0.021658
v -0.041491 -0.017856 0.021208
v -0.021447 -0.019861 0.019700
v 0.027091 -0.019213 0.019621
v -0.063461 -0.019824 0.019601
v 0.008416 -0.018275 0.021019
v 0.008933 -0.019761 0.017059
v -0.049864 -0.018342 0.015619
v 0.056690 -0.018346 0.016378
v -0.062178 -0.018577 0.015760
v 0.012374 -0.018841 0.012513
v -0.014301 -0.019955 0.010371
v 0.034887 -0.020080 0.006753
v 0.015164 -0.018011 0.007910
v -0.010127 -0.020284 0.002407
v 0.019248 -0.017902 -0.000430
v 0.040397 -0.018022 -0.003927
v 0.042933 -0.019281 -0.008254
v 0.069345 -0.018025 -0.007946
v -0.006025 -0.019076 -0.008654
v -0.004787 -0.018455 -0.012329
v -0.030558 -0.020407 -0.025168
v -0.033601 -0.019766 -0.023951
v -0.029282 -0.020162 -0.023677
v -0.020420 -0.019298 -0.027985
v -0.022695 -0.020557 -0.029093
v -0.033526 -0.020037 -0.028027
v 0.007348 -0.019358 -0.032909
v 0.065281 -0.018556 -0.033223
v -0.018836 -0.020067 -0.035940
v -0.041951 -0.020051 -0.035463
v 0.011638 -0.019296 -0.037751
v -0.042474 -0.020108 -0.039958
v 0.061595 -0.019150 -0.037292
v 0.019107 -0.020049 -0.042481
v 0.054461 -0.019890 -0.042477
v -0.042434 -0.020018 -0.042829
v 0.023515 -0.018611 -0.045545
v 0.027308 -0.019282 -0.046279
v 0.045318 -0.019912 -0.046200
v -0.049821 -0.019032 -0.052789
v -0.049104 -0.019313 -0.057588
v -0.049213 -0.019441 -0.061476
v -0.037255 -0.018748 -0.068787
v -0.008038 -0.018594 -0.074435
v -0.012256 -0.018895 -0.073643
v -0.012502 -0.019153 -0.078109
v -0.008566 -0.018315 -0.080264
v 0.000073 -0.018832 -0.081485
v 0.002841 -0.019706 -0.082440
v -0.024724 -0.018151 0.053411
v -0.062420 -0.018302 0.028929
v 0.003557 -0.018183 0.028541
v 0.067975 -0.018415 -0.004234
v 0.022036 -0.019814 -0.007285
v 0.024365 -0.017865 -0.008567
v -0.024988 -0.019820 -0.024080
v -0.034544 -0.019838 -0.031062
v -0.019116 -0.019882 -0.032291
v -0.045544 -0.019009 -0.045050
v -0.077328 -0.018419 0.048450
v -0.073352 -0.017575 0.049446
v -0.045170 -0.017689 0.048571
v -0.065011 -0.018025 0.048919
v 0.057088 -0.017650 0.048178
v -0.049242 -0.018797 0.047398
v 0.036029 -0.018269 0.048699
v 0.055509 -0.019331 0.046854
v 0.066004 -0.018578 0.044635
v -0.053375 -0.017447 0.045766
v 0.045027 -0.019114 0.045910
v -0.076238 -0.018656 0.041967
v 0.062053 -0.018331 0.039767
v -0.065736 -0.018257 0.039574
v -0.064354 -0.019250 0.038679
v -0.061329 -0.018988 0.038653
v -0.057401 -0.018115 0.036532
v 0.025206 -0.017770 0.036821
v 0.024948 -0.018324 0.028990
v 0.058866 -0.018489 0.028147
v -0.063337 -0.019647 0.024704
v 0.006821 -0.017799 0.024582
v 0.055322 -0.017823 0.020052
v -0.064271 -0.017154 0.017717
v -0.020358 -0.018178 0.016336
v 0.011775 -0.017570 0.016074
v -0.060754 -0.017247 0.013637
v -0.017201 -0.018178 0.012418
v 0.058181 -0.019011 0.013479
v 0.029279 -0.017759 0.013103
v 0.059885 -0.017565 0.011993
v -0.015158 -0.017735 0.008526
v 0.062932 -0.019045 0.006048
v 0.037932 -0.017769 0.000385
v -0.007351 -0.017528 -0.007898
v 0.043198 -0.019242 -0.012211
v 0.070221 -0.018032 -0.012250
v 0.042242 -0.017162 -0.012378
v -0.003719 -0.017555 -0.015879
v 0.040672 -0.018180 -0.016738
v 0.070054 -0.018420 -0.015793
v 0.069891 -0.018138 -0.020525
v -0.029034 -0.019458 -0.020106
v 0.002021 -0.019507 -0.024710
v 0.068275 -0.017717 -0.028431
v -0.037067 -0.018850 -0.032358
v -0.040962 -0.017590 -0.032628
v -0.045227 -0.019015 -0.036383
v -0.016511 -0.018925 -0.040263
v -0.044607 -0.019129 -0.040449
v 0.060444 -0.017365 -0.040269
v 0.012255 -0.017544 -0.039957
v 0.056489 -0.017370 -0.043287
v -0.016257 -0.018825 -0.044722
v 0.028438 -0.017516 -0.047380
v 0.031696 -0.017839 -0.047872
v 0.035617 -0.017943 -0.048052
v -0.016440 -0.018371 -0.049579
v -0.016439 -0.017506 -0.053283
v -0.021649 -0.017504 -0.060591
v -0.023788 -0.018488 -0.061987
v -0.025589 -0.017453 -0.064588
v -0.049172 -0.018153 -0.065061
v -0.029016 -0.018152 -0.066192
v -0.033833 -0.018272 -0.067630
v -0.041565 -0.017464 -0.068434
v -0.010880 -0.018317 -0.079698
v -0.003866 -0.017659 -0.081255
v -0.019590 -0.018491 0.050190
v 0.040443 -0.017903 0.048984
v 0.049715 -0.018124 0.046071
v 0.029065 -0.017560 0.044791
v 0.024516 -0.017528 0.033080
v 0.059536 -0.017198 0.029387
v -0.033233 -0.018713 0.024782
v 0.025415 -0.018245 0.025165
v -0.064235 -0.017665 0.024937
v -0.024703 -0.018026 0.020256
v 0.025660 -0.017500 0.021890
v 0.027765 -0.017904 0.016087
v 0.022598 -0.017363 -0.005462
v 0.041761 -0.017487 -0.007503
v 0.029423 -0.019199 -0.015329
v -0.033252 -0.019411 -0.020448
v -0.024578 -0.018114 -0.020508
v -0.037290 -0.018825 -0.024193
v -0.020811 -0.017717 -0.024375
v -0.037009 -0.018701 -0.027815
v -0.016847 -0.018365 -0.032139
v 0.064356 -0.017339 -0.036085
v -0.045172 -0.017591 -0.033667
v 0.008187 -0.017556 -0.035814
v -0.016072 -0.018257 -0.036366
v 0.040249 -0.018058 -0.048104
v -0.053261 -0.018058 -0.053215
v -0.016395 -0.018536 -0.073275
v -0.016169 -0.017631 -0.077716
v -0.046129 -0.017380 0.018320
v 0.013863 -0.019118 0.009050
v -0.011019 -0.017210 -0.000230
v -0.033507 -0.018669 -0.016282
v -0.037329 -0.018272 -0.016153
v -0.037399 -0.018767 -0.020248
v 0.045124 -0.017880 -0.047606
v 0.068255 -0.017622 0.048915
v 0.032244 -0.017096 0.048341
v 0.044738 -0.017571 0.048302
v -0.050090 -0.017437 0.046592
v -0.061963 -0.017487 0.039358
v -0.057902 -0.017683 0.012822
v 0.067601 -0.017212 -0.000919
v -0.029383 -0.017966 -0.015889
v 0.035995 -0.017256 -0.017339
v -0.026151 -0.017027 -0.016650
v 0.004809 -0.017129 -0.032024
v -0.048900 -0.017192 -0.044597
v -0.049477 -0.017237 -0.049311
v -0.053155 -0.017368 -0.061871
v -0.040632 -0.017402 -0.024255
v -0.020620 -0.017528 -0.073729
v -0.038856 -0.017736 0.050725
v 0.065244 -0.017034 0.051820
v -0.013420 -0.016965 0.048378
v 0.048305 -0.016992 0.047623
v 0.067899 -0.017142 0.045839
v -0.004900 -0.017387 0.040050
v -0.000829 -0.017121 0.035517
v -0.023108 -0.017017 0.017743
v -0.033771 -0.017482 -0.012014
v -0.041565 -0.017465 -0.015805
v -0.041297 -0.017457 -0.020093
v 0.001714 -0.017729 -0.026696
v -0.016922 -0.017017 -0.028359
v -0.048767 -0.017264 -0.036164
v -0.053315 -0.016565 -0.050653
v -0.053201 -0.017308 -0.057000
v -0.044959 -0.016980 -0.068207
v -0.019600 -0.017260 -0.076536
v 0.068123 -0.016712 0.051986
v 0.062392 -0.016628 0.051351
v -0.009274 -0.017307 0.044254
v -0.029810 -0.016762 0.021881
v 0.010762 -0.016735 0.019375
v -0.037281 -0.017553 -0.011745
v -0.029943 -0.017087 -0.013195
v -0.041098 -0.017102 -0.012659
v -0.022339 -0.017037 -0.021012
v -0.040070 -0.016965 -0.028429
v -0.013084 -0.016671 -0.032306
v -0.047978 -0.016501 -0.033254
v -0.048342 -0.017241 -0.040861
v 0.016913 -0.017057 -0.043380
v -0.012412 -0.017238 -0.044561
v 0.052985 -0.015899 -0.046177
v 0.047705 -0.017182 -0.047494
v -0.012342 -0.017019 -0.049294
v -0.017660 -0.016996 -0.056144
v -0.020766 -0.016711 -0.070580
v -0.029214 -0.013909 0.054060
v -0.074867 -0.016629 0.045229
v 0.025518 -0.016756 0.040270
v 0.002847 -0.016497 0.032073
v 0.023795 -0.014122 0.025166
v 0.008992 -0.014465 0.025141
v -0.037231 -0.016908 0.022145
v -0.033621 -0.016506 0.022375
v 0.026206 -0.016517 0.018403
v -0.022293 -0.015240 0.015788
v -0.019685 -0.016883 0.014035
v -0.014098 -0.015284 0.003615
v 0.033724 -0.014106 0.004343
v -0.006715 -0.016344 -0.011037
v -0.002919 -0.016431 -0.019157
v -0.003982 -0.014246 -0.020404
v -0.018293 -0.016984 -0.026287
v 0.068115 -0.016477 -0.030996
v -0.013587 -0.016959 -0.036403
v -0.012566 -0.017006 -0.040365
v -0.010453 -0.016887 -0.044872
v -0.010296 -0.016951 -0.047326
v -0.009624 -0.016205 -0.045797
v -0.056147 -0.016683 -0.052069
v -0.049340 -0.016768 -0.068020
v -0.015794 -0.016393 -0.070905
v -0.012523 -0.014215 -0.072972
v -0.024064 -0.016705 -0.073439
v -0.007590 -0.015449 -0.079941
v 0.069418 -0.014441 0.053274
v -0.020981 -0.014146 0.053917
v 0.070317 -0.015687 0.048745
v -0.041727 -0.015679 0.050437
v 0.057347 -0.014089 0.049291
v -0.065825 -0.014144 0.049387
v -0.073690 -0.014198 0.048940
v -0.061356 -0.014097 0.048316
v 0.046414 -0.015614 0.050353
v -0.048691 -0.014397 0.048948
v 0.050129 -0.015088 0.049098
v 0.053008 -0.014182 0.049004
v -0.056899 -0.015316 0.046446
v -0.048917 -0.016235 0.046849
v -0.007944 -0.015480 0.045451
v 0.027514 -0.014939 0.045557
v -0.003474 -0.014853 0.041567
v 0.065688 -0.014638 0.040544
v -0.065341 -0.014121 0.040047
v -0.061158 -0.014035 0.037038
v -0.058206 -0.015546 0.036773
v -0.061512 -0.014821 0.032905
v -0.063636 -0.016369 0.028184
v 0.007122 -0.014136 0.028529
v -0.065565 -0.014286 0.025682
v 0.055748 -0.014137 0.020849
v -0.024892 -0.014217 0.017195
v -0.044714 -0.016049 0.018912
v -0.048425 -0.015516 0.015666
v 0.057900 -0.014553 0.016632
v -0.053524 -0.015068 0.011361
v 0.028481 -0.013891 0.012115
v 0.014765 -0.016804 0.010879
v 0.062140 -0.016075 0.010088
v -0.017430 -0.013836 0.007959
v 0.031670 -0.014238 0.007625
v 0.063638 -0.016505 0.007078
v 0.033869 -0.016724 0.005567
v -0.012899 -0.014207 -0.000142
v 0.068649 -0.014121 -0.000421
v 0.070063 -0.014365 -0.004491
v -0.009160 -0.014350 -0.008202
v -0.041040 -0.016591 -0.008566
v -0.034707 -0.016672 -0.009264
v -0.037836 -0.016717 -0.008753
v -0.028672 -0.015329 -0.011671
v 0.072271 -0.014063 -0.012398
v 0.072535 -0.014322 -0.016526
v -0.044347 -0.016606 -0.016335
v 0.036511 -0.014547 -0.016360
v 0.072650 -0.014094 -0.020503
v -0.022734 -0.016284 -0.019513
v -0.020183 -0.014480 -0.019819
v -0.042342 -0.016260 -0.024805
v -0.001215 -0.015246 -0.024590
v 0.070243 -0.015450 -0.027963
v -0.014939 -0.015997 -0.028114
v -0.049745 -0.014583 -0.032775
v 0.007701 -0.015770 -0.037255
v 0.011708 -0.015586 -0.041233
v 0.015676 -0.014535 -0.045390
v 0.056973 -0.014767 -0.045496
v 0.020132 -0.015458 -0.046571
v 0.049446 -0.015002 -0.049028
v 0.024173 -0.016541 -0.047180
v 0.027812 -0.015444 -0.049518
v 0.045258 -0.015685 -0.049533
v -0.012702 -0.016890 -0.053001
v -0.052402 -0.016489 -0.065554
v -0.030357 -0.016717 -0.067723
v -0.033556 -0.015309 -0.069673
v -0.037527 -0.014385 -0.069993
v -0.009074 -0.015169 -0.074202
v -0.024928 -0.014575 -0.077003
v -0.011731 -0.013944 -0.078404
v -0.010958 -0.015493 -0.079694
v 0.036121 -0.014121 0.052713
v 0.040622 -0.014593 0.053153
v 0.064580 -0.014005 0.036797
v 0.003932 -0.013993 0.033281
v 0.005074 -0.015569 0.030102
v -0.065808 -0.014950 0.020174
v -0.028760 -0.014487 0.019991
v -0.025804 -0.016124 0.019038
v -0.019998 -0.014076 0.012245
v 0.019109 -0.014417 0.003414
v 0.020741 -0.014025 0.000042
v 0.039110 -0.014432 -0.004518
v 0.021987 -0.014870 -0.002958
v -0.036122 -0.016230 -0.007368
v -0.044427 -0.016415 -0.012286
v -0.045386 -0.015549 -0.020148
v -0.019385 -0.015983 -0.023406
v -0.010376 -0.015041 -0.039630
v 0.032826 -0.015451 -0.050003
v 0.035881 -0.015954 -0.049454
v -0.057974 -0.015517 -0.053103
v -0.012286 -0.014391 -0.053096
v -0.015260 -0.014846 -0.057650
v -0.057389 -0.014268 -0.061783
v -0.024652 -0.016433 -0.070486
v -0.016696 -0.014071 0.052973
v 0.034947 -0.015902 0.051074
v -0.012350 -0.015207 0.049708
v 0.069284 -0.014196 0.044747
v -0.072720 -0.014006 0.041641
v -0.069524 -0.013792 0.040808
v -0.061972 -0.014803 0.039099
v 0.061614 -0.013815 0.032757
v 0.055980 -0.013856 0.024673
v 0.011513 -0.014104 0.020758
v -0.037535 -0.014146 0.020195
v 0.024641 -0.013627 0.020581
v -0.045162 -0.014429 0.017036
v 0.026903 -0.014315 0.015153
v 0.015554 -0.013976 0.012118
v -0.057237 -0.015061 0.010995
v 0.017048 -0.014303 0.008295
v 0.065940 -0.014197 0.004619
v 0.036724 -0.014137 -0.000023
v -0.045538 -0.015832 -0.008016
v -0.033267 -0.015503 -0.007880
v -0.005992 -0.015756 -0.013143
v -0.046205 -0.015920 -0.012361
v -0.046346 -0.015839 -0.016697
v 0.039491 -0.014219 -0.015216
v -0.005383 -0.014509 -0.016457
v -0.024171 -0.014688 -0.015850
v 0.072411 -0.013937 -0.024030
v -0.042286 -0.015398 -0.027979
v -0.000101 -0.014631 -0.027953
v -0.012099 -0.014327 -0.028051
v 0.069194 -0.014241 -0.032600
v 0.065492 -0.014999 -0.037132
v -0.050540 -0.015830 -0.039686
v 0.061468 -0.015091 -0.041619
v -0.053191 -0.014260 -0.043923
v -0.053388 -0.013915 -0.048277
v -0.057355 -0.014464 -0.057646
v -0.019803 -0.015281 -0.061946
v -0.054590 -0.014363 -0.065825
v -0.024444 -0.014986 -0.065870
v -0.029282 -0.015594 -0.069646
v -0.021172 -0.014180 -0.068753
v -0.025496 -0.015596 -0.068768
v -0.026453 -0.016191 -0.073960
v -0.005578 -0.015550 -0.077257
v 0.045153 -0.013962 0.052889
v -0.045071 -0.015190 0.049922
v 0.000374 -0.014647 0.037315
v 0.023224 -0.014428 0.033106
v -0.061775 -0.014581 0.012153
v -0.018011 -0.015726 0.010880
v -0.041407 -0.015659 -0.003892
v -0.037015 -0.014684 -0.004003
v -0.042622 -0.016207 -0.006708
v 0.040567 -0.013883 -0.008159
v -0.030920 -0.015740 -0.010167
v 0.040993 -0.013949 -0.012492
v -0.045533 -0.014145 -0.023913
v -0.016362 -0.015126 -0.024299
v -0.011128 -0.014375 -0.032138
v -0.053311 -0.014423 -0.032205
v -0.053030 -0.015095 -0.035889
v -0.045047 -0.015614 -0.034281
v -0.042047 -0.014212 -0.032454
v -0.011273 -0.014452 -0.035817
v 0.003853 -0.014114 -0.035669
v 0.023678 -0.015021 -0.049399
v 0.040660 -0.015094 -0.050629
v -0.016585 -0.013864 -0.061238
v -0.057265 -0.014226 -0.065181
v -0.052906 -0.013991 -0.068304
v -0.029071 -0.015485 -0.074215
v -0.021215 -0.014052 -0.077543
v -0.037302 -0.013873 0.053234
v -0.041336 -0.013757 0.052489
v 0.023284 -0.014160 0.029266
v -0.041579 -0.014473 0.019200
v -0.045179 -0.015507 -0.004238
v -0.048785 -0.015130 -0.012380
v -0.049267 -0.014491 -0.016159
v 0.003085 -0.014690 -0.032938
v -0.042553 -0.013502 -0.034967
v -0.049235 -0.013558 -0.048490
v 0.040010 -0.013597 -0.053231
v 0.031777 -0.014046 -0.053098
v -0.013552 -0.014664 -0.057350
v -0.014493 -0.015632 -0.059844
v -0.017101 -0.013712 -0.070458
v -0.025175 -0.013713 0.054427
v -0.033191 -0.014092 0.053463
v 0.065173 -0.013943 0.053040
v 0.061601 -0.013497 0.051698
v 0.073045 -0.013138 0.052869
v 0.031413 -0.014054 0.050364
v 0.072586 -0.013248 0.049307
v 0.059739 -0.013713 0.050606
v -0.069293 -0.013027 0.049684
v -0.008966 -0.013327 0.048755
v 0.028765 -0.013372 0.048382
v -0.075024 -0.013725 0.044859
v -0.052751 -0.014837 0.046211
v -0.005125 -0.013394 0.044832
v 0.025638 -0.013473 0.044204
v 0.024306 -0.013674 0.041207
v -0.000702 -0.012974 0.040358
v 0.023354 -0.013997 0.037166
v 0.059561 -0.013686 0.029997
v -0.065270 -0.013679 0.029163
v 0.057874 -0.013807 0.027684
v -0.032707 -0.013621 0.020245
v 0.025699 -0.013263 0.016972
v 0.013463 -0.013485 0.017358
v -0.065192 -0.014016 0.015801
v -0.049429 -0.014344 0.011980
v 0.059121 -0.013496 0.015105
v 0.061126 -0.013507 0.012206
v 0.030192 -0.014502 0.009829
v 0.064096 -0.013467 0.008018
v -0.015366 -0.013410 0.004264
v 0.017846 -0.014525 0.005959
v 0.034744 -0.013499 0.002655
v 0.067383 -0.013622 0.002299
v -0.045479 -0.014801 -0.000023
v -0.040862 -0.014107 -0.000027
v -0.049582 -0.014575 0.000097
v -0.011708 -0.013250 -0.003871
v -0.049637 -0.014792 -0.004243
v 0.023181 -0.013378 -0.004467
v -0.010250 -0.014536 -0.005547
v -0.033243 -0.013211 -0.004628
v 0.024814 -0.014280 -0.007362
v -0.048861 -0.015186 -0.008036
v -0.029686 -0.013453 -0.008336
v 0.026513 -0.014609 -0.009635
v -0.007892 -0.013535 -0.012252
v 0.028273 -0.013770 -0.011878
v -0.025646 -0.013427 -0.012687
v 0.030438 -0.013761 -0.013763
v 0.032720 -0.013584 -0.015018
v -0.021331 -0.013146 -0.016711
v -0.003472 -0.013431 -0.024162
v -0.044284 -0.013532 -0.027638
v -0.044924 -0.013499 -0.035969
v 0.007651 -0.014180 -0.040551
v 0.064245 -0.013809 -0.040441
v -0.053752 -0.014073 -0.040139
v 0.012118 -0.013942 -0.045099
v 0.060656 -0.013599 -0.043881
v -0.011577 -0.013378 -0.044558
v -0.049578 -0.013342 -0.046036
v 0.053459 -0.014358 -0.048552
v 0.020254 -0.013944 -0.049085
v -0.047087 -0.014884 -0.047725
v -0.011955 -0.013644 -0.048353
v -0.057195 -0.014020 -0.049017
v 0.036399 -0.013735 -0.052641
v 0.044754 -0.013766 -0.052236
v -0.060913 -0.013279 -0.049938
v -0.061161 -0.013438 -0.052897
v -0.021322 -0.013658 -0.064626
v -0.049139 -0.013745 -0.069675
v -0.045476 -0.013797 -0.069785
v -0.028755 -0.014495 -0.077814
v -0.008531 -0.014051 -0.077243
v -0.016194 -0.013739 -0.078339
v 0.032735 -0.013413 0.051653
v -0.077065 -0.013175 0.048646
v 0.070962 -0.014561 -0.007613
v 0.071639 -0.013398 -0.008590
v -0.048878 -0.013389 -0.020119
v -0.012804 -0.013308 -0.024002
v 0.000108 -0.013548 -0.032029
v 0.004431 -0.013082 -0.040552
v -0.060108 -0.013453 -0.062890
v -0.060899 -0.012914 -0.064791
v -0.041549 -0.013851 -0.069910
v -0.033292 -0.013951 -0.073797
v -0.032853 -0.013392 -0.077264
v -0.024801 -0.014005 -0.085569
v -0.024767 -0.013457 -0.088114
v -0.057570 -0.013073 0.047488
v 0.002485 -0.013421 0.035717
v -0.057141 -0.014390 0.007713
v -0.053555 -0.014420 0.007765
v -0.053584 -0.014233 -0.000048
v -0.037327 -0.013076 -0.000454
v -0.053788 -0.014034 -0.004579
v -0.053621 -0.013756 -0.008514
v -0.016061 -0.013301 -0.020133
v -0.056798 -0.013126 -0.032125
v -0.056825 -0.013303 -0.035775
v 0.016503 -0.013010 -0.049014
v 0.023694 -0.012956 -0.052090
v -0.029089 -0.014239 -0.081152
v -0.026184 -0.013018 -0.082019
v -0.029283 -0.013370 -0.085180
v 0.048672 -0.013233 0.052080
v -0.045291 -0.013438 0.051704
v -0.013143 -0.013307 0.052027
v -0.053117 -0.013255 0.048322
v 0.067831 -0.012888 0.041699
v 0.010293 -0.013133 0.023820
v -0.061339 -0.013590 0.007612
v -0.048863 -0.013887 0.007764
v -0.057614 -0.013729 0.003249
v -0.049107 -0.014205 0.003778
v -0.053140 -0.014312 0.003783
v -0.045223 -0.013751 0.004299
v -0.053133 -0.013305 -0.012325
v 0.071961 -0.013445 -0.027786
v 0.027669 -0.013312 -0.052568
v 0.049257 -0.012934 -0.052290
v -0.064648 -0.013272 0.032161
v 0.014576 -0.012925 0.015600
v -0.045723 -0.013042 0.012485
v -0.041846 -0.013293 0.003062
v -0.057030 -0.013547 -0.000455
v -0.056892 -0.013168 -0.004152
v -0.052333 -0.012897 -0.015608
v -0.013785 -0.013281 -0.021937
v 0.068636 -0.013038 -0.035740
v -0.055978 -0.013345 -0.040942
v 0.008393 -0.013036 -0.044010
v -0.076877 -0.012520 0.046207
v 0.071739 -0.012444 0.046172
v -0.068100 -0.012559 0.025171
v -0.068179 -0.012858 0.020359
v -0.041910 -0.012859 0.017571
v -0.026920 -0.012692 0.017881
v -0.022880 -0.012613 0.014258
v -0.065238 -0.012919 0.012319
v -0.045281 -0.012819 0.007635
v -0.060948 -0.013026 0.003870
v 0.018519 -0.012565 0.006317
v 0.037718 -0.012542 -0.002988
v -0.056325 -0.012886 -0.008143
v -0.010524 -0.012491 -0.007274
v -0.006998 -0.012534 -0.016300
v -0.016661 -0.012446 -0.017395
v -0.048755 -0.010349 -0.023797
v -0.003429 -0.012519 -0.027663
v 0.072136 -0.012554 -0.031064
v -0.011258 -0.012990 -0.040000
v 0.068253 -0.012486 -0.038949
v -0.056373 -0.012652 -0.042886
v 0.064179 -0.012960 -0.043034
v 0.060300 -0.012619 -0.047591
v 0.011401 -0.012890 -0.047603
v 0.056853 -0.012990 -0.048803
v 0.053608 -0.012599 -0.051061
v -0.064323 -0.012588 -0.052035
v 0.039995 -0.011539 -0.052882
v 0.032175 -0.011679 -0.052388
v -0.059553 -0.012492 -0.056074
v -0.014836 -0.012945 -0.072000
v -0.035764 -0.012758 -0.072554
v -0.031962 -0.012977 -0.081304
v -0.048372 -0.012310 0.051526
v -0.068073 -0.012419 0.016389
v -0.064322 -0.012495 0.007610
v -0.040312 -0.011666 0.004861
v -0.060054 -0.012817 -0.000304
v -0.048762 -0.012469 -0.035598
v 0.000071 -0.012696 -0.035261
v 0.065742 -0.010441 -0.041310
v -0.014714 -0.012417 -0.054809
v -0.011693 -0.010310 0.052944
v 0.023255 -0.010218 0.041239
v -0.063933 -0.012482 0.036308
v 0.008748 -0.010509 0.028630
v -0.019448 -0.012586 0.010002
v -0.037394 -0.010362 0.003672
v 0.026518 -0.010288 -0.009695
v 0.028053 -0.009933 -0.011780
v -0.017110 -0.010074 -0.016520
v 0.074823 -0.011930 -0.023725
v -0.062605 -0.010251 -0.065767
v -0.016695 -0.011153 -0.073339
v -0.024720 -0.010104 0.054743
v -0.021047 -0.009858 0.054812
v 0.041454 -0.012101 0.055029
v 0.049445 -0.011286 0.053679
v -0.045305 -0.010378 0.053674
v 0.036028 -0.010461 0.054399
v 0.031957 -0.009688 0.052830
v 0.052942 -0.009938 0.053065
v -0.065515 -0.011584 0.037247
v -0.066730 -0.012063 0.033079
v 0.007060 -0.009798 0.032220
v -0.069946 -0.010690 0.028741
v 0.056931 -0.010089 0.028888
v -0.070182 -0.011147 0.020748
v -0.030365 -0.011483 0.018919
v -0.069531 -0.010318 0.012269
v -0.025309 -0.010126 0.015547
v -0.044168 -0.012109 0.012454
v -0.066040 -0.011694 0.008053
v -0.041315 -0.010835 0.008288
v 0.031265 -0.010642 0.006864
v -0.065623 -0.010924 0.003522
v 0.019942 -0.010057 0.003832
v 0.035635 -0.010317 -0.000012
v -0.062433 -0.011764 -0.000331
v -0.033359 -0.009923 -0.000666
v -0.061679 -0.011065 -0.004177
v 0.071322 -0.012237 -0.005828
v -0.058092 -0.011643 -0.008735
v -0.009952 -0.011992 -0.009378
v -0.027553 -0.011034 -0.007810
v -0.057632 -0.010340 -0.012139
v -0.024125 -0.011565 -0.011846
v -0.053937 -0.010647 -0.016730
v 0.074307 -0.011486 -0.015727
v -0.008307 -0.010345 -0.020228
v -0.050675 -0.010763 -0.021008
v 0.074225 -0.011779 -0.028470
v -0.002721 -0.011276 -0.031052
v -0.053598 -0.011633 -0.033589
v -0.000991 -0.009996 -0.032684
v -0.061444 -0.010285 -0.032655
v -0.013320 -0.010230 -0.031959
v -0.012693 -0.010409 -0.035836
v 0.000112 -0.011240 -0.035799
v -0.057193 -0.010250 -0.036748
v -0.058471 -0.011428 -0.041181
v 0.065124 -0.010325 -0.043562
v 0.061347 -0.009880 -0.044947
v -0.057135 -0.010514 -0.048281
v -0.061268 -0.010291 -0.048326
v -0.014263 -0.010462 -0.049366
v -0.065777 -0.011340 -0.053467
v 0.027718 -0.011802 -0.051313
v -0.014321 -0.012145 -0.053093
v -0.016920 -0.010162 -0.057808
v -0.057091 -0.010514 -0.068192
v -0.013635 -0.011945 -0.076571
v -0.025566 -0.011203 -0.085656
v -0.049150 -0.010270 0.052872
v 0.058966 -0.012097 0.029867
v -0.070540 -0.010915 0.024540
v -0.041119 -0.011248 0.015949
v 0.015037 -0.009901 0.016562
v 0.017978 -0.010710 0.008826
v 0.067842 -0.010130 0.003318
v 0.025122 -0.009881 -0.007783
v -0.019199 -0.011767 -0.015470
v 0.081071 -0.011519 -0.016261
v 0.080449 -0.011749 -0.020751
v 0.082372 -0.012281 -0.019516
v 0.085311 -0.011824 -0.020038
v 0.085595 -0.011773 -0.024221
v 0.080809 -0.011567 -0.024257
v -0.005839 -0.010304 -0.024717
v -0.004368 -0.009956 -0.028141
v -0.043769 -0.010003 -0.031908
v -0.049366 -0.010148 -0.036528
v -0.012470 -0.010490 -0.039891
v -0.014381 -0.011755 -0.074389
v -0.019728 -0.010040 0.055245
v 0.039956 -0.009911 0.055315
v 0.044126 -0.009264 0.055384
v -0.029571 -0.009956 0.054757
v -0.015909 -0.009867 0.054809
v 0.046489 -0.010908 0.054895
v -0.037228 -0.009262 0.054802
v 0.073790 -0.010150 0.053871
v -0.041153 -0.009475 0.054629
v 0.064665 -0.009503 0.053494
v 0.061298 -0.009605 0.051996
v -0.052938 -0.011222 0.050542
v 0.074082 -0.010561 0.048108
v -0.007518 -0.010100 0.049683
v 0.028128 -0.009994 0.049478
v 0.054344 -0.011510 0.050770
v 0.057476 -0.010408 0.050511
v -0.077074 -0.011385 0.048958
v -0.073243 -0.010944 0.047945
v -0.069442 -0.010794 0.048765
v -0.065545 -0.009851 0.048359
v -0.061188 -0.009488 0.048838
v -0.057227 -0.010024 0.049535
v 0.072895 -0.009914 0.044913
v -0.003467 -0.009939 0.045555
v 0.025035 -0.009903 0.045217
v -0.073501 -0.010709 0.045075
v 0.070662 -0.010963 0.043644
v -0.072767 -0.010899 0.042058
v 0.000423 -0.010015 0.041023
v 0.069506 -0.009777 0.040841
v -0.069392 -0.009964 0.041328
v -0.066700 -0.011027 0.039659
v 0.022378 -0.010108 0.037680
v 0.067640 -0.009779 0.038619
v 0.003592 -0.010059 0.036977
v 0.064970 -0.009825 0.036304
v 0.005547 -0.009508 0.034502
v 0.060840 -0.009698 0.032863
v -0.069972 -0.009736 0.032962
v 0.022279 -0.009923 0.029038
v 0.055255 -0.010033 0.025632
v 0.011005 -0.009589 0.024583
v 0.056344 -0.009593 0.020600
v 0.012997 -0.009949 0.020575
v 0.023608 -0.009753 0.021128
v -0.037601 -0.009399 0.017145
v -0.036357 -0.010607 0.018723
v -0.033607 -0.010722 0.019029
v 0.025089 -0.009795 0.016974
v -0.028819 -0.009559 0.017651
v 0.057981 -0.009532 0.017267
v -0.070310 -0.010797 0.017151
v 0.060081 -0.009516 0.014512
v -0.022990 -0.009602 0.012858
v -0.041100 -0.010098 0.012327
v -0.021529 -0.010142 0.011395
v 0.027924 -0.009882 0.011618
v 0.061536 -0.010079 0.012344
v -0.019840 -0.009701 0.008623
v 0.030052 -0.009326 0.008509
v 0.064717 -0.009822 0.008212
v -0.018183 -0.010925 0.007037
v 0.018511 -0.009351 0.007349
v -0.017190 -0.009707 0.003986
v 0.066829 -0.010045 0.005026
v 0.033076 -0.009409 0.003909
v -0.035554 -0.010582 0.001167
v 0.021517 -0.009793 -0.000637
v 0.069865 -0.009915 -0.000074
v -0.015836 -0.009586 0.000120
v -0.014515 -0.010181 -0.001378
v -0.013237 -0.010114 -0.004079
v 0.023197 -0.009893 -0.004450
v 0.070726 -0.010881 -0.003142
v -0.029355 -0.009681 -0.004234
v 0.071959 -0.009576 -0.004301
v -0.061122 -0.009805 -0.007963
v -0.012064 -0.010228 -0.008688
v 0.039782 -0.009788 -0.008037
v 0.073511 -0.009926 -0.008136
v -0.024704 -0.009666 -0.008209
v 0.073793 -0.010891 -0.011964
v 0.040420 -0.009670 -0.012294
v -0.020540 -0.010148 -0.012422
v -0.009301 -0.011373 -0.013286
v -0.009171 -0.010612 -0.016896
v 0.030344 -0.010800 -0.013777
v 0.038611 -0.009723 -0.014897
v 0.035944 -0.010142 -0.015549
v -0.016169 -0.009735 -0.019976
v -0.052308 -0.009499 -0.019833
v 0.077425 -0.010237 -0.024162
v -0.045821 -0.009819 -0.028489
v -0.013880 -0.010868 -0.028406
v 0.072923 -0.010007 -0.032688
v -0.057371 -0.010061 -0.032843
v -0.042793 -0.010820 -0.033243
v 0.072204 -0.009747 -0.034949
v -0.061220 -0.010445 -0.036614
v 0.069872 -0.010223 -0.036882
v -0.045015 -0.009422 -0.036492
v 0.003956 -0.009455 -0.036447
v 0.004548 -0.010637 -0.039723
v 0.068306 -0.010043 -0.039697
v -0.056755 -0.009824 -0.043528
v -0.013472 -0.009413 -0.045085
v 0.007888 -0.010271 -0.040815
v 0.009254 -0.011009 -0.043815
v -0.053449 -0.009671 -0.044493
v -0.049168 -0.009596 -0.045819
v 0.060895 -0.010657 -0.047389
v 0.011692 -0.010616 -0.044581
v 0.015639 -0.009550 -0.045110
v -0.053374 -0.010357 -0.049386
v -0.048852 -0.010083 -0.049661
v 0.016628 -0.011124 -0.048841
v 0.057188 -0.010540 -0.048713
v 0.019909 -0.011001 -0.048305
v -0.065234 -0.009938 -0.049299
v -0.014932 -0.009650 -0.050774
v 0.027754 -0.010073 -0.049351
v 0.023756 -0.010156 -0.049020
v 0.049307 -0.009872 -0.049484
v 0.052949 -0.009874 -0.049023
v -0.069763 -0.010081 -0.052846
v 0.025239 -0.011596 -0.052078
v 0.036061 -0.009512 -0.049704
v -0.015876 -0.009945 -0.053969
v 0.048272 -0.011250 -0.052822
v 0.036588 -0.010848 -0.051629
v 0.044413 -0.011021 -0.052379
v -0.061980 -0.011382 -0.054445
v -0.061251 -0.009753 -0.057063
v -0.058844 -0.011027 -0.058894
v -0.058825 -0.011166 -0.060462
v -0.017924 -0.011140 -0.060883
v -0.061379 -0.009847 -0.061434
v -0.019634 -0.009467 -0.062243
v -0.021806 -0.009882 -0.065178
v -0.020481 -0.010519 -0.069763
v -0.053149 -0.009909 -0.069407
v -0.049560 -0.009930 -0.070693
v -0.045324 -0.010867 -0.071041
v -0.041137 -0.009944 -0.072013
v -0.036549 -0.009543 -0.073619
v -0.033914 -0.009441 -0.077580
v -0.016227 -0.011371 -0.076792
v -0.021032 -0.010368 -0.076988
v -0.025366 -0.009497 -0.077922
v -0.026105 -0.010814 -0.081911
v -0.032098 -0.010011 -0.081361
v -0.029101 -0.010593 -0.084958
v -0.033406 -0.009369 0.054806
v 0.076719 -0.009278 0.052868
v 0.021990 -0.009633 0.033089
v 0.022726 -0.009616 0.025429
v 0.016635 -0.009767 0.012499
v -0.069185 -0.009567 0.007592
v -0.065288 -0.009801 -0.000677
v 0.037694 -0.010075 -0.003876
v -0.031627 -0.010772 -0.003290
v -0.012329 -0.009653 -0.012114
v -0.055983 -0.009141 -0.015648
v 0.032280 -0.009526 -0.015217
v 0.085386 -0.010569 -0.016473
v 0.077093 -0.010564 -0.020259
v 0.088967 -0.009717 -0.020206
v 0.074847 -0.011532 -0.021671
v -0.007584 -0.009963 -0.023609
v -0.015657 -0.009408 -0.024576
v 0.089759 -0.010549 -0.024186
v -0.013424 -0.011472 -0.024438
v 0.077307 -0.009611 -0.028252
v 0.081087 -0.010346 -0.028745
v 0.084769 -0.010819 -0.028268
v 0.089453 -0.010064 -0.028365
v -0.053434 -0.009692 -0.035869
v -0.042829 -0.009824 -0.034807
v -0.060881 -0.009482 -0.040551
v 0.031955 -0.009839 -0.049656
v 0.040478 -0.009649 -0.049839
v -0.063627 -0.009561 -0.066438
v -0.042491 -0.011228 -0.071346
v -0.053161 -0.009294 0.052170
v -0.001692 -0.009535 0.044049
v -0.068851 -0.009567 0.036924
v 0.080990 -0.010513 -0.012213
v 0.076945 -0.010535 -0.016033
v -0.014968 -0.009224 -0.027662
v 0.069076 -0.009356 0.054083
v -0.009603 -0.009305 0.051940
v 0.056913 -0.009095 0.051635
v -0.005519 -0.009206 0.048370
v 0.084610 -0.009565 -0.012423
v -0.011647 -0.009375 -0.015224
v 0.045094 -0.009601 -0.049907
v -0.060643 -0.009064 -0.067827
v -0.019940 -0.009479 -0.073302
v 0.077004 -0.009672 -0.012086
v -0.065171 -0.009392 -0.056666
v 0.075742 -0.008995 0.049538
v 0.038651 -0.009030 -0.005635
v 0.081139 -0.009290 -0.008732
v 0.085027 -0.009373 -0.031704
v -0.045164 -0.008974 -0.071831
v 0.049570 -0.008449 0.055250
v 0.059325 -0.009462 0.050923
v -0.069496 -0.009173 0.045005
v 0.071608 -0.008473 0.042182
v 0.002359 -0.008673 0.039498
v 0.021964 -0.008955 0.036157
v 0.058381 -0.008314 0.031613
v -0.072072 -0.008676 0.028227
v -0.072676 -0.008769 0.024807
v -0.072451 -0.009053 0.020440
v 0.014376 -0.008967 0.018484
v -0.033563 -0.008828 0.018128
v -0.072225 -0.008734 0.016364
v 0.063003 -0.008624 0.010807
v -0.038421 -0.008665 0.007596
v -0.068771 -0.008784 0.003905
v -0.034600 -0.008496 0.002657
v -0.064757 -0.008687 -0.003917
v -0.015274 -0.008688 -0.003994
v -0.026536 -0.008656 -0.005538
v -0.021850 -0.008515 -0.009302
v 0.076908 -0.008588 -0.008338
v 0.087743 -0.008736 -0.017206
v 0.092514 -0.008724 -0.024280
v -0.047651 -0.008440 -0.026585
v 0.081274 -0.008783 -0.031223
v -0.064762 -0.008669 -0.032637
v 0.003002 -0.008549 -0.033900
v 0.007260 -0.008810 -0.037924
v 0.011819 -0.008856 -0.041850
v 0.019596 -0.008991 -0.045956
v 0.053383 -0.008843 -0.046462
v 0.057487 -0.008981 -0.045999
v -0.068777 -0.008668 -0.050067
v -0.052174 -0.008974 -0.051241
v -0.049887 -0.009102 -0.051251
v -0.073261 -0.008624 -0.053741
v -0.068825 -0.008779 -0.055674
v -0.023512 -0.008533 -0.066859
v -0.023239 -0.008586 -0.069166
v -0.047992 -0.008906 -0.071511
v -0.028390 -0.008991 -0.081315
v -0.056160 -0.008374 0.051686
v 0.022005 -0.008959 0.029962
v 0.026281 -0.008538 0.014374
v -0.067800 -0.008494 0.000774
v 0.071668 -0.008478 -0.001750
v -0.014678 -0.008624 -0.008555
v 0.084134 -0.008807 -0.009540
v -0.059905 -0.008509 -0.011396
v 0.093122 -0.008881 -0.027905
v 0.088522 -0.008777 -0.032021
v -0.064144 -0.008530 -0.036120
v 0.038214 -0.008435 0.055385
v -0.020647 -0.006053 0.054253
v 0.029197 -0.008378 0.051490
v 0.025614 -0.008463 0.047027
v -0.070983 -0.007401 0.037413
v 0.004540 -0.006158 0.037387
v -0.071833 -0.008238 0.032515
v 0.055846 -0.006088 0.024885
v -0.074535 -0.006263 0.020359
v -0.072027 -0.008234 0.013277
v -0.038894 -0.008173 0.012118
v 0.070393 -0.007509 0.001498
v -0.027963 -0.007885 -0.002743
v 0.074176 -0.006915 -0.004129
v 0.086383 -0.006716 -0.011838
v -0.057818 -0.005806 -0.015946
v -0.049732 -0.005927 -0.024422
v 0.077392 -0.006143 -0.027508
v 0.091904 -0.008433 -0.031038
v -0.061636 -0.006450 -0.033287
v -0.013950 -0.006898 -0.033604
v 0.060621 -0.008215 -0.042773
v 0.056543 -0.006704 -0.043885
v 0.024469 -0.007224 -0.047322
v -0.057977 -0.007882 -0.050171
v -0.071234 -0.008051 -0.051231
v -0.015347 -0.006202 -0.053586
v -0.053860 -0.006784 -0.070739
v -0.022744 -0.008339 -0.074685
v 0.057148 -0.006493 0.053764
v 0.077808 -0.006741 0.048788
v 0.075532 -0.008184 0.045974
v 0.015271 -0.005972 0.016415
v 0.065607 -0.007001 0.008902
v -0.016038 -0.006112 -0.004208
v 0.085988 -0.006201 -0.008314
v -0.018183 -0.007355 -0.021230
v 0.093583 -0.006151 -0.020100
v -0.001190 -0.008151 -0.028944
v 0.073241 -0.007527 -0.028235
v 0.078614 -0.006483 -0.030677
v 0.081037 -0.006096 -0.032683
v 0.089752 -0.007862 -0.033366
v -0.066111 -0.007224 -0.036269
v -0.056675 -0.006176 -0.035760
v 0.064565 -0.007764 -0.039549
v 0.048583 -0.007214 -0.047205
v -0.053378 -0.006262 -0.052527
v -0.030734 -0.008015 -0.080314
v -0.066948 -0.006217 0.046322
v 0.024171 -0.005951 0.020742
v -0.035901 -0.007880 0.005093
v -0.067326 -0.007994 -0.000876
v 0.081187 -0.007478 -0.004599
v -0.012411 -0.006377 -0.012077
v -0.021409 -0.006897 -0.012447
v 0.036313 -0.006099 -0.016993
v 0.093638 -0.007378 -0.032198
v 0.000929 -0.007578 -0.031069
v 0.084729 -0.008077 -0.034238
v -0.045374 -0.005720 -0.035732
v -0.053356 -0.005667 -0.036434
v -0.064998 -0.005889 -0.039707
v -0.061526 -0.006202 -0.041353
v -0.050469 -0.005770 -0.045800
v 0.053101 -0.006272 -0.045095
v -0.077283 -0.005769 -0.053887
v -0.069308 -0.006629 -0.057589
v -0.024929 -0.007345 -0.073538
v -0.026377 -0.007755 -0.076727
v 0.053495 -0.007634 0.054784
v -0.037427 -0.005557 0.054066
v 0.035062 -0.007004 0.055150
v -0.033569 -0.005378 0.053023
v -0.049191 -0.005239 0.054652
v 0.077522 -0.006064 0.053916
v -0.053484 -0.006009 0.053491
v -0.057402 -0.005819 0.052287
v -0.061983 -0.006168 0.049788
v -0.004627 -0.005920 0.048839
v 0.027280 -0.006261 0.049676
v 0.025724 -0.005150 0.047464
v -0.002704 -0.005767 0.046491
v 0.077063 -0.005591 0.045171
v -0.000684 -0.005839 0.044526
v 0.024323 -0.005721 0.044662
v 0.074616 -0.005919 0.043407
v -0.070308 -0.006197 0.041002
v 0.068924 -0.005350 0.039775
v 0.058026 -0.005291 0.031796
v -0.074641 -0.005849 0.025371
v 0.013272 -0.005601 0.021078
v 0.057545 -0.005605 0.020650
v 0.014387 -0.006729 0.018440
v -0.074495 -0.005654 0.016248
v -0.035611 -0.007481 0.016650
v -0.033628 -0.006471 0.016174
v -0.029709 -0.006487 0.015846
v 0.025865 -0.006386 0.016526
v -0.026417 -0.007439 0.015023
v 0.060629 -0.005525 0.016253
v -0.024758 -0.006627 0.011941
v 0.028154 -0.006211 0.012729
v 0.016758 -0.005499 0.012281
v 0.062314 -0.006691 0.013100
v -0.071300 -0.007281 0.007271
v -0.021610 -0.006252 0.007073
v 0.069783 -0.005960 0.004158
v -0.019763 -0.005808 0.003336
v 0.019449 -0.006108 0.004070
v -0.070682 -0.006113 0.003469
v -0.017910 -0.007801 0.002559
v -0.068981 -0.005950 -0.000020
v -0.032164 -0.007765 0.000909
v 0.072492 -0.005746 -0.000173
v 0.036435 -0.005814 -0.000415
v -0.028757 -0.005701 -0.000407
v 0.020551 -0.005420 0.000030
v -0.066261 -0.006207 -0.004642
v -0.064580 -0.005748 -0.007634
v -0.024416 -0.006147 -0.007886
v -0.015476 -0.006658 -0.008014
v 0.077210 -0.006519 -0.004210
v 0.077124 -0.007864 -0.006144
v 0.083072 -0.008043 -0.006271
v -0.021936 -0.006825 -0.009587
v 0.024285 -0.006004 -0.008438
v -0.061228 -0.006041 -0.011834
v 0.039798 -0.005696 -0.015410
v 0.029388 -0.005806 -0.015039
v -0.011525 -0.007163 -0.014839
v 0.031802 -0.005964 -0.016441
v 0.087056 -0.005533 -0.015050
v -0.020851 -0.005801 -0.016024
v 0.088861 -0.006273 -0.016829
v -0.008155 -0.005776 -0.016474
v -0.053634 -0.005450 -0.020336
v -0.019649 -0.005535 -0.019562
v -0.007607 -0.007356 -0.019258
v 0.090886 -0.007629 -0.019488
v 0.094058 -0.007507 -0.023486
v -0.017653 -0.005793 -0.023861
v -0.003473 -0.006603 -0.024166
v -0.015812 -0.005962 -0.028214
v -0.000132 -0.005891 -0.028135
v 0.097196 -0.007039 -0.028091
v 0.095380 -0.007754 -0.030129
v 0.071933 -0.007438 -0.030604
v 0.069341 -0.006529 -0.032496
v 0.068006 -0.007449 -0.035602
v 0.007735 -0.005748 -0.036658
v -0.049314 -0.005600 -0.036672
v 0.012016 -0.006199 -0.040375
v 0.061328 -0.005907 -0.040605
v 0.014677 -0.005553 -0.041863
v -0.057799 -0.005321 -0.042098
v 0.058220 -0.005801 -0.042453
v -0.053223 -0.005715 -0.044129
v 0.020039 -0.005851 -0.045127
v -0.048023 -0.006041 -0.048149
v 0.023115 -0.005026 -0.046176
v -0.065521 -0.005962 -0.049668
v 0.041071 -0.005833 -0.048005
v -0.069189 -0.006003 -0.049856
v -0.049121 -0.006497 -0.052311
v -0.073838 -0.006116 -0.051712
v -0.077743 -0.006344 -0.057250
v -0.073203 -0.006078 -0.057227
v -0.065514 -0.006464 -0.058545
v -0.063810 -0.005555 -0.060683
v -0.063138 -0.006741 -0.061971
v -0.023626 -0.005527 -0.066689
v -0.063026 -0.005824 -0.065728
v -0.057252 -0.005794 -0.069799
v -0.025435 -0.006229 -0.069299
v -0.049345 -0.006058 -0.072122
v -0.037231 -0.005700 -0.072747
v -0.033309 -0.005330 -0.073452
v -0.033055 -0.007069 -0.076871
v -0.029311 -0.007118 -0.077656
v 0.036535 -0.004959 0.055353
v 0.038833 -0.006430 0.055336
v 0.040637 -0.005406 0.054769
v 0.044550 -0.005711 0.054659
v 0.046106 -0.006730 0.055227
v 0.049315 -0.005844 0.055269
v -0.045363 -0.005515 0.054890
v -0.041227 -0.006026 0.054769
v -0.012409 -0.005920 0.054375
v 0.032471 -0.005695 0.054272
v 0.072853 -0.005593 0.054416
v 0.073126 -0.005313 0.042147
v 0.023301 -0.005350 0.041408
v 0.067466 -0.006669 0.038628
v 0.065015 -0.005368 0.037423
v 0.059981 -0.005991 0.033869
v 0.007571 -0.005577 0.032887
v 0.021988 -0.005762 0.033000
v -0.074368 -0.005713 0.029477
v 0.022050 -0.006946 0.029944
v 0.009331 -0.005488 0.029517
v 0.023087 -0.005754 0.025071
v 0.011320 -0.005653 0.024865
v -0.036801 -0.006190 0.012659
v -0.073663 -0.005867 0.012052
v 0.064429 -0.005316 0.011795
v 0.031835 -0.005266 0.007713
v -0.036796 -0.006527 0.008818
v 0.068281 -0.005576 0.006992
v -0.032576 -0.005893 0.004152
v -0.017733 -0.006272 -0.000500
v 0.021755 -0.005831 -0.003047
v 0.037889 -0.006328 -0.003008
v 0.039322 -0.005235 -0.005345
v 0.085315 -0.005767 -0.004180
v 0.022503 -0.005420 -0.005675
v -0.063221 -0.006580 -0.009109
v 0.027460 -0.005922 -0.012902
v -0.004840 -0.005321 -0.020675
v 0.072862 -0.006352 -0.024313
v 0.077336 -0.005985 -0.024054
v -0.046475 -0.005652 -0.028585
v 0.097447 -0.005801 -0.032346
v -0.065589 -0.005659 -0.032042
v 0.003898 -0.005292 -0.032754
v 0.081675 -0.005655 -0.035996
v 0.088813 -0.006243 -0.036482
v 0.084996 -0.006072 -0.036865
v -0.013913 -0.005690 -0.036918
v 0.065147 -0.005817 -0.037031
v -0.013628 -0.005517 -0.040006
v -0.056211 -0.006547 -0.042946
v -0.013758 -0.005547 -0.044377
v 0.028453 -0.006191 -0.047616
v 0.044339 -0.006221 -0.047769
v 0.031755 -0.005630 -0.047921
v -0.061434 -0.006828 -0.050053
v -0.057041 -0.005905 -0.051980
v -0.072081 -0.005477 -0.050631
v -0.017097 -0.005893 -0.057791
v -0.019611 -0.005826 -0.062108
v -0.061190 -0.005506 -0.068583
v -0.045408 -0.005839 -0.072437
v -0.041383 -0.005636 -0.072673
v -0.016633 -0.005761 0.055040
v -0.016517 -0.005949 0.055184
v 0.052859 -0.005545 0.055368
v -0.029189 -0.005848 0.052838
v -0.024514 -0.005082 0.052972
v 0.064629 -0.005695 0.053562
v 0.080276 -0.005305 0.052696
v -0.008333 -0.005355 0.052331
v 0.029422 -0.005406 0.052110
v 0.061307 -0.005226 0.052873
v 0.079869 -0.005095 0.049136
v -0.064898 -0.005176 0.048350
v -0.068898 -0.005119 0.044270
v 0.001380 -0.005870 0.041635
v 0.003038 -0.005253 0.039758
v 0.022366 -0.005204 0.037568
v -0.072875 -0.005059 0.036942
v 0.021944 -0.006262 0.036221
v 0.061947 -0.005250 0.035618
v -0.073493 -0.005931 0.033215
v 0.056408 -0.005539 0.029254
v 0.029905 -0.006419 0.010025
v -0.072698 -0.005214 0.007779
v 0.018274 -0.005694 0.007793
v 0.033819 -0.005689 0.004098
v -0.025999 -0.005643 -0.004398
v 0.040415 -0.005814 -0.008121
v 0.041401 -0.005182 -0.012200
v 0.092715 -0.005355 -0.017033
v 0.097806 -0.005840 -0.023918
v -0.001941 -0.005428 -0.025239
v -0.048019 -0.005241 -0.026635
v -0.044075 -0.005003 -0.032706
v -0.014994 -0.005278 -0.031889
v -0.068832 -0.005333 -0.033254
v 0.005144 -0.006681 -0.034783
v -0.068848 -0.005163 -0.036604
v 0.017038 -0.005839 -0.043653
v 0.049738 -0.005370 -0.046022
v -0.013921 -0.004991 -0.049034
v -0.046796 -0.005495 -0.050030
v -0.014978 -0.006447 -0.050945
v -0.021532 -0.005394 -0.064713
v -0.033617 -0.005185 0.007601
v -0.030573 -0.005487 0.002560
v -0.055622 -0.005363 -0.018659
v 0.092780 -0.005478 -0.036318
v -0.029554 -0.005763 -0.073245
v 0.069043 -0.005380 0.054153
v 0.022462 -0.005014 0.028910
v 0.010081 -0.005264 0.027897
v 0.081305 -0.005296 -0.000237
v -0.012577 -0.005263 -0.008246
v 0.076619 -0.005413 -0.020723
v 0.073109 -0.005424 -0.020606
v -0.051676 -0.005280 -0.022536
v 0.036681 -0.005056 -0.047970
v 0.048930 -0.004913 0.054837
v 0.025576 -0.005160 -0.010956
v -0.009611 -0.004978 -0.012840
v 0.097269 -0.004921 -0.021188
v 0.070051 -0.005270 -0.028223
v -0.061500 -0.004951 -0.051850
v -0.046914 -0.005386 -0.051985
v -0.052958 -0.005027 -0.071633
v 0.056197 -0.004681 0.055283
v -0.028651 -0.004832 0.012410
v -0.024567 -0.004759 0.009363
v 0.017817 -0.004620 0.008818
v 0.084545 -0.004742 -0.000114
v -0.023482 -0.004796 -0.011851
v 0.075578 -0.004607 -0.016247
v 0.073477 -0.005113 -0.016820
v 0.100814 -0.004874 -0.027966
v 0.097229 -0.004647 -0.035530
v 0.046366 -0.004485 -0.046828
v -0.064352 -0.005029 -0.050997
v -0.080932 -0.004813 -0.057661
v -0.078010 -0.004573 -0.059718
v -0.028624 -0.004658 -0.070175
v 0.026993 -0.005007 0.015837
v -0.033809 -0.004865 0.011829
v 0.077484 -0.004597 -0.000935
v -0.068243 -0.004671 -0.003254
v 0.099786 -0.004950 -0.031208
v -0.060217 -0.004405 -0.034921
v -0.060113 -0.004408 0.051430
v 0.006014 -0.004492 0.035338
v 0.030449 -0.004537 0.010360
v -0.071722 -0.004482 0.004484
v 0.035068 -0.004643 0.002594
v 0.073999 -0.004308 -0.013444
v 0.070504 -0.004420 -0.025125
v 0.001997 -0.004789 -0.030246
v -0.014606 -0.004236 -0.035135
v 0.082182 -0.004338 -0.038866
v 0.088844 -0.004432 -0.038931
v 0.026796 -0.004387 -0.046794
v -0.067902 -0.004463 -0.059208
v -0.080713 -0.004408 -0.060380
v -0.018259 -0.004471 -0.060743
v -0.014562 -0.004144 -0.001374
v -0.059730 -0.004226 -0.014965
v 0.066907 -0.004441 -0.033628
v -0.071917 -0.004195 -0.034935
v -0.012780 -0.004350 -0.056743
v 0.056859 -0.001828 0.054960
v 0.049651 -0.001572 0.053397
v 0.081984 -0.002120 0.049129
v 0.078302 -0.003414 0.044712
v 0.077248 -0.001969 0.041102
v 0.024825 -0.002257 0.025158
v 0.015050 -0.002566 0.015705
v 0.028620 -0.002143 0.016291
v 0.029790 -0.003135 0.012706
v 0.065181 -0.002207 0.011720
v -0.016825 -0.002591 0.004164
v -0.071432 -0.004002 0.002666
v 0.080755 -0.003941 0.001992
v -0.012751 -0.004092 -0.005395
v -0.026176 -0.003593 -0.008757
v 0.073513 -0.003223 -0.011710
v -0.025131 -0.002238 -0.012103
v 0.086820 -0.002182 -0.012032
v 0.040987 -0.002353 -0.016725
v 0.093809 -0.003265 -0.017001
v 0.077606 -0.003191 -0.019640
v 0.069485 -0.001952 -0.023664
v 0.101624 -0.002277 -0.023964
v -0.017958 -0.002962 -0.025433
v 0.001049 -0.002537 -0.027171
v 0.002931 -0.001862 -0.029134
v 0.079063 -0.003754 -0.029524
v 0.100905 -0.002062 -0.032034
v -0.065103 -0.002315 -0.033277
v -0.071883 -0.004122 -0.033224
v 0.081009 -0.002533 -0.036235
v -0.053712 -0.002302 -0.036054
v -0.070229 -0.003955 -0.037344
v 0.097696 -0.002805 -0.037580
v 0.061778 -0.001757 -0.037242
v 0.060405 -0.003185 -0.039775
v 0.013058 -0.002965 -0.039551
v 0.053095 -0.002831 -0.043567
v -0.011881 -0.003413 -0.045323
v 0.038816 -0.004001 -0.047570
v -0.065145 -0.001995 -0.053341
v -0.012204 -0.004363 -0.054175
v -0.077902 -0.002295 -0.061713
v -0.073367 -0.002054 -0.060615
v -0.015998 -0.003643 -0.060984
v -0.058115 -0.002587 -0.070634
v 0.073797 -0.002230 0.054389
v -0.037353 -0.002208 0.052538
v 0.059802 -0.002677 0.019922
v -0.031356 -0.003717 0.010907
v -0.020633 -0.002725 0.008376
v -0.074133 -0.002034 0.007691
v 0.037485 -0.002159 0.000632
v -0.015290 -0.003287 0.000873
v 0.086214 -0.003691 0.000265
v -0.028840 -0.002616 -0.004026
v -0.012086 -0.002076 -0.004118
v 0.087256 -0.003879 -0.003251
v 0.020725 -0.001992 -0.004101
v 0.022965 -0.002393 -0.008770
v 0.102114 -0.002159 -0.021227
v 0.103041 -0.001703 -0.028617
v -0.053579 -0.002048 -0.045783
v -0.010941 -0.003853 -0.052325
v -0.007670 -0.003768 -0.053108
v -0.008881 -0.004072 -0.054629
v -0.008121 -0.002813 -0.057746
v -0.012452 -0.003943 -0.058463
v -0.063021 -0.003432 -0.062282
v -0.016312 -0.001777 0.055010
v 0.031692 -0.002058 0.054427
v -0.045237 -0.001760 0.054135
v -0.041644 -0.001571 0.053207
v 0.040179 -0.001975 0.053883
v 0.045016 -0.001178 0.053225
v -0.033578 -0.001935 0.051906
v -0.029049 -0.002175 0.051659
v -0.008333 -0.001860 0.052890
v 0.027427 -0.001645 0.049555
v -0.062842 -0.003051 0.050625
v -0.004010 -0.002123 0.049305
v -0.069783 -0.001808 0.045110
v -0.000490 -0.001962 0.045203
v 0.005173 -0.001786 0.037270
v 0.023354 -0.002169 0.037388
v -0.073986 -0.001767 0.037052
v 0.023582 -0.001687 0.033059
v -0.075489 -0.002751 0.030364
v 0.057207 -0.001622 0.029105
v 0.057229 -0.001784 0.025215
v 0.027392 -0.001353 0.020085
v -0.075129 -0.002204 0.011805
v 0.017464 -0.002176 0.007500
v -0.031939 -0.001419 0.003901
v 0.033126 -0.002032 0.008578
v -0.030593 -0.002738 0.003352
v -0.072640 -0.001671 0.003793
v 0.084993 -0.002558 0.004435
v 0.018598 -0.002055 0.003014
v 0.080964 -0.002497 0.003940
v -0.029762 -0.002475 -0.000441
v 0.076534 -0.002944 0.000651
v 0.072865 -0.001829 0.000085
v -0.070796 -0.001806 -0.000148
v -0.013521 -0.001737 -0.000408
v -0.068712 -0.001790 -0.004114
v 0.039757 -0.001731 -0.003731
v -0.028008 -0.001423 -0.007706
v 0.088766 -0.001839 -0.004344
v 0.041659 -0.001898 -0.008227
v 0.073436 -0.002551 -0.008215
v 0.042291 -0.002672 -0.012253
v -0.064049 -0.001914 -0.010806
v 0.075673 -0.001297 -0.012568
v -0.007911 -0.001651 -0.012325
v 0.076861 -0.001706 -0.016354
v -0.060179 -0.001692 -0.015280
v 0.085046 -0.001529 -0.016221
v 0.032252 -0.003236 -0.017752
v 0.088865 -0.003130 -0.017453
v -0.005573 -0.001676 -0.016836
v 0.071331 -0.003435 -0.019167
v -0.020775 -0.001718 -0.020323
v 0.098043 -0.002304 -0.020753
v -0.054038 -0.001819 -0.020722
v -0.051660 -0.001845 -0.022741
v -0.002433 -0.003084 -0.022630
v 0.078827 -0.003498 -0.022943
v -0.049495 -0.001669 -0.024734
v -0.000570 -0.001998 -0.024447
v 0.068211 -0.001804 -0.027569
v 0.081207 -0.002230 -0.028325
v 0.105032 -0.001831 -0.028407
v -0.017677 -0.001610 -0.028342
v -0.016416 -0.001939 -0.032371
v -0.068953 -0.002286 -0.032049
v 0.099670 -0.001691 -0.032357
v -0.073541 -0.002091 -0.031832
v -0.073755 -0.002144 -0.037030
v 0.100985 -0.002061 -0.036009
v 0.064173 -0.002739 -0.035749
v -0.044967 -0.001673 -0.036192
v 0.008984 -0.002155 -0.035582
v 0.094144 -0.002303 -0.037876
v -0.068973 -0.001814 -0.039404
v 0.086256 -0.002152 -0.039373
v 0.092521 -0.001737 -0.039997
v -0.012285 -0.001664 -0.040503
v 0.057383 -0.002003 -0.041085
v -0.057147 -0.001785 -0.044060
v 0.016237 -0.001588 -0.040753
v 0.020337 -0.002128 -0.043505
v 0.049267 -0.001664 -0.044430
v 0.027800 -0.001840 -0.045663
v 0.032360 -0.001217 -0.046024
v 0.035514 -0.002766 -0.047105
v 0.040489 -0.001444 -0.046148
v -0.048723 -0.001797 -0.047579
v -0.010852 -0.003513 -0.049754
v -0.073209 -0.001995 -0.052018
v -0.069437 -0.001555 -0.053305
v -0.045872 -0.001785 -0.049720
v -0.045741 -0.001554 -0.052437
v -0.003810 -0.002735 -0.052582
v -0.052934 -0.001887 -0.054031
v -0.000215 -0.001872 -0.053872
v -0.080731 -0.001911 -0.054824
v -0.004407 -0.002444 -0.056980
v -0.012033 -0.003385 -0.061283
v -0.068870 -0.001807 -0.060364
v -0.081831 -0.002157 -0.061911
v -0.020581 -0.002116 -0.065282
v -0.026043 -0.002070 -0.068050
v -0.053352 -0.001773 -0.072090
v -0.049214 -0.001731 -0.072666
v -0.045334 -0.001636 -0.072492
v -0.037467 -0.001959 -0.072143
v 0.033726 -0.001891 0.055308
v 0.035408 -0.001495 0.055347
v 0.037177 -0.001830 0.054936
v 0.053338 -0.002062 0.054514
v 0.057493 -0.002059 0.055303
v -0.049328 -0.001779 0.054878
v -0.020573 -0.001787 0.053642
v 0.061096 -0.002003 0.054591
v -0.053520 -0.001948 0.054627
v 0.076982 -0.001919 0.054502
v 0.081687 -0.001624 0.053143
v -0.012030 -0.001637 0.054547
v 0.068889 -0.001651 0.054222
v -0.057359 -0.002041 0.053587
v 0.065125 -0.001617 0.053723
v -0.025069 -0.001525 0.052146
v 0.029443 -0.001838 0.051943
v -0.060789 -0.001692 0.052477
v -0.065112 -0.001681 0.049839
v 0.026181 -0.002712 0.047833
v -0.067808 -0.001739 0.047735
v 0.080399 -0.001523 0.045216
v 0.025321 -0.001562 0.045019
v -0.071129 -0.002853 0.042101
v 0.001667 -0.001873 0.042311
v 0.024138 -0.001871 0.040943
v 0.073298 -0.001617 0.040919
v 0.069107 -0.001802 0.040268
v -0.072719 -0.001542 0.040203
v 0.002748 -0.001703 0.040806
v 0.064749 -0.001447 0.037816
v 0.062046 -0.002391 0.035710
v 0.006257 -0.001811 0.035249
v -0.075085 -0.001698 0.033222
v 0.007742 -0.002053 0.032930
v 0.060263 -0.001365 0.033281
v 0.058178 -0.002768 0.031476
v 0.009307 -0.001705 0.029347
v -0.076209 -0.001507 0.028942
v 0.010035 -0.003185 0.027832
v 0.024068 -0.001840 0.029105
v 0.011174 -0.001940 0.024416
v -0.076544 -0.001656 0.024922
v 0.025580 -0.002667 0.021584
v 0.057251 -0.000702 0.020169
v 0.012937 -0.001567 0.020719
v -0.076606 -0.001661 0.020447
v 0.014087 -0.002688 0.018647
v -0.076648 -0.000865 0.016911
v 0.061191 -0.001560 0.016745
v 0.063234 -0.003302 0.014904
v 0.015954 -0.001754 0.012165
v 0.032104 -0.001328 0.011530
v -0.030509 -0.002982 0.010255
v -0.028633 -0.001409 0.011187
v -0.024875 -0.001863 0.011429
v 0.068631 -0.002679 0.007851
v -0.031710 -0.001919 0.008078
v -0.024306 -0.003339 0.009148
v 0.034024 -0.002617 0.006161
v 0.068968 -0.001999 0.003701
v -0.018829 -0.003158 0.005113
v 0.035997 -0.001788 0.003885
v 0.077429 -0.001275 0.003065
v 0.019492 -0.002052 -0.000396
v 0.088783 -0.001622 -0.000282
v -0.065675 -0.001966 -0.008388
v 0.088017 -0.001796 -0.008557
v -0.010866 -0.002480 -0.007341
v -0.009731 -0.001305 -0.008715
v 0.024428 -0.001600 -0.012009
v -0.062004 -0.002002 -0.012789
v 0.026266 -0.002903 -0.013282
v -0.023375 -0.001449 -0.015363
v -0.006729 -0.001964 -0.015009
v 0.028086 -0.001707 -0.016332
v 0.071413 -0.003191 -0.016144
v -0.057838 -0.002143 -0.017043
v -0.022022 -0.001923 -0.017391
v 0.032553 -0.001618 -0.018929
v 0.036251 -0.001224 -0.019785
v 0.093614 -0.002473 -0.020409
v -0.055899 -0.001748 -0.019291
v -0.003680 -0.001772 -0.020027
v 0.069812 -0.001523 -0.020541
v 0.081507 -0.002123 -0.024124
v -0.047850 -0.002755 -0.026577
v -0.045957 -0.001639 -0.028557
v 0.004778 -0.002144 -0.031675
v 0.067666 -0.002837 -0.030684
v -0.043736 -0.001767 -0.032131
v 0.081606 -0.001864 -0.032602
v 0.065301 -0.001534 -0.032814
v -0.042858 -0.001821 -0.034969
v 0.006797 -0.001522 -0.033374
v -0.061870 -0.001256 -0.034181
v -0.059709 -0.002808 -0.034710
v -0.015770 -0.001460 -0.036050
v -0.057122 -0.001686 -0.035283
v -0.049271 -0.001758 -0.036499
v 0.011608 -0.001474 -0.037345
v -0.014376 -0.001864 -0.038536
v 0.085450 -0.001370 -0.037958
v 0.081799 -0.001798 -0.039610
v -0.065255 -0.001778 -0.039986
v 0.089351 -0.001559 -0.041681
v -0.061533 -0.001766 -0.040960
v -0.058405 -0.002757 -0.042022
v -0.007495 -0.002481 -0.044830
v -0.008116 -0.001927 -0.049113
v 0.023662 -0.001654 -0.044491
v 0.044839 -0.001839 -0.045616
v -0.077623 -0.001711 -0.052588
v -0.061518 -0.001799 -0.053845
v -0.057666 -0.001755 -0.054040
v -0.049308 -0.001472 -0.053792
v -0.000759 -0.001919 -0.056077
v -0.082783 -0.001752 -0.056361
v -0.065216 -0.001821 -0.060874
v -0.007958 -0.002320 -0.061455
v -0.004542 -0.002107 -0.062371
v -0.062804 -0.001713 -0.065246
v -0.003488 -0.001837 -0.065296
v -0.000750 -0.001944 -0.065668
v -0.024580 -0.001669 -0.067118
v -0.060976 -0.001692 -0.069421
v -0.029325 -0.001878 -0.069502
v -0.032992 -0.001549 -0.070607
v -0.034756 -0.002968 -0.071717
v -0.041446 -0.001808 -0.072393
v 0.066541 -0.001680 0.039349
v 0.088559 -0.001011 0.003251
v 0.080960 -0.001860 -0.019906
v -0.019523 -0.001360 -0.023488
v -0.012303 -0.001143 -0.065383
v -0.007795 -0.001972 -0.065576
v 0.069339 -0.001538 -0.004214
v 0.073112 -0.001521 -0.004272
v 0.069874 -0.001354 -0.007917
v 0.070413 -0.001543 -0.012424
v 0.070270 -0.001602 -0.016010
v 0.088885 -0.002271 -0.020822
v -0.077487 -0.001138 -0.032224
v -0.077295 -0.001140 -0.035565
v -0.007750 -0.001430 -0.040705
v -0.003771 -0.001594 -0.041617
v -0.004235 -0.001583 -0.044348
v -0.085809 -0.001324 -0.058405
v -0.085703 -0.001062 -0.061331
v -0.016513 -0.001338 -0.065175
v -0.056051 -0.001227 -0.071533
v 0.084798 -0.002002 -0.020112
v 0.065151 -0.001744 0.007934
v 0.065277 -0.001317 0.003646
v 0.068560 -0.001725 -0.000472
v 0.092848 -0.001363 -0.023965
v 0.060162 -0.000728 0.055304
v -0.005741 -0.001027 0.051233
v 0.074185 -0.000494 0.038431
v 0.076740 -0.000549 0.037462
v 0.026283 -0.000654 0.023940
v 0.013913 -0.001315 0.018158
v -0.076136 -0.001010 0.014238
v 0.061252 -0.001294 0.011874
v 0.030592 -0.000716 0.014703
v -0.021503 -0.000866 0.011483
v -0.017740 -0.000969 0.007572
v 0.061970 -0.000965 0.008166
v 0.034931 -0.001095 0.006621
v 0.081456 -0.000426 0.007267
v 0.085075 -0.000948 0.007575
v 0.017699 -0.000824 0.004495
v -0.014556 -0.000923 0.002562
v 0.074168 -0.000666 0.002276
v -0.031750 -0.001028 -0.000453
v 0.066431 -0.000470 -0.000383
v 0.039058 -0.000906 -0.001364
v 0.043336 -0.000654 -0.012647
v 0.043305 -0.000591 -0.015119
v 0.040194 -0.000464 -0.019724
v 0.085148 -0.001173 -0.024103
v 0.097347 -0.000870 -0.024226
v 0.089040 -0.001233 -0.024661
v 0.066548 -0.000516 -0.029479
v -0.042884 -0.000834 -0.033245
v 0.102355 -0.000653 -0.038975
v -0.071879 -0.000855 -0.039134
v 0.098808 -0.000874 -0.039280
v -0.060172 -0.000599 -0.043110
v 0.019363 -0.000554 -0.041641
v 0.053601 -0.000748 -0.042065
v 0.037229 -0.000843 -0.046110
v 0.057409 -0.000714 0.016358
v 0.058485 -0.000630 0.013212
v 0.080858 -0.000621 -0.017536
v -0.036368 -0.000374 -0.071287
v 0.079501 -0.000397 0.042191
v 0.087997 -0.000476 0.006523
v 0.062921 -0.000204 0.005036
v 0.021035 -0.000265 -0.007214
v 0.029087 -0.000371 -0.018490
v -0.001736 -0.000693 -0.021791
v 0.084674 -0.000401 -0.027472
v 0.097778 -0.000059 -0.026640
v -0.080068 -0.000407 -0.033221
v -0.076092 -0.000179 -0.039244
v -0.063790 -0.000262 -0.064476
v 0.089828 0.001614 0.008323
v -0.031863 -0.000258 -0.002620
v 0.075230 -0.000771 -0.009321
v 0.025147 -0.000387 -0.014521
v 0.088630 -0.000436 -0.026759
v 0.092981 -0.000210 -0.027046
v -0.033731 0.002468 0.052261
v -0.037230 0.002082 0.051713
v 0.069132 0.000919 0.039692
v 0.055894 0.000233 0.016012
v 0.085288 0.000180 -0.029471
v -0.078088 0.001560 -0.040647
v -0.012478 0.000997 -0.038513
v -0.012388 0.002869 -0.040192
v -0.061877 0.000054 -0.042572
v -0.075876 0.001456 -0.050896
v -0.072140 0.000077 -0.062369
v -0.087804 -0.000021 -0.064112
v 0.031857 0.002226 0.053756
v 0.035427 0.002176 0.055292
v 0.057133 0.002007 0.053999
v 0.061726 0.001896 0.055299
v -0.017009 0.001943 0.054676
v -0.049297 0.002071 0.054531
v 0.077260 0.002279 0.054541
v 0.081739 0.002061 0.053514
v -0.057094 0.002138 0.054196
v 0.037824 0.002210 0.054489
v 0.069246 0.002210 0.054017
v -0.045601 0.002342 0.053274
v -0.007809 0.002290 0.052714
v -0.061327 0.002052 0.052983
v -0.020779 0.002324 0.053330
v 0.041348 0.002081 0.053235
v 0.053105 0.002078 0.052894
v 0.065177 0.001660 0.054596
v -0.024680 0.002247 0.051804
v 0.029742 0.000978 0.051780
v 0.044865 0.002600 0.052607
v 0.049192 0.002289 0.052468
v -0.029513 0.001845 0.051706
v -0.064174 0.002344 0.051531
v 0.028698 0.002489 0.048995
v 0.084102 0.002296 0.049131
v -0.065730 0.001674 0.050539
v -0.004206 0.002254 0.049522
v -0.068695 0.002446 0.047768
v -0.070796 0.002481 0.045727
v -0.000172 0.001816 0.044921
v 0.082883 0.000530 0.047017
v 0.027123 0.002433 0.045100
v 0.082252 0.001385 0.044468
v 0.025635 0.000380 0.043421
v 0.025794 0.001753 0.041132
v -0.073267 0.002435 0.041277
v 0.081381 0.002387 0.041209
v 0.002421 0.002117 0.041154
v 0.071596 0.001016 0.039498
v 0.004737 0.002506 0.037476
v 0.065360 0.002137 0.035970
v 0.077165 0.002327 0.035909
v -0.075041 0.002035 0.037061
v 0.073082 0.002149 0.037045
v 0.007278 0.002284 0.032518
v 0.061247 0.002088 0.032635
v -0.075762 0.001182 0.033960
v 0.025548 0.002529 0.032643
v -0.076820 0.002697 0.032523
v 0.008570 0.002209 0.029153
v 0.057775 0.002305 0.028554
v -0.076958 0.001741 0.028993
v 0.025487 0.000296 0.029727
v 0.026989 0.002477 0.028687
v 0.009399 0.002726 0.025637
v 0.028293 0.002125 0.025222
v 0.056845 0.001422 0.025328
v -0.077579 0.002283 0.025062
v 0.010227 0.001573 0.024493
v -0.077255 0.001659 0.020201
v 0.011831 0.001896 0.020511
v 0.057051 0.000554 0.021594
v 0.053683 0.000858 0.020613
v 0.029010 0.000960 0.021140
v 0.032156 0.002867 0.020181
v -0.077025 0.002416 0.015787
v 0.012629 0.002872 0.016310
v 0.032469 0.001305 0.016328
v 0.014762 0.001238 0.012055
v 0.056651 0.001640 0.011766
v 0.032293 0.000207 0.013543
v -0.076044 0.002387 0.012043
v -0.029899 0.001966 0.013136
v -0.024549 0.001805 0.013621
v -0.020196 0.002381 0.011546
v 0.036440 0.002152 0.012184
v -0.033174 0.002670 0.011418
v 0.085049 0.000097 0.009834
v 0.084860 0.001579 0.012081
v 0.015272 0.002093 0.008090
v 0.059719 0.001152 0.007486
v 0.036983 0.001166 0.007748
v 0.080363 0.001165 0.008622
v -0.033958 0.001315 0.008540
v -0.074802 0.002384 0.007726
v -0.017167 0.001866 0.008013
v -0.034474 0.001274 0.003508
v 0.061015 0.002383 0.003383
v -0.015226 0.002198 0.005466
v 0.015978 0.002341 0.003543
v -0.073296 0.002260 0.003550
v 0.090777 0.001750 0.003572
v 0.063644 0.000904 0.002316
v 0.076192 0.001433 0.004063
v -0.013740 0.002688 0.003568
v -0.072440 0.002132 0.001197
v 0.040730 0.001852 0.000518
v 0.074254 0.002080 0.004015
v 0.073923 0.001108 0.000430
v -0.012162 0.002130 0.000218
v 0.016905 0.002296 -0.000127
v 0.064495 0.001431 -0.000323
v 0.090845 0.002484 -0.000328
v -0.033831 0.002319 -0.000720
v 0.018244 0.000958 -0.001548
v -0.070728 0.002748 -0.001173
v 0.074951 0.000475 -0.003523
v -0.069098 0.002054 -0.004443
v -0.032047 0.002306 -0.004176
v -0.011130 0.001302 -0.002719
v 0.041597 0.001073 -0.004190
v 0.067284 0.000600 -0.003896
v 0.018599 0.001697 -0.004710
v -0.030742 0.001214 -0.005347
v 0.090025 0.002073 -0.004309
v 0.019985 0.001742 -0.008244
v 0.068135 0.001070 -0.008515
v 0.088545 0.002123 -0.007354
v -0.029223 0.001909 -0.008386
v 0.044339 0.002488 -0.008472
v -0.066205 0.002533 -0.008189
v -0.008149 0.002248 -0.007630
v 0.076537 0.002545 -0.008614
v -0.064476 0.001679 -0.010949
v -0.027452 0.002734 -0.011835
v 0.023123 0.000622 -0.012855
v 0.077244 0.001576 -0.012054
v 0.045242 0.002523 -0.012242
v -0.006866 0.001001 -0.011416
v 0.085027 0.001957 -0.011898
v -0.061758 0.002292 -0.013122
v -0.025781 0.001030 -0.013065
v -0.005088 0.002467 -0.012498
v 0.067992 0.001754 -0.012297
v -0.003482 0.001560 -0.016131
v 0.023951 0.002106 -0.016432
v 0.078784 0.000466 -0.015416
v -0.059967 0.002235 -0.015210
v 0.083763 0.000579 -0.014477
v -0.024909 0.002414 -0.016382
v 0.080712 0.000784 -0.015512
v -0.057673 0.002541 -0.017002
v 0.045367 0.002455 -0.016081
v 0.044250 0.002533 -0.019992
v -0.022057 0.001127 -0.020798
v 0.068020 0.001064 -0.019748
v -0.055627 0.002001 -0.018878
v 0.027681 0.002043 -0.020281
v -0.053486 0.001921 -0.020847
v -0.002402 0.001262 -0.019118
v 0.032386 0.000593 -0.021391
v -0.000501 0.002315 -0.020512
v 0.040668 0.000966 -0.021347
v 0.037532 0.000347 -0.021671
v 0.000919 0.001463 -0.023409
v -0.049153 0.002187 -0.023979
v -0.020910 0.001552 -0.024522
v -0.020843 0.002340 -0.027910
v -0.044561 0.001842 -0.028347
v 0.004965 0.001707 -0.028211
v 0.097845 0.000588 -0.028785
v 0.101981 0.000627 -0.028489
v 0.092812 0.000548 -0.029062
v 0.105156 0.000447 -0.028211
v 0.088717 0.000446 -0.028945
v 0.064783 0.001756 -0.027964
v -0.020455 0.002315 -0.031935
v 0.008339 0.001179 -0.032496
v -0.077459 0.002705 -0.031739
v 0.064077 0.000557 -0.031681
v 0.100841 0.001071 -0.032525
v -0.081908 0.001717 -0.032348
v -0.073166 0.001939 -0.031584
v -0.041290 0.002535 -0.032385
v -0.017902 0.000195 -0.031642
v -0.069195 0.002203 -0.032165
v 0.097281 0.001687 -0.032490
v 0.082803 0.000359 -0.033147
v -0.061061 0.002335 -0.033815
v 0.061170 0.002295 -0.032325
v -0.041534 0.002314 -0.035736
v 0.102001 0.001802 -0.036494
v -0.056635 0.001672 -0.034901
v -0.020432 0.003046 -0.035743
v -0.016170 0.001795 -0.037336
v 0.085183 0.000506 -0.035789
v -0.053554 0.002648 -0.036055
v -0.081869 0.001212 -0.036340
v 0.012174 0.001527 -0.035521
v 0.082711 0.000587 -0.035914
v -0.049207 0.002334 -0.036998
v -0.045243 0.002301 -0.036905
v 0.059722 0.001507 -0.035790
v 0.015653 0.002260 -0.036488
v 0.093622 0.001703 -0.036542
v 0.103869 0.001185 -0.039096
v 0.057073 0.002126 -0.036759
v 0.089484 0.001060 -0.040854
v 0.091779 0.001075 -0.040202
v 0.097480 0.002597 -0.036645
v 0.017006 0.000918 -0.038940
v -0.073336 0.002204 -0.040677
v -0.068828 0.002350 -0.040484
v 0.098554 0.001202 -0.039410
v -0.065567 0.001442 -0.041336
v 0.101919 0.002215 -0.039963
v -0.008826 0.001424 -0.041582
v 0.020104 0.001358 -0.039758
v 0.053528 0.001481 -0.040009
v -0.004700 0.000689 -0.041615
v -0.061339 0.002022 -0.043907
v 0.049419 0.002147 -0.040852
v 0.023702 0.001815 -0.040622
v 0.028033 0.000980 -0.043400
v -0.004851 0.000908 -0.043771
v -0.057183 0.002200 -0.045042
v 0.045078 0.001242 -0.043459
v 0.031756 0.001281 -0.043807
v 0.036247 0.001840 -0.043852
v 0.040952 0.001368 -0.044031
v -0.008204 0.001865 -0.045156
v -0.053799 0.002415 -0.046189
v -0.048965 0.002109 -0.047512
v -0.044830 0.002171 -0.049325
v -0.008539 0.001874 -0.049894
v -0.077716 0.002336 -0.053041
v -0.073513 0.001201 -0.053426
v -0.004067 0.001122 -0.053232
v -0.044735 0.002373 -0.052753
v -0.001418 0.000373 -0.053749
v -0.080927 0.001934 -0.054674
v -0.053308 0.002341 -0.054298
v -0.065175 0.002289 -0.055682
v -0.061263 0.001243 -0.055011
v -0.057141 0.002305 -0.054728
v -0.082916 0.002137 -0.056913
v -0.003925 0.000866 -0.056322
v -0.084751 0.001929 -0.058554
v -0.008424 0.001962 -0.057281
v -0.086842 0.002478 -0.060473
v -0.008040 0.001162 -0.061921
v -0.089320 0.001698 -0.062276
v -0.069408 0.000578 -0.062555
v -0.075880 0.000657 -0.063132
v -0.081870 0.002186 -0.065067
v -0.078082 0.001269 -0.065001
v -0.065290 0.001976 -0.065083
v -0.004425 0.000587 -0.064844
v -0.086203 0.001157 -0.065556
v -0.012505 0.002134 -0.065647
v -0.008381 0.001514 -0.064793
v -0.063169 0.001998 -0.066611
v -0.023624 0.001102 -0.067063
v -0.024656 0.001380 -0.069338
v -0.061472 0.002183 -0.069762
v -0.029400 0.000697 -0.070239
v -0.033062 0.002473 -0.070445
v -0.057574 0.002517 -0.071148
v -0.037429 0.002333 -0.070319
v -0.056147 0.001370 -0.071521
v -0.053601 0.001784 -0.071821
v -0.041737 0.001304 -0.071642
v -0.038623 0.000548 -0.071540
v -0.049240 0.002386 -0.072014
v -0.045591 0.001913 -0.072004
v -0.052972 0.002032 0.054822
v -0.012751 0.002263 0.054681
v -0.041825 0.001965 0.052767
v 0.049191 0.002484 0.048953
v 0.025487 0.002401 0.037296
v 0.006050 0.000782 0.035340
v 0.052598 0.002236 0.025379
v 0.053481 0.002211 0.016556
v 0.081512 0.002752 0.011880
v 0.089303 0.002682 0.011804
v 0.037572 0.000423 0.004754
v 0.040659 0.002698 0.003977
v 0.065403 0.002569 -0.004198
v 0.075759 0.002524 -0.004156
v -0.009623 0.003064 -0.003731
v 0.067935 0.001630 -0.015539
v 0.067459 0.000720 -0.024208
v 0.085180 0.000667 -0.032312
v -0.065060 0.002172 -0.033025
v -0.079328 0.000254 -0.037071
v 0.055643 0.000612 -0.039954
v -0.076933 0.001836 -0.043337
v -0.049160 0.002036 -0.053705
v -0.068017 0.000854 -0.055030
v -0.069613 0.002513 -0.056179
v -0.011687 0.002820 -0.057909
v -0.012163 0.002742 -0.061847
v -0.072905 0.001389 -0.065026
v -0.089393 0.002411 -0.065865
v -0.019794 0.002222 -0.066864
v -0.016126 0.002470 -0.067110
v 0.073068 0.002227 0.054272
v -0.071819 0.002697 0.044076
v 0.069031 0.002786 0.038066
v 0.075588 0.002943 -0.000722
v 0.020684 0.002779 -0.011896
v 0.040198 0.002793 -0.023993
v 0.036069 0.002757 -0.024329
v -0.086731 0.002134 -0.031975
v -0.025201 0.002089 -0.073604
v -0.020187 0.002330 -0.073765
v 0.052040 0.002063 0.048206
v 0.083830 0.002929 0.045526
v 0.080112 0.002736 0.037608
v 0.057006 0.002972 0.007808
v 0.077499 0.002650 0.008455
v 0.080954 0.002815 -0.012690
v 0.032022 0.002706 -0.023705
v 0.065125 0.002755 -0.024236
v 0.003435 0.002800 -0.024998
v -0.086771 0.002091 -0.029928
v -0.042987 0.002498 -0.029591
v 0.093332 0.001803 -0.032730
v 0.088781 0.001391 -0.032100
v 0.088757 0.001541 -0.035880
v -0.069003 0.002697 -0.065319
v -0.029007 0.002719 -0.072549
v -0.041157 0.002945 -0.070895
v -0.020106 0.002684 -0.076946
v 0.046541 0.002408 0.050309
v 0.035816 0.003087 0.016169
v -0.090060 0.002881 -0.032192
v 0.011521 0.002857 -0.033106
v 0.027557 0.002926 -0.040216
v 0.060541 0.003354 0.054828
v 0.065116 0.003486 0.055255
v 0.083536 0.003137 0.051429
v 0.052646 0.002644 0.045266
v 0.026483 0.003175 0.041937
v 0.063969 0.003298 0.034318
v 0.059474 0.003660 0.029723
v 0.074339 0.003504 0.007661
v 0.091605 0.003126 0.004346
v -0.035453 0.003385 0.003950
v 0.017346 0.003131 -0.003773
v 0.043617 0.003170 -0.004367
v 0.086821 0.003073 -0.009127
v 0.025134 0.002678 -0.018727
v -0.023618 0.003046 -0.020332
v -0.022806 0.003177 -0.023127
v -0.046077 0.002908 -0.025803
v 0.007294 0.003116 -0.029004
v -0.058217 0.003249 -0.034602
v -0.014644 0.003138 -0.039216
v -0.065131 0.003202 -0.043152
v -0.007835 0.002260 -0.053180
v -0.077336 0.002954 -0.068797
v 0.049748 0.003310 0.045087
v 0.053783 0.003146 0.027503
v 0.050566 0.003305 0.023994
v 0.050425 0.003501 0.020516
v 0.053122 0.003392 0.013008
v 0.085023 0.003316 0.015282
v 0.087875 0.003466 0.015162
v -0.035509 0.003700 0.007901
v 0.040257 0.003204 0.007398
v 0.061815 0.003501 -0.000124
v 0.065646 0.003346 -0.007930
v -0.005899 0.003596 -0.009456
v 0.065420 0.003374 -0.020310
v 0.043422 0.003405 -0.023163
v 0.061681 0.003647 -0.028192
v -0.086612 0.003134 -0.036458
v -0.082424 0.003245 -0.041088
v 0.053471 0.003278 -0.036805
v 0.020104 0.003407 -0.036329
v -0.012228 0.003266 -0.045070
v 0.040529 0.003106 -0.041699
v 0.032152 0.003269 -0.040966
v -0.042897 0.003558 -0.051119
v -0.073876 0.003126 -0.056614
v -0.061185 0.003205 -0.055578
v -0.021631 0.002765 -0.069366
v -0.086082 0.003462 -0.067956
v -0.073354 0.003540 -0.069324
v -0.037134 0.003645 0.050793
v 0.001682 0.003317 0.042262
v 0.039379 0.003462 0.011149
v 0.091818 0.003432 0.006313
v 0.066095 0.003233 -0.016126
v 0.028193 0.003777 -0.023325
v -0.090721 0.003693 -0.034799
v 0.044852 0.003698 -0.040228
v 0.035642 0.003298 -0.041402
v -0.011338 0.003650 -0.049214
v -0.012643 0.003530 -0.053514
v 0.053325 0.003735 0.041102
v 0.013337 0.003604 0.011398
v 0.057572 0.003751 0.004825
v 0.066196 0.003519 -0.012285
v 0.021496 0.003704 -0.015161
v -0.001432 0.003811 -0.016561
v -0.051060 0.003648 -0.021569
v 0.057628 0.003699 -0.033046
v -0.085700 0.003672 -0.038744
v -0.077453 0.003812 -0.057264
v -0.053418 0.003784 -0.071289
v -0.045200 0.003661 -0.071272
v -0.023909 0.003698 -0.075838
v 0.055778 0.003947 0.040345
v 0.030402 0.003683 0.023965
v 0.050454 0.003849 0.016498
v 0.043270 0.003696 -0.000306
v -0.022758 0.003666 -0.033112
v -0.015447 0.003877 -0.057976
v -0.015805 0.003823 -0.061319
v -0.089102 0.003737 -0.067765
v 0.048770 0.005934 0.045019
v -0.001100 0.005847 0.044749
v 0.053490 0.006045 0.037116
v 0.004963 0.006226 0.033566
v 0.054507 0.006561 0.033618
v 0.024953 0.005873 0.032695
v 0.082920 0.003913 0.015397
v -0.023392 0.006001 0.013865
v 0.013810 0.003786 0.008732
v 0.012247 0.006197 0.007407
v -0.036178 0.005835 0.003097
v 0.062975 0.003993 -0.003309
v 0.016120 0.005865 -0.008072
v 0.085082 0.005730 -0.008209
v -0.041544 0.005542 -0.027941
v -0.082158 0.005935 -0.033148
v 0.015362 0.003916 -0.033395
v -0.039029 0.003947 -0.035138
v 0.023679 0.003915 -0.037018
v -0.074029 0.005646 -0.041807
v -0.081251 0.005949 -0.041685
v -0.072324 0.004820 -0.058208
v -0.065654 0.006507 -0.066104
v -0.070741 0.003988 -0.068205
v -0.037157 0.005902 -0.069234
v -0.050784 0.003908 -0.071300
v 0.069299 0.005837 0.054753
v 0.044906 0.006317 0.052986
v 0.073272 0.006336 0.053985
v 0.080841 0.005836 0.052536
v 0.040997 0.006263 0.053392
v -0.024763 0.006186 0.052468
v 0.057309 0.006102 0.052921
v 0.053024 0.006514 0.052012
v -0.068455 0.005936 0.047784
v 0.044922 0.006917 0.049098
v 0.084249 0.006292 0.044869
v 0.049894 0.005967 0.042242
v 0.083850 0.006736 0.041519
v 0.052210 0.005684 0.040499
v 0.083062 0.005173 0.040149
v 0.055688 0.004103 0.038606
v 0.056435 0.005680 0.036489
v 0.064831 0.006394 0.033046
v 0.061899 0.005240 0.031405
v 0.061226 0.006941 0.029461
v 0.006860 0.005636 0.029115
v 0.053018 0.006235 0.028840
v 0.048626 0.005354 0.024625
v 0.008020 0.005820 0.024957
v 0.031797 0.006245 0.024830
v -0.077196 0.006694 0.020165
v 0.010411 0.005986 0.016448
v 0.084253 0.004676 0.017810
v 0.089696 0.004776 0.015870
v -0.020521 0.006372 0.012710
v 0.041547 0.004535 0.012086
v 0.051561 0.004304 0.011233
v -0.018091 0.006628 0.011237
v 0.074575 0.005737 0.008925
v -0.015766 0.006311 0.008900
v 0.074677 0.004512 0.005424
v 0.076120 0.006265 0.003309
v 0.045091 0.004774 -0.000312
v 0.015002 0.005163 -0.000549
v 0.077223 0.006166 -0.004490
v -0.033764 0.005994 -0.004273
v -0.068741 0.006214 -0.003993
v -0.007465 0.005478 -0.004063
v 0.061291 0.005024 -0.004531
v 0.087648 0.005094 -0.006776
v 0.064317 0.004417 -0.008737
v -0.003834 0.006209 -0.008537
v 0.083815 0.004248 -0.010318
v -0.064027 0.005101 -0.010919
v 0.081323 0.004484 -0.010786
v -0.003166 0.004787 -0.011776
v 0.019288 0.005726 -0.016291
v -0.028862 0.006683 -0.015902
v 0.064228 0.004425 -0.016511
v -0.000163 0.005354 -0.015707
v -0.026498 0.004855 -0.017088
v 0.023903 0.004581 -0.020507
v -0.053030 0.005974 -0.019487
v -0.049341 0.006318 -0.021322
v -0.024825 0.005098 -0.024018
v 0.004554 0.004506 -0.023494
v 0.044708 0.004732 -0.024517
v 0.061160 0.004885 -0.023925
v 0.027983 0.004647 -0.024794
v -0.045324 0.005959 -0.024249
v 0.006247 0.003832 -0.026046
v 0.033080 0.004131 -0.026107
v 0.034704 0.004119 -0.026225
v 0.040547 0.004210 -0.026134
v -0.024807 0.005037 -0.028050
v 0.011650 0.004982 -0.028316
v -0.040096 0.004707 -0.030773
v -0.086266 0.005727 -0.033340
v 0.012237 0.004360 -0.031033
v -0.065079 0.006156 -0.032813
v 0.016058 0.004706 -0.031976
v -0.024252 0.006639 -0.036017
v -0.090674 0.005375 -0.036925
v -0.041263 0.006653 -0.037739
v 0.049228 0.004783 -0.036278
v -0.020771 0.005188 -0.037552
v 0.050697 0.004053 -0.037129
v 0.027805 0.004084 -0.037829
v 0.030397 0.004041 -0.037816
v -0.086014 0.005353 -0.041327
v -0.016025 0.005715 -0.045199
v -0.053500 0.006479 -0.045892
v -0.012507 0.004594 -0.049588
v -0.045040 0.005391 -0.047703
v -0.041389 0.006272 -0.049830
v -0.013442 0.004357 -0.052125
v -0.049562 0.006160 -0.053433
v -0.057152 0.006308 -0.054745
v -0.061141 0.006289 -0.055759
v -0.081416 0.004866 -0.057316
v -0.085253 0.006298 -0.061800
v -0.089356 0.005519 -0.065327
v -0.017424 0.004451 -0.062148
v -0.015966 0.004651 -0.065271
v -0.081934 0.004468 -0.067233
v -0.021002 0.005896 -0.065434
v -0.022072 0.004775 -0.069756
v -0.072825 0.004973 -0.070737
v -0.078417 0.005172 -0.070233
v -0.057516 0.006543 -0.069371
v -0.045339 0.006250 -0.070423
v -0.021917 0.005801 -0.076361
v -0.053360 0.006172 0.054717
v 0.077589 0.006488 0.053503
v -0.012522 0.006424 0.054422
v -0.041814 0.006300 0.052893
v 0.049240 0.005775 0.052879
v -0.037570 0.006304 0.052251
v -0.033649 0.006196 0.052183
v -0.029681 0.006337 0.052090
v -0.004720 0.006278 0.048932
v -0.065968 0.006045 0.050176
v 0.029542 0.005158 0.047879
v 0.049061 0.004254 0.047091
v 0.052564 0.004513 0.043777
v 0.027162 0.006458 0.041509
v -0.075106 0.006215 0.037060
v 0.069006 0.005553 0.035924
v 0.081273 0.006383 0.036856
v 0.003682 0.006078 0.037108
v 0.057250 0.006364 0.033275
v 0.025504 0.005680 0.030291
v -0.076949 0.006248 0.028603
v 0.027513 0.006086 0.027545
v 0.033210 0.004408 0.022342
v 0.036160 0.005274 0.020906
v 0.010436 0.004748 0.020020
v 0.048113 0.004641 0.019245
v 0.085262 0.005804 0.020625
v 0.039975 0.004523 0.015773
v 0.048190 0.004604 0.016340
v -0.025705 0.006499 0.014459
v 0.081171 0.005622 0.016485
v -0.029574 0.006242 0.014038
v 0.092518 0.006287 0.011952
v 0.011485 0.005821 0.011779
v 0.079660 0.005017 0.013524
v 0.049204 0.004850 0.011561
v 0.076836 0.005173 0.012396
v 0.074690 0.006345 0.012501
v 0.053102 0.004587 0.007892
v 0.042540 0.004560 0.008524
v 0.044971 0.005147 0.007520
v 0.014015 0.004827 0.004421
v 0.056518 0.004838 0.003055
v 0.091782 0.006085 0.001010
v -0.072177 0.005458 0.000697
v -0.035576 0.006315 -0.000240
v 0.060043 0.004627 -0.000667
v 0.076424 0.006399 -0.000428
v 0.045782 0.004715 -0.004287
v 0.015398 0.005572 -0.004554
v -0.006449 0.004702 -0.006980
v 0.078635 0.005761 -0.007614
v 0.048460 0.005518 -0.008520
v -0.030787 0.005438 -0.009283
v 0.081432 0.006492 -0.008513
v -0.029624 0.005726 -0.012237
v 0.018666 0.004944 -0.011951
v -0.061651 0.006458 -0.012191
v 0.048572 0.005350 -0.012331
v 0.048621 0.005114 -0.016155
v -0.057584 0.006245 -0.015939
v 0.001327 0.004630 -0.018894
v -0.025740 0.005040 -0.020152
v 0.048872 0.005503 -0.020236
v 0.046459 0.004699 -0.021255
v 0.004187 0.005788 -0.019778
v 0.063618 0.004487 -0.020388
v 0.008039 0.005523 -0.024191
v 0.032457 0.004707 -0.028182
v 0.036945 0.004861 -0.028605
v 0.040690 0.004733 -0.027536
v 0.059738 0.004429 -0.028301
v 0.008884 0.004597 -0.027745
v 0.056511 0.004568 -0.031769
v -0.090229 0.006074 -0.032972
v -0.025727 0.005294 -0.032629
v -0.037333 0.005708 -0.031818
v -0.061282 0.006285 -0.033448
v 0.019846 0.004977 -0.032246
v -0.037253 0.005938 -0.036311
v 0.023906 0.004477 -0.035257
v 0.052366 0.004597 -0.034793
v 0.053425 0.004939 -0.032607
v 0.027686 0.004744 -0.035754
v 0.031964 0.004728 -0.036340
v 0.044641 0.005050 -0.036198
v 0.044473 0.004364 -0.038722
v 0.035995 0.004837 -0.036522
v 0.039986 0.004914 -0.036794
v 0.037091 0.004516 -0.038865
v 0.040866 0.004384 -0.039337
v -0.017115 0.005345 -0.040996
v -0.077418 0.006765 -0.041486
v -0.069911 0.005321 -0.042696
v -0.013757 0.004432 -0.042425
v -0.068709 0.006557 -0.043199
v -0.057227 0.006340 -0.045114
v -0.048143 0.005291 -0.047092
v -0.041343 0.006744 -0.052275
v -0.016505 0.005437 -0.053197
v -0.017090 0.004615 -0.056997
v -0.065643 0.006470 -0.056954
v -0.069148 0.005981 -0.057923
v -0.021077 0.006095 -0.057900
v -0.078015 0.004539 -0.059002
v -0.077683 0.006538 -0.060976
v -0.089048 0.006590 -0.068385
v -0.081767 0.006496 -0.069419
v -0.086565 0.006029 -0.069621
v -0.060676 0.005285 -0.068877
v -0.049128 0.006607 -0.069993
v -0.033363 0.006630 -0.069933
v -0.053184 0.006289 -0.070233
v -0.029231 0.006132 -0.072787
v -0.021722 0.004847 -0.074118
v -0.024119 0.005985 -0.075754
v 0.035978 0.006479 0.055103
v 0.036858 0.006238 0.055263
v 0.061620 0.006278 0.054170
v 0.065390 0.006138 0.055327
v 0.067895 0.006474 0.055284
v -0.049674 0.006388 0.054667
v -0.015909 0.006454 0.054834
v 0.032658 0.006398 0.052882
v -0.057085 0.006458 0.054111
v -0.061329 0.006369 0.052869
v -0.020532 0.006516 0.053786
v -0.008263 0.006336 0.052449
v -0.064133 0.006326 0.051493
v 0.083737 0.005942 0.048567
v -0.036671 0.005439 0.050785
v 0.030987 0.006804 0.049389
v -0.070808 0.006435 0.045404
v 0.028762 0.006285 0.044958
v -0.071797 0.005610 0.044077
v 0.000650 0.006912 0.041642
v -0.073310 0.006600 0.041171
v 0.002064 0.005631 0.040309
v 0.055666 0.004830 0.039828
v 0.025360 0.006183 0.037386
v 0.073188 0.006390 0.035768
v 0.077114 0.006205 0.035121
v -0.076783 0.006203 0.032812
v 0.006352 0.005013 0.032182
v 0.057286 0.006115 0.029407
v -0.077556 0.006439 0.025141
v 0.008680 0.006794 0.020611
v 0.089287 0.006387 0.020322
v -0.077220 0.005905 0.016117
v 0.044365 0.005047 0.016140
v 0.091435 0.005521 0.014191
v -0.076236 0.006159 0.013600
v -0.033239 0.006618 0.012797
v -0.035342 0.006647 0.010761
v -0.075243 0.007085 0.011099
v 0.049406 0.005333 0.007650
v -0.036145 0.006287 0.008330
v -0.074683 0.006361 0.007913
v 0.092772 0.006497 0.007614
v 0.053449 0.005553 0.003361
v -0.011899 0.006133 0.004234
v 0.012337 0.006817 0.003401
v -0.072842 0.006265 0.003959
v -0.010532 0.005120 0.000609
v 0.057128 0.005517 -0.000602
v -0.034681 0.005449 -0.001394
v 0.090970 0.006664 -0.001282
v -0.070824 0.006503 -0.000702
v -0.008189 0.006872 -0.000497
v 0.089016 0.006361 -0.004481
v 0.061446 0.005509 -0.008258
v -0.065552 0.006464 -0.008004
v -0.032320 0.006565 -0.007958
v 0.064237 0.004663 -0.012156
v 0.019673 0.006083 -0.020093
v 0.061409 0.005217 -0.020290
v 0.023746 0.005540 -0.024050
v -0.048093 0.005315 -0.022930
v 0.027935 0.005280 -0.027980
v -0.043676 0.005088 -0.026524
v 0.057267 0.005247 -0.027965
v -0.073134 0.006376 -0.031924
v -0.069235 0.006603 -0.032099
v -0.077092 0.006444 -0.032244
v -0.093425 0.006830 -0.036389
v -0.059330 0.006443 -0.034162
v -0.057216 0.006380 -0.035002
v -0.053730 0.006422 -0.036143
v -0.049401 0.006421 -0.037250
v -0.017933 0.005427 -0.037904
v -0.045563 0.006511 -0.037591
v -0.089691 0.006962 -0.040426
v -0.065039 0.006452 -0.043655
v -0.060955 0.006442 -0.044431
v -0.049424 0.006823 -0.046090
v -0.016663 0.005988 -0.049424
v -0.045393 0.006277 -0.052759
v -0.053248 0.006652 -0.053975
v -0.084094 0.005674 -0.058413
v -0.073655 0.006554 -0.059750
v -0.020785 0.006125 -0.061619
v -0.061358 0.006862 -0.065432
v -0.068604 0.005220 -0.066852
v -0.070139 0.006344 -0.069344
v -0.040739 0.006727 -0.070154
v -0.073414 0.006504 -0.072167
v -0.077355 0.006708 -0.072683
v -0.024820 0.006441 -0.073658
v -0.045140 0.006330 0.053233
v 0.044582 0.005663 0.020686
v 0.040352 0.006066 0.020721
v 0.045250 0.005202 0.011974
v 0.045726 0.005241 0.003617
v 0.092463 0.006693 0.004383
v 0.060641 0.005848 -0.012273
v -0.000153 0.006577 -0.012115
v 0.060529 0.005787 -0.016186
v 0.044801 0.005538 -0.028148
v 0.015852 0.005689 -0.027923
v 0.035541 0.005165 -0.032159
v 0.031703 0.005225 -0.032089
v 0.023685 0.005276 -0.032145
v 0.027658 0.005424 -0.031943
v 0.057010 0.006127 -0.004361
v 0.016125 0.006538 -0.012218
v -0.054085 0.006996 -0.017680
v 0.049211 0.005880 -0.024513
v 0.019859 0.005857 -0.027884
v 0.023640 0.005735 -0.028088
v 0.040128 0.005326 -0.031888
v 0.053420 0.005850 -0.027995
v 0.049490 0.005711 -0.032081
v 0.044732 0.005639 -0.032270
v -0.087374 0.006912 -0.065006
v -0.025565 0.005705 -0.068948
v 0.081730 0.007150 0.049988
v 0.075489 0.006903 0.007066
v 0.049534 0.005874 0.003532
v 0.049240 0.006160 -0.000538
v 0.052974 0.006107 -0.000388
v 0.049330 0.006122 -0.004406
v 0.003693 0.006703 -0.016385
v 0.008235 0.006422 -0.020524
v 0.057007 0.005886 -0.024161
v 0.057227 0.006262 -0.020247
v 0.012091 0.006253 -0.024158
v -0.037608 0.007032 -0.028368
v -0.028949 0.006666 -0.032296
v -0.093009 0.006641 -0.033464
v -0.033930 0.006849 -0.035389
v -0.020794 0.006690 -0.053856
v -0.025321 0.006780 -0.065750
v -0.028329 0.007072 -0.069107
v 0.088280 0.006818 0.024611
v 0.045307 0.006987 0.024172
v 0.081372 0.007060 0.020325
v 0.057558 0.006323 -0.008266
v -0.028580 0.007155 -0.020259
v 0.019625 0.006151 -0.023866
v -0.028701 0.007128 -0.024062
v 0.015995 0.006364 -0.024160
v 0.053551 0.006239 -0.024484
v -0.042211 0.007155 -0.024886
v 0.049955 0.006145 -0.027940
v -0.033288 0.006734 -0.032689
v -0.087725 0.007241 -0.034644
v -0.020880 0.006819 -0.040620
v -0.020564 0.006973 -0.044889
v -0.046358 0.007204 -0.046559
v 0.064325 0.007049 0.054966
v -0.006532 0.007291 0.050243
v -0.002689 0.007252 0.046198
v 0.025817 0.006804 0.038944
v 0.068905 0.007338 0.034280
v 0.005377 0.007475 0.029510
v 0.050352 0.007298 0.027878
v 0.085167 0.006660 0.024633
v 0.085027 0.006668 0.029284
v 0.028773 0.007309 0.026165
v 0.036047 0.007044 0.023666
v 0.091986 0.007235 0.016538
v 0.077083 0.007489 0.016246
v -0.012846 0.007326 0.007157
v -0.009530 0.007249 0.002964
v 0.012571 0.007398 -0.000070
v 0.053278 0.006403 -0.003934
v -0.004270 0.007614 -0.004270
v 0.012755 0.007481 -0.004099
v 0.053033 0.006612 -0.008625
v -0.000101 0.007818 -0.008588
v 0.052551 0.006324 -0.012176
v -0.031431 0.007323 -0.011223
v 0.057284 0.006484 -0.012407
v 0.015883 0.006879 -0.016042
v 0.052648 0.006384 -0.016166
v 0.057254 0.006321 -0.016212
v 0.052660 0.006358 -0.020176
v 0.015832 0.006857 -0.020337
v 0.011826 0.007006 -0.020281
v -0.029158 0.006914 -0.028124
v -0.024990 0.007440 -0.040653
v -0.086789 0.007546 -0.043948
v -0.072084 0.007097 -0.043083
v -0.021415 0.007240 -0.049418
v -0.081858 0.007291 -0.060377
v -0.025458 0.007386 -0.061820
v -0.029365 0.007734 -0.066721
v 0.085783 0.007276 0.033008
v 0.082032 0.007326 0.033057
v 0.082278 0.007373 0.029451
v 0.087817 0.007415 0.029240
v 0.009395 0.007514 0.015478
v -0.025194 0.007803 -0.053475
v -0.025351 0.007516 -0.057617
v 0.043708 0.007886 0.044798
v 0.084789 0.007660 0.036936
v 0.040624 0.007737 0.023957
v 0.008027 0.007414 -0.016126
v -0.046432 0.007643 -0.021864
v -0.033529 0.007701 -0.028054
v -0.025524 0.007519 -0.049666
v -0.058410 0.007814 -0.064959
v 0.001522 0.007863 0.038613
v 0.063852 0.007814 0.030591
v 0.082309 0.007806 0.025113
v 0.085932 0.007752 -0.005788
v 0.012960 0.007630 -0.008340
v 0.079540 0.007866 -0.005932
v 0.012092 0.007757 -0.012067
v 0.003812 0.007798 -0.012427
v 0.011926 0.007510 -0.016190
v -0.025532 0.007898 -0.044821
v -0.038210 0.007896 -0.050774
v -0.027901 0.007923 -0.051799
v -0.027975 0.007851 -0.062602
v 0.044395 0.010385 0.052902
v 0.053197 0.010698 0.049840
v 0.043963 0.008758 0.044968
v 0.072073 0.008038 0.034745
v 0.074401 0.007902 0.016269
v 0.009636 0.007879 0.011770
v 0.007968 0.007969 -0.013695
v -0.038556 0.007971 -0.025756
v -0.086165 0.010696 -0.045236
v 0.036403 0.010437 0.053914
v 0.039417 0.010238 0.055262
v 0.065228 0.010048 0.054232
v 0.069317 0.009625 0.055276
v -0.016428 0.009459 0.054863
v 0.040944 0.010238 0.054726
v -0.053280 0.010195 0.054278
v -0.020191 0.010514 0.054793
v -0.012364 0.010286 0.053219
v 0.073130 0.010295 0.054368
v -0.049296 0.010126 0.054852
v -0.045607 0.010548 0.054395
v -0.056995 0.009998 0.053765
v -0.025026 0.010315 0.054240
v 0.061431 0.010162 0.053156
v -0.060782 0.010022 0.052547
v -0.041566 0.009962 0.053476
v 0.076992 0.009623 0.052357
v -0.037150 0.009853 0.053248
v -0.033633 0.009930 0.052934
v -0.029109 0.009900 0.052941
v -0.009515 0.009195 0.052128
v 0.033749 0.008907 0.052106
v 0.056731 0.009799 0.052187
v -0.063811 0.008846 0.051179
v 0.053586 0.010241 0.051461
v -0.065812 0.010327 0.049114
v -0.008103 0.010661 0.049509
v 0.032902 0.010370 0.049053
v 0.044698 0.008349 0.049104
v 0.081032 0.009840 0.048935
v -0.005516 0.009488 0.047947
v -0.067658 0.009135 0.047702
v -0.069967 0.009877 0.045210
v -0.003939 0.010269 0.044896
v 0.031305 0.010467 0.045720
v 0.083036 0.009994 0.046089
v 0.028612 0.010148 0.044222
v 0.084208 0.010264 0.043926
v -0.001545 0.008864 0.043222
v -0.000995 0.009437 0.041079
v 0.085302 0.009898 0.041043
v -0.072774 0.010259 0.040585
v 0.026674 0.009943 0.042225
v 0.024964 0.010729 0.040839
v 0.000050 0.010402 0.036920
v 0.086862 0.009557 0.036969
v 0.024965 0.010093 0.037082
v -0.074427 0.009937 0.036744
v 0.080052 0.008344 0.035403
v 0.076842 0.009262 0.032828
v 0.002725 0.009597 0.032771
v 0.025224 0.010173 0.032740
v 0.073155 0.009323 0.033030
v -0.075373 0.010223 0.033819
v 0.088233 0.010186 0.033013
v 0.069834 0.009357 0.032394
v 0.079977 0.008792 0.033001
v 0.055441 0.008243 0.033159
v -0.076174 0.010181 0.032179
v 0.066548 0.008526 0.031836
v 0.003196 0.010456 0.029057
v 0.025745 0.009916 0.030295
v 0.065497 0.010206 0.028384
v 0.080634 0.008805 0.028858
v 0.089381 0.010263 0.028986
v -0.076299 0.009853 0.029606
v 0.053340 0.010129 0.029745
v 0.057209 0.009989 0.029839
v 0.061253 0.010100 0.029208
v 0.048912 0.010116 0.028494
v 0.027287 0.010154 0.027602
v 0.004539 0.010420 0.024842
v -0.076707 0.009884 0.025321
v 0.044963 0.010677 0.028046
v 0.028654 0.010247 0.026162
v 0.080578 0.008667 0.025169
v 0.043517 0.009205 0.026113
v 0.032322 0.010561 0.024060
v 0.040422 0.009753 0.024878
v 0.006410 0.008598 0.024038
v 0.036195 0.010436 0.023451
v 0.090507 0.009813 0.024850
v -0.076640 0.009556 0.021074
v 0.006713 0.009042 0.021206
v 0.092626 0.010114 0.020058
v 0.077476 0.009086 0.020157
v 0.007376 0.009382 0.016884
v -0.076608 0.009050 0.016325
v 0.074117 0.009836 0.015847
v 0.076947 0.008227 0.017354
v 0.093404 0.009893 0.015603
v -0.029216 0.010387 0.014683
v -0.025718 0.010379 0.015091
v 0.007683 0.009514 0.012053
v -0.030639 0.009138 0.014204
v -0.020421 0.009787 0.013974
v -0.033759 0.010394 0.013269
v 0.093666 0.010171 0.012495
v -0.074630 0.010018 0.012066
v -0.016272 0.010137 0.012469
v 0.074842 0.010301 0.012037
v -0.035932 0.009955 0.011151
v 0.010211 0.008402 0.007512
v -0.073294 0.010048 0.007539
v -0.011980 0.008982 0.008183
v 0.075799 0.009810 0.008158
v 0.093499 0.009784 0.008054
v -0.037589 0.010261 0.007814
v -0.072383 0.009106 0.005176
v -0.037737 0.009783 0.003963
v 0.076907 0.010256 0.003228
v -0.008016 0.009215 0.004459
v 0.092491 0.009966 0.004024
v 0.010390 0.008507 0.003262
v -0.006586 0.008517 0.000579
v 0.077985 0.010242 -0.000148
v 0.010784 0.008445 -0.000421
v 0.090090 0.010220 -0.000188
v -0.069644 0.010151 -0.000148
v -0.037404 0.010257 -0.000565
v -0.003984 0.009089 -0.000028
v -0.003226 0.008454 -0.003562
v 0.088289 0.008819 -0.003408
v -0.067981 0.009251 -0.003318
v 0.010808 0.008440 -0.004463
v -0.036410 0.010079 -0.004371
v 0.078468 0.008969 -0.002936
v -0.066516 0.010327 -0.004684
v 0.081060 0.009988 -0.004191
v 0.085320 0.010277 -0.003852
v 0.000029 0.009139 -0.004376
v 0.082354 0.008477 -0.006379
v -0.034015 0.009027 -0.008666
v 0.000688 0.008302 -0.007431
v 0.010887 0.008400 -0.008461
v 0.083772 0.008514 -0.006389
v -0.064330 0.009623 -0.007512
v -0.061934 0.011029 -0.008918
v -0.060424 0.009332 -0.011511
v -0.033341 0.009318 -0.012397
v 0.004443 0.008258 -0.010957
v 0.007991 0.008327 -0.012033
v 0.010397 0.008306 -0.011241
v -0.057584 0.010619 -0.012723
v -0.056464 0.009433 -0.014813
v -0.033212 0.009450 -0.015834
v -0.030767 0.008303 -0.017343
v -0.053171 0.010007 -0.016032
v -0.051648 0.008612 -0.018463
v -0.048662 0.008799 -0.019712
v -0.045052 0.009512 -0.020105
v -0.030882 0.008297 -0.022648
v -0.041464 0.008735 -0.022868
v -0.033742 0.008607 -0.024468
v -0.037051 0.008763 -0.024533
v -0.031991 0.008107 -0.025083
v -0.072988 0.010080 -0.032181
v -0.069215 0.009963 -0.032223
v -0.077064 0.010147 -0.032578
v -0.065079 0.010129 -0.032904
v -0.081444 0.009816 -0.033555
v -0.028709 0.009571 -0.033580
v -0.061301 0.009816 -0.033955
v -0.093619 0.008957 -0.034133
v -0.091665 0.008248 -0.033808
v -0.084105 0.009147 -0.034356
v -0.029005 0.010128 -0.036045
v -0.056993 0.010111 -0.035642
v -0.090493 0.010449 -0.035698
v -0.086401 0.010224 -0.035276
v -0.094539 0.010116 -0.036611
v -0.033669 0.010380 -0.035995
v -0.053713 0.009689 -0.036603
v -0.025536 0.008478 -0.037109
v -0.037279 0.010401 -0.036445
v -0.049045 0.009805 -0.037843
v -0.093564 0.010447 -0.039321
v -0.045306 0.010705 -0.038089
v -0.041423 0.010104 -0.037860
v -0.026039 0.008852 -0.039543
v -0.090960 0.009497 -0.041029
v -0.081663 0.008838 -0.041959
v -0.082327 0.010486 -0.044341
v -0.029281 0.009736 -0.040534
v -0.088914 0.010897 -0.043813
v -0.077486 0.010102 -0.043583
v -0.073125 0.010034 -0.043384
v -0.029541 0.009435 -0.045076
v -0.068968 0.009878 -0.043628
v -0.065363 0.010037 -0.043859
v -0.061101 0.010453 -0.044018
v -0.027703 0.008121 -0.044771
v -0.049082 0.010261 -0.045633
v -0.057395 0.010290 -0.043978
v -0.053544 0.010440 -0.044143
v -0.046122 0.009167 -0.046680
v -0.044916 0.009975 -0.047742
v -0.041598 0.010040 -0.048819
v -0.037267 0.009839 -0.049502
v -0.029544 0.009566 -0.049704
v -0.037338 0.010209 -0.052461
v -0.029686 0.009346 -0.053837
v -0.025138 0.008501 -0.053638
v -0.045255 0.010302 -0.052075
v -0.041563 0.010043 -0.052125
v -0.049343 0.010029 -0.052782
v -0.053387 0.009985 -0.053494
v -0.057027 0.010297 -0.054218
v -0.061252 0.010122 -0.055581
v -0.029027 0.009374 -0.057617
v -0.065777 0.009722 -0.057023
v -0.067962 0.009753 -0.058161
v -0.070563 0.009817 -0.059518
v -0.026293 0.008270 -0.060345
v -0.073542 0.010172 -0.061230
v -0.082810 0.009184 -0.062026
v -0.029756 0.008856 -0.061880
v -0.077989 0.009918 -0.062804
v -0.060134 0.010106 -0.062581
v -0.057648 0.010569 -0.062210
v -0.085601 0.008896 -0.066042
v -0.061839 0.009434 -0.063724
v -0.056699 0.009696 -0.065205
v -0.029258 0.008808 -0.065180
v -0.065521 0.010315 -0.065048
v -0.033052 0.009121 -0.065775
v -0.085998 0.010186 -0.069369
v -0.029108 0.009040 -0.069817
v -0.037465 0.008486 -0.067936
v -0.056678 0.009713 -0.068535
v -0.033015 0.008690 -0.068803
v -0.069873 0.010149 -0.069397
v -0.049204 0.009863 -0.069270
v -0.044984 0.009623 -0.068673
v -0.041715 0.009100 -0.069149
v -0.053481 0.009756 -0.069360
v -0.081950 0.008825 -0.071090
v -0.077674 0.010039 -0.073087
v -0.073642 0.009997 -0.072912
v -0.025509 0.008766 -0.073367
v -0.028439 0.009069 -0.072103
v 0.002282 0.008587 0.035992
v 0.055861 0.008224 0.035235
v 0.054437 0.008306 0.033957
v 0.079511 0.008628 0.022377
v 0.073391 0.010601 0.020212
v 0.007585 0.009765 0.007601
v -0.071230 0.010523 0.003523
v 0.007960 0.009231 -0.004386
v 0.003919 0.008722 -0.008443
v 0.008142 0.008740 -0.008319
v -0.032699 0.009091 -0.020210
v -0.041526 0.010179 -0.020273
v -0.079786 0.009016 -0.042785
v -0.037166 0.010055 -0.065597
v 0.048582 0.009835 0.052033
v 0.007604 0.009702 0.003808
v 0.007525 0.009739 -0.000272
v -0.033358 0.010232 -0.049528
v 0.020100 0.010784 0.049180
v 0.024459 0.010834 0.047722
v 0.023916 0.010586 0.044829
v 0.068855 0.010234 0.029515
v -0.008431 0.010418 0.007691
v 0.004061 0.009577 -0.004410
v -0.048966 0.010808 -0.016991
v -0.071281 0.009545 -0.071371
v 0.017174 0.010502 0.050026
v 0.017699 0.010469 0.051225
v 0.076963 0.010200 0.029128
v 0.077186 0.010401 0.024938
v -0.004462 0.010341 0.003837
v -0.000270 0.010038 -0.000274
v -0.036993 0.010240 -0.020203
v -0.032478 0.010882 -0.057385
v -0.033970 0.010299 -0.061578
v 0.067881 0.011107 0.054936
v 0.018374 0.010618 0.051184
v -0.002610 0.011252 0.041308
v 0.087825 0.011393 0.035770
v 0.042163 0.011290 0.026664
v 0.091789 0.010955 0.024050
v 0.004374 0.011218 0.020748
v -0.075729 0.011142 0.019403
v -0.021531 0.011390 0.014954
v 0.075444 0.010874 0.010441
v -0.012157 0.011342 0.011748
v 0.004303 0.010162 -0.000491
v -0.036434 0.011273 -0.008401
v -0.033250 0.011017 -0.044879
v -0.032850 0.010368 -0.053067
v -0.083313 0.011032 -0.064621
v -0.077996 0.011156 -0.063381
v -0.067719 0.011095 -0.066737
v -0.041185 0.011237 -0.065109
v -0.084550 0.010743 -0.071405
v -0.081810 0.011118 -0.071483
v 0.000737 0.011577 0.032861
v 0.073306 0.011082 0.029315
v -0.075749 0.011151 0.028311
v 0.069338 0.010938 0.025479
v 0.073525 0.010828 0.024736
v 0.003421 0.011688 0.016525
v 0.003880 0.011025 0.007609
v 0.004093 0.010534 0.003458
v -0.000488 0.010798 0.003314
v -0.036736 0.011446 -0.012341
v -0.037001 0.010958 -0.016460
v -0.045920 0.011667 -0.016763
v -0.032705 0.011184 -0.040252
v -0.037337 0.011127 -0.061728
v -0.063403 0.010698 0.051023
v 0.019772 0.011426 0.045126
v 0.004307 0.011199 0.012018
v 0.080595 0.011791 -0.001710
v -0.044621 0.011548 -0.066847
v -0.006429 0.011836 0.046683
v 0.020854 0.011579 0.042800
v -0.071061 0.011505 0.042473
v -0.008371 0.011817 0.010895
v -0.003964 0.011555 0.008027
v -0.000071 0.011578 0.008114
v -0.041152 0.011926 -0.016182
v -0.054875 0.011675 -0.065517
v 0.017329 0.011622 0.046348
v 0.001433 0.011776 0.030584
v -0.053759 0.011880 -0.013610
v -0.036324 0.011860 -0.055667
v 0.049129 0.014490 0.052905
v 0.053211 0.013556 0.048625
v 0.017334 0.013306 0.048393
v 0.017624 0.012749 0.045589
v 0.024481 0.013941 0.041611
v 0.072305 0.013951 0.020830
v 0.000694 0.012048 0.011944
v -0.037429 0.013397 -0.036714
v -0.056321 0.013978 -0.043189
v -0.036704 0.011935 -0.045004
v -0.049417 0.014364 -0.045210
v -0.045009 0.012960 -0.047476
v 0.040751 0.012711 0.055278
v 0.069335 0.014278 0.054643
v -0.049498 0.014621 0.053975
v -0.020815 0.014126 0.054049
v 0.043652 0.014182 0.055267
v 0.073423 0.014407 0.054877
v -0.045480 0.013985 0.054679
v -0.041568 0.014233 0.054538
v -0.029179 0.013775 0.054844
v -0.016291 0.014225 0.052582
v 0.040525 0.014832 0.054066
v -0.033027 0.014498 0.054611
v 0.064987 0.013933 0.053327
v -0.053291 0.014712 0.053197
v -0.037253 0.014038 0.054498
v -0.057113 0.014093 0.052795
v 0.037297 0.013395 0.052419
v 0.076750 0.014177 0.052583
v -0.060586 0.013441 0.051509
v -0.012537 0.013902 0.051548
v 0.060556 0.014419 0.052815
v 0.045746 0.013788 0.054153
v 0.057113 0.014454 0.052687
v 0.053371 0.014402 0.052721
v -0.062009 0.014729 0.050275
v -0.011533 0.014321 0.050489
v 0.079047 0.012098 0.050666
v 0.035814 0.014317 0.049298
v -0.064871 0.013512 0.048585
v 0.019821 0.013995 0.048826
v 0.080887 0.014227 0.048855
v -0.008425 0.014139 0.048657
v 0.023723 0.014358 0.048639
v 0.027651 0.014264 0.047807
v -0.068954 0.013415 0.044714
v 0.032374 0.014013 0.045520
v 0.028495 0.013222 0.045643
v -0.006684 0.013810 0.046113
v 0.082989 0.014337 0.046398
v 0.084546 0.014175 0.043946
v 0.018648 0.014414 0.044463
v -0.004480 0.014799 0.045001
v -0.003292 0.013477 0.041637
v 0.020188 0.014168 0.042498
v -0.070408 0.014495 0.041409
v 0.086269 0.014306 0.040889
v -0.001855 0.014543 0.040213
v 0.025908 0.012948 0.036716
v 0.087422 0.013095 0.038041
v -0.001094 0.014297 0.037135
v -0.072669 0.014112 0.037077
v 0.088369 0.014876 0.036606
v -0.000434 0.014106 0.033046
v 0.025904 0.012755 0.034230
v 0.089459 0.013911 0.032899
v -0.073974 0.014165 0.033268
v 0.026841 0.014632 0.032751
v -0.000251 0.013815 0.028941
v 0.090864 0.013868 0.029728
v 0.058225 0.013415 0.030578
v -0.074337 0.014245 0.028977
v 0.027939 0.014277 0.029029
v 0.053421 0.013084 0.030490
v 0.061246 0.014212 0.029919
v 0.049319 0.013137 0.029974
v 0.044840 0.014069 0.029043
v 0.064762 0.014222 0.028259
v 0.044193 0.014845 0.025065
v 0.092591 0.014035 0.024945
v 0.029618 0.014008 0.025976
v -0.075019 0.014272 0.025072
v 0.069516 0.014159 0.024458
v 0.032312 0.014176 0.023753
v 0.040870 0.013286 0.023424
v 0.002171 0.012351 0.024194
v 0.036350 0.014784 0.021896
v 0.093464 0.014061 0.021241
v -0.074335 0.014472 0.020430
v 0.002319 0.012537 0.020458
v -0.074207 0.014072 0.016074
v 0.093934 0.014147 0.016449
v -0.024929 0.014357 0.017029
v 0.074153 0.014221 0.016284
v -0.029569 0.014072 0.016073
v -0.019789 0.013847 0.016683
v -0.016736 0.012263 0.014586
v -0.012381 0.013856 0.016369
v -0.034370 0.014058 0.014044
v -0.072744 0.013947 0.011714
v -0.036836 0.014565 0.012327
v -0.007788 0.012809 0.013393
v 0.075633 0.014036 0.011352
v 0.093733 0.014317 0.011697
v -0.038465 0.013205 0.008569
v 0.092785 0.014154 0.007701
v -0.072794 0.012868 0.008886
v -0.070532 0.014940 0.007463
v 0.076843 0.014466 0.007582
v -0.069231 0.013908 0.003739
v -0.040252 0.014238 0.004061
v 0.092060 0.012947 0.004675
v 0.078411 0.014698 0.004317
v 0.090241 0.014483 0.003574
v -0.039033 0.012606 0.002134
v -0.068765 0.012805 0.000901
v -0.038892 0.012837 -0.000494
v 0.088457 0.013423 0.000770
v 0.081423 0.013884 0.000254
v 0.085416 0.014130 0.000183
v -0.065825 0.014787 -0.000104
v -0.064580 0.013307 -0.003974
v -0.038774 0.012737 -0.004332
v -0.038320 0.012488 -0.008282
v -0.060680 0.013431 -0.007181
v -0.056979 0.012503 -0.011120
v -0.053162 0.013173 -0.011722
v -0.049061 0.012448 -0.014749
v -0.041775 0.012411 -0.014808
v -0.073189 0.014214 -0.032706
v -0.068918 0.014207 -0.032822
v -0.077904 0.014378 -0.033684
v -0.065139 0.014405 -0.033633
v -0.062197 0.013707 -0.034243
v -0.081129 0.013317 -0.034402
v -0.082816 0.013996 -0.034846
v -0.060127 0.014028 -0.035121
v -0.057144 0.013752 -0.035962
v -0.086225 0.014552 -0.035985
v -0.093476 0.013825 -0.037473
v -0.090416 0.014381 -0.037376
v -0.041193 0.014411 -0.035954
v -0.053258 0.014351 -0.036560
v -0.049060 0.014183 -0.036573
v -0.045438 0.014195 -0.035998
v -0.093173 0.014112 -0.039979
v -0.036279 0.012154 -0.041816
v -0.091509 0.014642 -0.041681
v -0.090343 0.014127 -0.045103
v -0.061308 0.013726 -0.041764
v -0.058607 0.014805 -0.042288
v -0.074122 0.013952 -0.043718
v -0.065234 0.013064 -0.042940
v -0.078012 0.014256 -0.044667
v -0.081804 0.013994 -0.046016
v -0.041048 0.012595 -0.047723
v -0.038048 0.012273 -0.047943
v -0.049191 0.014104 -0.052026
v -0.045304 0.014645 -0.053209
v -0.053398 0.014268 -0.052491
v -0.041808 0.013712 -0.053732
v -0.038714 0.012634 -0.053985
v -0.057345 0.014151 -0.053562
v -0.060816 0.014471 -0.054574
v -0.062898 0.012994 -0.055604
v -0.065410 0.014270 -0.056364
v -0.034588 0.012310 -0.058136
v -0.036974 0.012930 -0.057632
v -0.040933 0.012980 -0.061004
v -0.057027 0.014003 -0.061653
v -0.061265 0.014305 -0.062234
v -0.073443 0.014256 -0.061179
v -0.077678 0.014637 -0.062701
v -0.049431 0.013955 -0.060937
v -0.081935 0.014000 -0.065006
v -0.048757 0.012050 -0.063359
v -0.077726 0.013171 -0.063269
v -0.053398 0.012733 -0.065502
v -0.049155 0.013203 -0.065567
v -0.044883 0.012719 -0.065378
v -0.066480 0.013848 -0.064259
v -0.069372 0.014762 -0.066083
v -0.070796 0.013524 -0.068888
v -0.049478 0.012803 -0.067857
v -0.053276 0.012680 -0.068031
v -0.073027 0.015218 -0.069540
v -0.084318 0.013343 -0.070795
v -0.081860 0.014352 -0.071643
v -0.077625 0.014431 -0.070439
v -0.076903 0.012650 -0.072185
v -0.073568 0.012856 -0.072023
v -0.024970 0.014267 0.054621
v 0.078898 0.014356 0.050598
v 0.053018 0.014575 0.045832
v -0.072187 0.013190 0.040133
v -0.000709 0.013386 0.015758
v -0.033248 0.014953 0.015064
v -0.010842 0.012506 0.013035
v -0.001056 0.013031 0.013350
v -0.003472 0.013531 0.012963
v -0.005303 0.012205 0.011054
v -0.057229 0.014058 -0.008417
v -0.038728 0.012428 -0.011346
v -0.041113 0.013015 -0.012399
v 0.045811 0.014247 -0.014990
v -0.045315 0.012633 -0.015119
v -0.037384 0.013134 -0.039901
v -0.038364 0.012485 -0.044693
v -0.069246 0.013655 -0.043351
v -0.053709 0.015081 -0.044305
v -0.041662 0.013416 -0.044525
v -0.086526 0.014338 -0.047860
v -0.069343 0.014822 -0.057980
v -0.045235 0.014028 -0.060988
v -0.083477 0.014638 -0.068963
v 0.050731 0.013116 0.050786
v -0.000651 0.014325 0.024459
v -0.000246 0.013728 0.020611
v -0.041568 0.013924 -0.008352
v 0.045519 0.014720 -0.012459
v -0.049656 0.013949 -0.012037
v -0.064783 0.014703 -0.062859
v -0.053469 0.014073 -0.061491
v -0.016059 0.014309 0.017170
v -0.061071 0.015062 -0.004356
v 0.048707 0.014692 -0.012135
v -0.045061 0.013947 -0.011843
v -0.007518 0.014441 0.016846
v -0.041202 0.014438 -0.004210
v 0.048181 0.014684 -0.009203
v 0.047846 0.014555 -0.014886
v -0.064855 0.014553 -0.041052
v -0.041047 0.014588 -0.057398
v -0.066706 0.014833 0.046300
v 0.056218 0.015178 0.031061
v -0.002441 0.014940 0.019376
v -0.004445 0.015192 0.015963
v -0.039687 0.015359 0.008435
v 0.079222 0.013874 0.001954
v -0.041269 0.015019 -0.000036
v -0.053926 0.015119 -0.008058
v -0.042550 0.014949 -0.034597
v -0.041410 0.014772 -0.040612
v -0.045336 0.014436 -0.044728
v -0.090707 0.014732 -0.048782
v 0.032563 0.015761 0.047957
v 0.034975 0.015699 0.046007
v 0.027368 0.015420 0.041185
v 0.027007 0.015544 0.036742
v 0.046222 0.014916 0.030687
v 0.048157 0.015476 0.031074
v 0.091847 0.014830 0.028088
v 0.040367 0.015209 0.021620
v -0.009426 0.015502 0.020063
v 0.080094 0.015660 0.002974
v 0.047868 0.014977 -0.004655
v 0.045606 0.014976 -0.008476
v -0.068075 0.014954 -0.041962
v 0.052891 0.015370 0.031083
v 0.045402 0.015216 -0.003965
v -0.045409 0.014886 -0.008322
v -0.083664 0.015247 -0.047178
v -0.071334 0.015430 -0.059263
v -0.044840 0.015861 -0.056979
v -0.018870 0.015429 0.018710
v 0.045703 0.015805 -0.000212
v 0.048062 0.015882 0.000748
v -0.057331 0.015796 -0.005322
v -0.048898 0.015567 -0.007920
v -0.092992 0.015774 -0.048545
v -0.011997 0.016013 0.020940
v -0.045411 0.015841 -0.004636
v 0.040784 0.017573 0.051871
v 0.036332 0.017186 0.050109
v -0.007496 0.016484 0.049773
v -0.004680 0.015989 0.047385
v 0.051893 0.018211 0.044336
v -0.003701 0.019003 0.024707
v 0.034370 0.017120 0.022335
v -0.016553 0.015800 0.019887
v 0.093587 0.018422 0.020685
v -0.072031 0.016939 0.015553
v 0.075197 0.015598 0.013667
v -0.062726 0.015735 -0.001557
v -0.045272 0.016048 -0.040958
v -0.048118 0.015954 -0.058851
v 0.044372 0.018284 0.053805
v 0.052796 0.018013 0.054416
v 0.065167 0.018044 0.053282
v -0.021245 0.017522 0.051717
v 0.057056 0.018189 0.053498
v 0.076955 0.018077 0.052781
v -0.056928 0.016741 0.051455
v -0.012389 0.018057 0.054028
v -0.007745 0.017997 0.053709
v -0.060930 0.017784 0.048636
v -0.003733 0.016974 0.048910
v 0.032064 0.017881 0.049512
v 0.019852 0.018530 0.048685
v -0.065033 0.018395 0.044806
v -0.002015 0.016206 0.044495
v 0.023405 0.016547 0.042530
v 0.028244 0.016941 0.041806
v 0.000079 0.017993 0.041319
v 0.088776 0.018154 0.037033
v 0.028892 0.018239 0.033293
v 0.090572 0.018202 0.032869
v -0.001608 0.018063 0.029383
v 0.065241 0.018040 0.028186
v -0.072998 0.017444 0.024589
v 0.093063 0.019134 0.024715
v 0.069741 0.018515 0.024310
v 0.044442 0.018472 0.020403
v -0.025138 0.017675 0.020247
v -0.029889 0.016953 0.017921
v 0.074257 0.017938 0.016941
v -0.005303 0.016544 0.016941
v -0.033204 0.018147 0.016959
v -0.071297 0.016153 0.011585
v -0.041774 0.017338 0.007765
v -0.065555 0.017296 0.004183
v 0.081388 0.017800 0.004835
v 0.085466 0.017829 0.004096
v -0.044440 0.016079 -0.001339
v 0.044679 0.018608 -0.000005
v 0.045159 0.018433 -0.004316
v 0.049156 0.018595 -0.008976
v 0.047572 0.016370 -0.014534
v -0.073477 0.018679 -0.033696
v -0.042635 0.016629 -0.036717
v -0.092548 0.016810 -0.040212
v -0.045437 0.016876 -0.038981
v -0.073405 0.018044 -0.041936
v -0.050532 0.016302 -0.042447
v -0.078041 0.018083 -0.043799
v -0.090301 0.018316 -0.044952
v -0.094639 0.018052 -0.049085
v -0.090387 0.018232 -0.049984
v -0.053499 0.018269 -0.053619
v -0.049357 0.017232 -0.053946
v -0.069211 0.018646 -0.053812
v -0.065354 0.017020 -0.055142
v -0.045745 0.016664 -0.057201
v -0.049696 0.018001 -0.057058
v -0.053631 0.017411 -0.059821
v -0.064896 0.018381 -0.062149
v -0.078182 0.018204 -0.061438
v -0.073386 0.018600 -0.066180
v -0.077669 0.017909 -0.069472
v 0.069748 0.018008 0.054456
v 0.073154 0.018071 0.054867
v -0.029528 0.017916 0.052650
v -0.045288 0.018007 0.052569
v -0.025595 0.017596 0.052314
v -0.016428 0.018344 0.052710
v -0.063738 0.016472 0.047542
v 0.023905 0.017928 0.048887
v 0.019333 0.017996 0.044380
v -0.000515 0.018351 0.044668
v 0.019956 0.018266 0.042855
v -0.068662 0.017687 0.040746
v -0.071284 0.016274 0.037742
v -0.069355 0.018818 0.036971
v 0.000277 0.017774 0.036720
v -0.000597 0.018194 0.033050
v 0.048343 0.018830 0.032281
v 0.053523 0.018047 0.031902
v 0.029538 0.017468 0.029343
v 0.032452 0.018327 0.024597
v -0.013861 0.016608 0.021690
v 0.072092 0.018115 0.021266
v -0.007697 0.017908 0.020834
v -0.021065 0.017510 0.021462
v -0.016578 0.016725 0.021695
v -0.004252 0.017537 0.020706
v 0.076147 0.017960 0.012056
v -0.040512 0.018264 0.011542
v 0.077931 0.017939 0.008411
v -0.068537 0.017479 0.008404
v 0.089633 0.018826 0.007702
v 0.088914 0.017003 0.004710
v -0.042627 0.016587 0.003460
v 0.048817 0.017900 0.003723
v 0.045463 0.018513 0.002982
v -0.063956 0.016498 0.000719
v 0.050305 0.017254 -0.000449
v -0.060845 0.017145 0.000013
v -0.045528 0.016838 -0.000184
v -0.046379 0.016439 -0.003251
v -0.056817 0.016630 -0.003820
v -0.049342 0.016700 -0.004354
v -0.053417 0.016915 -0.004343
v 0.045712 0.017692 -0.008119
v 0.046478 0.016896 -0.012225
v -0.068815 0.018212 -0.033748
v -0.076984 0.017543 -0.033936
v -0.065446 0.017876 -0.034269
v -0.049776 0.017242 -0.034285
v -0.045451 0.017585 -0.035993
v -0.082201 0.018229 -0.035642
v -0.053905 0.018992 -0.035811
v -0.056473 0.018913 -0.036689
v -0.086459 0.018347 -0.037176
v -0.091476 0.018210 -0.040780
v -0.069495 0.018183 -0.042282
v -0.065620 0.018231 -0.041085
v -0.061287 0.018692 -0.040847
v -0.049326 0.017549 -0.040041
v -0.053406 0.016721 -0.043018
v -0.086050 0.018644 -0.048389
v -0.057528 0.018618 -0.053825
v -0.070782 0.017283 -0.055791
v -0.073523 0.018270 -0.057464
v -0.074731 0.017425 -0.059778
v -0.061370 0.017789 -0.061304
v -0.081062 0.018071 -0.065509
v -0.068876 0.018318 -0.064217
v 0.046068 0.017303 0.055201
v 0.048009 0.017221 0.055194
v 0.049131 0.018354 0.055023
v -0.037281 0.018693 0.052522
v -0.041505 0.018836 0.052330
v -0.033603 0.018145 0.052707
v -0.048977 0.017970 0.052367
v -0.053533 0.017910 0.051742
v 0.061463 0.018442 0.053202
v -0.057431 0.019006 0.049419
v 0.081127 0.018196 0.048654
v 0.028084 0.018294 0.049237
v 0.082954 0.017086 0.046474
v 0.084316 0.018520 0.044522
v -0.067631 0.016865 0.043581
v 0.086693 0.018209 0.040856
v 0.029107 0.018312 0.036928
v -0.072326 0.017118 0.033315
v 0.046632 0.017394 0.031662
v 0.057255 0.018220 0.031408
v 0.046348 0.017876 0.029686
v 0.061733 0.017814 0.030195
v -0.072331 0.017389 0.029289
v 0.092446 0.018110 0.027393
v 0.046233 0.017456 0.024313
v -0.012504 0.017277 0.025030
v 0.071147 0.016800 0.022708
v -0.072358 0.017371 0.020266
v 0.036077 0.018176 0.021449
v 0.040267 0.018393 0.019865
v 0.093173 0.018960 0.016404
v -0.036358 0.018438 0.015021
v 0.092604 0.017887 0.012087
v -0.069416 0.018006 0.012233
v -0.038061 0.017967 0.013505
v 0.091575 0.017408 0.008736
v 0.050416 0.017230 -0.004012
v 0.049165 0.017762 -0.011880
v -0.078881 0.018056 -0.034786
v -0.061358 0.017144 -0.035043
v -0.089346 0.018473 -0.038224
v -0.057539 0.018156 -0.041155
v -0.056101 0.017143 -0.042877
v -0.081284 0.018646 -0.045717
v -0.083742 0.018174 -0.047335
v -0.061222 0.018222 -0.054295
v -0.057137 0.018229 -0.060521
v -0.074096 0.016592 -0.068588
v -0.082167 0.018224 -0.070077
v -0.080979 0.017558 -0.071640
v 0.051717 0.018960 0.041731
v 0.091468 0.018252 0.030400
v -0.002187 0.017383 0.025952
v -0.045628 0.017790 0.003625
v -0.049161 0.017695 0.000041
v -0.056897 0.017683 -0.000279
v -0.053412 0.018230 -0.040142
v -0.003857 0.018642 0.052490
v -0.001582 0.018670 0.049145
v 0.017488 0.018793 0.044563
v 0.023659 0.018374 0.043571
v 0.027485 0.018623 0.043574
v 0.031989 0.018366 0.041370
v -0.015968 0.018092 0.025381
v -0.075892 0.017839 -0.067223
v -0.045073 0.019200 0.007951
v -0.061732 0.018501 0.003342
v -0.053678 0.018036 -0.000161
v 0.040706 0.019241 0.050669
v -0.012149 0.018495 0.028742
v 0.047480 0.018812 0.025027
v -0.008918 0.019189 0.024733
v -0.020316 0.018972 0.024906
v -0.028409 0.018761 0.020096
v -0.069741 0.019013 0.016437
v -0.064928 0.019096 0.008157
v 0.052059 0.019318 0.004152
v -0.075902 0.019131 -0.042206
v -0.069296 0.019440 -0.044045
v -0.097515 0.019078 -0.049783
v -0.065074 0.019122 -0.054812
v -0.021000 0.019204 0.050749
v 0.036580 0.019163 0.051294
v -0.062066 0.019334 0.046153
v 0.032587 0.019060 0.043409
v -0.066247 0.019591 0.041046
v 0.031477 0.019908 0.037620
v -0.070242 0.019364 0.032842
v -0.012316 0.018749 0.033298
v -0.015571 0.019148 0.032193
v -0.070485 0.019655 0.029557
v 0.060272 0.019174 0.030883
v 0.031104 0.019586 0.028694
v 0.048534 0.019321 0.028840
v -0.070138 0.019662 0.025446
v -0.070215 0.019464 0.020845
v -0.030964 0.019070 0.018689
v 0.075483 0.019211 0.014390
v 0.079815 0.019208 0.007221
v -0.049273 0.018908 0.003690
v -0.057069 0.019201 0.003942
v 0.051614 0.018673 -0.000039
v -0.053491 0.019426 0.004200
v 0.051591 0.018773 -0.004542
v 0.051247 0.019204 -0.007285
v -0.053624 0.019020 -0.034203
v -0.049270 0.018564 -0.036343
v -0.056739 0.019044 -0.034122
v -0.061094 0.018973 -0.034613
v -0.071743 0.018875 -0.054739
v -0.075970 0.018825 -0.058824
v -0.053219 0.019540 -0.057260
v 0.014991 0.019453 0.052483
v 0.036094 0.019201 0.043199
v 0.035381 0.019789 0.040892
v -0.016596 0.019056 0.029640
v -0.065787 0.019982 0.011538
v -0.007954 0.019867 0.055189
v 0.013020 0.019748 0.051741
v -0.053488 0.019583 0.050516
v -0.050018 0.019603 0.050848
v -0.028747 0.019792 0.050248
v 0.016024 0.019701 0.048738
v -0.024611 0.019378 0.050409
v 0.017395 0.019646 0.042847
v -0.011882 0.019448 0.035192
v 0.050870 0.019674 0.029085
v -0.018761 0.019436 0.028309
v -0.048742 0.019846 0.006931
v 0.049284 0.020059 0.007260
v 0.085847 0.020105 0.006982
v 0.051728 0.019911 0.006743
v 0.013384 0.019638 0.050854
v -0.009819 0.019685 0.032944
v -0.023823 0.019580 0.023596
v -0.061639 0.019780 0.007510
v 0.013411 0.020665 0.052063
v -0.032629 0.020031 0.050303
v 0.041229 0.022485 0.050021
v 0.013684 0.021123 0.049775
v 0.037523 0.021786 0.041263
v 0.001262 0.021824 0.041115
v 0.050425 0.021833 0.039718
v 0.051443 0.021553 0.041121
v 0.048523 0.021832 0.033040
v 0.049781 0.021784 0.029358
v 0.049631 0.021750 0.024701
v 0.047096 0.019844 0.021261
v 0.045044 0.020071 0.018171
v 0.044505 0.022031 0.015772
v -0.057746 0.020096 0.007379
v 0.045539 0.022198 0.003675
v -0.072892 0.022764 -0.041475
v -0.074263 0.020698 -0.042971
v -0.077154 0.021906 -0.043516
v -0.073441 0.021589 -0.057730
v -0.012035 0.021229 0.055179
v 0.049411 0.021951 0.053428
v 0.053215 0.022420 0.054641
v -0.016818 0.021820 0.054783
v -0.004062 0.021758 0.054263
v 0.069442 0.021564 0.054673
v 0.073463 0.022118 0.054064
v 0.057066 0.022427 0.054902
v 0.045995 0.021192 0.052151
v 0.076766 0.021695 0.052202
v 0.061205 0.022087 0.054453
v 0.064979 0.022361 0.054403
v -0.019836 0.022153 0.052498
v 0.015696 0.021224 0.051846
v 0.035666 0.022036 0.051840
v 0.039356 0.022024 0.051833
v -0.001791 0.022193 0.051896
v -0.045179 0.022742 0.050357
v -0.037333 0.021634 0.048578
v -0.021643 0.021234 0.050309
v 0.019680 0.021856 0.050597
v 0.044442 0.022722 0.048948
v 0.078565 0.022075 0.050639
v -0.049394 0.022651 0.050238
v -0.034066 0.021394 0.048275
v -0.000299 0.022303 0.048872
v 0.080864 0.022051 0.048711
v -0.053126 0.022251 0.048672
v -0.025111 0.021721 0.048727
v 0.031635 0.021909 0.050549
v 0.028052 0.022383 0.049944
v 0.015822 0.022436 0.049176
v 0.023384 0.021895 0.049820
v -0.057101 0.020641 0.047810
v -0.061050 0.020983 0.044641
v 0.016111 0.022198 0.044946
v 0.084394 0.021953 0.044508
v 0.000607 0.021767 0.045284
v 0.023525 0.021997 0.043487
v 0.027688 0.022056 0.044010
v 0.032212 0.021744 0.044255
v 0.035449 0.021993 0.043472
v -0.064168 0.021067 0.040386
v 0.017278 0.021729 0.042672
v 0.019772 0.021979 0.042574
v 0.086806 0.021664 0.040935
v -0.064775 0.021699 0.036824
v 0.089067 0.022448 0.036760
v 0.000230 0.022309 0.037050
v -0.011888 0.021953 0.035549
v -0.016034 0.021998 0.032770
v -0.009956 0.022817 0.035368
v 0.032447 0.021810 0.033023
v -0.068005 0.020663 0.033116
v -0.007893 0.022228 0.033100
v 0.090706 0.022238 0.032774
v -0.001494 0.021414 0.032576
v 0.052639 0.022206 0.032946
v 0.056551 0.022664 0.032688
v -0.007748 0.021784 0.029100
v 0.060376 0.021879 0.031216
v 0.062351 0.021871 0.030361
v 0.091923 0.021668 0.028919
v -0.018450 0.020846 0.029838
v 0.032715 0.021804 0.029703
v -0.020029 0.021969 0.028285
v -0.003698 0.021850 0.029355
v 0.064919 0.021956 0.028740
v 0.051678 0.022682 0.028810
v -0.007952 0.020885 0.025770
v 0.092299 0.022357 0.025624
v 0.033830 0.021603 0.025561
v -0.004617 0.020744 0.026134
v 0.069107 0.021765 0.025143
v -0.022370 0.021994 0.025876
v -0.024342 0.021720 0.024042
v 0.035492 0.022810 0.024101
v 0.092449 0.021889 0.020882
v -0.026584 0.022040 0.022257
v 0.049167 0.021770 0.020865
v 0.072977 0.022686 0.020373
v 0.037086 0.022122 0.021129
v -0.029154 0.022254 0.020509
v 0.039667 0.021974 0.019239
v 0.074538 0.021421 0.017309
v -0.031266 0.021901 0.019014
v 0.049375 0.022027 0.016396
v 0.041783 0.022394 0.017493
v -0.067999 0.020822 0.020345
v -0.033859 0.022410 0.017278
v -0.067359 0.020166 0.015356
v 0.092148 0.021124 0.016570
v -0.037080 0.022307 0.015215
v 0.091627 0.020692 0.014142
v -0.038449 0.021105 0.014120
v 0.076289 0.022799 0.015052
v -0.041323 0.022114 0.012895
v 0.077632 0.021870 0.012317
v 0.089451 0.022156 0.012601
v -0.045185 0.022273 0.011768
v -0.061280 0.021337 0.012483
v 0.053242 0.021091 0.008436
v 0.081155 0.021351 0.009033
v -0.060352 0.020682 0.009581
v 0.087821 0.021209 0.009351
v -0.049296 0.020594 0.008567
v -0.053256 0.020312 0.006973
v 0.045041 0.022626 0.007416
v 0.053725 0.021457 0.002875
v 0.053220 0.021925 -0.000411
v 0.045946 0.021513 -0.000192
v 0.051929 0.021434 -0.003723
v 0.046335 0.020915 -0.003267
v 0.049084 0.022765 -0.004128
v 0.048663 0.021339 -0.006791
v -0.069178 0.022333 -0.033840
v -0.061181 0.021037 -0.034067
v -0.057839 0.020750 -0.036235
v -0.076163 0.020915 -0.034489
v -0.073254 0.022646 -0.034160
v -0.065690 0.021632 -0.033930
v -0.078321 0.022042 -0.035235
v -0.081633 0.021840 -0.036045
v -0.086005 0.022348 -0.037351
v -0.090067 0.021604 -0.040650
v -0.061309 0.021898 -0.036528
v -0.062282 0.020649 -0.038940
v -0.065681 0.021217 -0.039653
v -0.069817 0.022417 -0.040365
v -0.088118 0.021249 -0.043384
v -0.070058 0.021022 -0.043178
v -0.081925 0.022364 -0.045169
v -0.086195 0.021910 -0.044748
v -0.090233 0.020757 -0.048102
v -0.087792 0.020763 -0.046914
v -0.094842 0.020960 -0.049572
v -0.097665 0.020734 -0.049688
v -0.070184 0.020690 -0.054208
v -0.061368 0.020782 -0.054906
v -0.065324 0.022151 -0.056700
v -0.056141 0.020084 -0.055359
v -0.054546 0.020592 -0.057285
v -0.076094 0.020920 -0.058880
v -0.057439 0.021376 -0.057763
v -0.077629 0.021586 -0.061592
v -0.061076 0.021722 -0.060017
v -0.065263 0.022743 -0.061402
v -0.069254 0.022337 -0.063791
v -0.078268 0.022804 -0.065127
v -0.073526 0.022191 -0.064957
v -0.080984 0.021974 -0.066544
v -0.081291 0.022047 -0.069139
v -0.078405 0.021923 -0.068771
v -0.008134 0.021944 0.055228
v -0.041518 0.022253 0.049319
v 0.018341 0.021159 0.051185
v -0.029697 0.021124 0.048019
v 0.036189 0.022387 0.037002
v -0.068033 0.020972 0.025174
v -0.064873 0.021427 0.015825
v -0.064110 0.020915 0.012315
v 0.048652 0.022005 0.012048
v 0.049437 0.020815 0.009399
v -0.053488 0.020989 0.008647
v -0.088603 0.020936 -0.038327
v -0.057573 0.022439 0.045099
v -0.061569 0.022272 0.040987
v 0.033458 0.021534 0.036414
v -0.067866 0.020870 0.029525
v 0.051930 0.023126 0.025701
v 0.045736 0.022306 0.011772
v -0.049346 0.022701 0.012125
v -0.057132 0.021010 0.009586
v 0.085159 0.021983 0.009149
v -0.065388 0.022144 0.020554
v -0.056749 0.021749 0.012347
v -0.068890 0.022444 -0.057433
v -0.061169 0.022284 -0.057309
v 0.051756 0.023537 0.036722
v -0.065380 0.022134 0.032818
v -0.065364 0.022275 0.029409
v 0.067147 0.021548 0.027002
v -0.061649 0.022425 0.016676
v -0.053631 0.022019 0.012029
v -0.029129 0.022760 0.045793
v -0.033181 0.022850 0.045069
v 0.038867 0.022938 0.039991
v 0.039125 0.023547 0.037010
v -0.003758 0.023383 0.032824
v 0.091287 0.023466 0.030173
v -0.065512 0.022305 0.025256
v 0.091107 0.023860 0.019879
v 0.090293 0.023263 0.016175
v 0.052351 0.023317 0.015544
v 0.053183 0.022714 0.011794
v 0.080636 0.023694 0.012176
v 0.055394 0.022746 0.007859
v 0.047196 0.023202 -0.000802
v -0.065555 0.022934 -0.036376
v -0.073686 0.023450 -0.060815
v -0.012013 0.022828 0.055112
v 0.036011 0.023849 0.033335
v -0.057364 0.022833 0.015834
v 0.032964 0.022948 0.051238
v 0.082715 0.022860 0.046632
v -0.036775 0.023367 0.045473
v -0.061404 0.023237 0.037066
v 0.050320 0.024021 0.035681
v 0.051138 0.023504 0.021128
v 0.055872 0.023541 0.011421
v -0.054647 0.023380 0.046478
v 0.035192 0.024092 0.028655
v -0.061072 0.023592 0.024935
v -0.061203 0.023288 0.021444
v -0.053191 0.023726 0.016366
v 0.084967 0.023769 0.011821
v 0.055196 0.023666 0.004508
v -0.069092 0.023902 -0.037405
v 0.045047 0.023792 0.044863
v 0.044058 0.025865 0.045290
v -0.058143 0.023774 0.041573
v 0.021647 0.023298 0.043099
v 0.045182 0.023533 0.036917
v -0.060858 0.023818 0.033265
v -0.060994 0.023578 0.029522
v -0.057087 0.023814 0.020852
v -0.016394 0.026538 0.054990
v -0.004313 0.025895 0.054474
v 0.061087 0.026307 0.054026
v 0.065228 0.025748 0.054548
v 0.069457 0.026611 0.053388
v -0.020779 0.026286 0.052591
v 0.053163 0.025280 0.052334
v 0.072844 0.026358 0.052360
v 0.040974 0.025872 0.052261
v -0.001722 0.025982 0.052172
v 0.032155 0.025872 0.051690
v 0.047879 0.024101 0.049363
v -0.024669 0.026029 0.049065
v 0.077507 0.027041 0.049306
v 0.017498 0.025839 0.048538
v 0.019743 0.026028 0.050097
v -0.040425 0.025562 0.049031
v 0.080350 0.025414 0.048225
v 0.042125 0.024963 0.049053
v 0.000147 0.026937 0.048561
v -0.053568 0.026206 0.049217
v -0.039495 0.023933 0.046958
v -0.028799 0.025931 0.045345
v -0.054977 0.025727 0.046243
v 0.017222 0.024899 0.046098
v -0.055972 0.026139 0.044753
v -0.037200 0.026203 0.045144
v 0.031937 0.026341 0.044905
v 0.027735 0.026086 0.044627
v 0.034882 0.026838 0.044151
v 0.023559 0.025908 0.044545
v 0.019412 0.026129 0.044767
v 0.037181 0.025969 0.040635
v 0.000008 0.026449 0.041337
v 0.045974 0.024232 0.041889
v 0.085674 0.026595 0.041016
v 0.045501 0.025948 0.041109
v 0.088256 0.025781 0.036786
v 0.039436 0.025798 0.036213
v 0.048776 0.026350 0.037257
v 0.046653 0.025037 0.038269
v -0.001476 0.025349 0.036500
v -0.012914 0.025872 0.037233
v -0.008363 0.026467 0.036151
v -0.003965 0.025834 0.034105
v 0.051991 0.025781 0.032541
v -0.006686 0.026163 0.034281
v 0.048988 0.025237 0.032999
v -0.016771 0.025600 0.033214
v 0.057700 0.026359 0.033934
v 0.089292 0.026295 0.033204
v 0.061231 0.026757 0.032191
v 0.052493 0.026602 0.029091
v 0.065538 0.026636 0.029308
v -0.020739 0.025979 0.029458
v -0.023967 0.027346 0.027668
v 0.069624 0.025769 0.025370
v -0.025502 0.026242 0.025190
v 0.037451 0.025059 0.023480
v 0.053703 0.025694 0.020834
v -0.029843 0.025833 0.021491
v 0.040267 0.026430 0.020356
v 0.073816 0.026590 0.021436
v -0.032992 0.027137 0.020367
v 0.089098 0.026171 0.020614
v -0.034254 0.025031 0.017678
v 0.042153 0.026141 0.017486
v 0.077355 0.025541 0.016479
v -0.037412 0.026382 0.016976
v 0.043769 0.026263 0.012619
v -0.049375 0.025708 0.016224
v 0.057368 0.026115 0.011930
v 0.043416 0.026252 0.008660
v 0.057227 0.025872 0.007974
v 0.056142 0.026316 0.005046
v 0.045200 0.026397 0.003527
v 0.054555 0.026280 0.002478
v 0.052821 0.025929 0.000465
v -0.073302 0.026916 -0.032607
v -0.070424 0.024922 -0.033394
v -0.077492 0.026685 -0.033746
v -0.077592 0.026491 -0.036924
v -0.082063 0.026367 -0.036269
v -0.086671 0.026987 -0.036616
v -0.088776 0.024885 -0.040264
v -0.076580 0.024124 -0.042590
v -0.073149 0.024685 -0.061776
v -0.076193 0.024540 -0.062860
v -0.069072 0.024166 -0.061092
v -0.077068 0.024631 -0.065502
v 0.057561 0.026539 0.052988
v 0.036470 0.026750 0.052574
v 0.023647 0.025576 0.050235
v 0.028058 0.025712 0.050635
v 0.049617 0.025609 0.048644
v 0.000733 0.027031 0.044767
v 0.082490 0.026177 0.045624
v 0.083840 0.025933 0.044052
v 0.048983 0.025990 0.044978
v -0.057402 0.026323 0.041384
v -0.058207 0.026885 0.037009
v -0.059282 0.024105 0.037022
v -0.058364 0.024234 0.027559
v -0.057478 0.024205 0.025155
v 0.090309 0.025993 0.024929
v 0.053503 0.025778 0.024903
v -0.027204 0.024395 0.022607
v -0.054218 0.024118 0.018564
v 0.054421 0.025162 0.017236
v 0.043251 0.026979 0.015899
v -0.041355 0.026968 0.016394
v 0.055793 0.026008 0.015332
v 0.049392 0.026143 0.000467
v -0.069824 0.025090 -0.035568
v -0.073793 0.025375 -0.039335
v -0.078047 0.026552 -0.040608
v -0.086615 0.026861 -0.040615
v -0.078825 0.024856 -0.042954
v -0.008056 0.026434 0.055049
v -0.033165 0.025882 0.042613
v 0.039559 0.026108 0.033331
v -0.056872 0.025882 0.029838
v 0.049834 0.024563 0.029677
v -0.052934 0.025316 0.020873
v 0.088163 0.025149 0.016547
v -0.045038 0.025171 0.013685
v 0.084638 0.025051 0.013714
v -0.085002 0.025157 -0.043015
v -0.081770 0.024946 -0.043728
v -0.049441 0.026314 0.052689
v -0.045310 0.026121 0.052818
v 0.076090 0.025250 0.051261
v 0.049366 0.025774 0.041379
v 0.053479 0.026505 0.037043
v -0.057952 0.027093 0.032825
v 0.037143 0.025408 0.028836
v 0.090094 0.026355 0.028719
v -0.053745 0.025945 0.029197
v -0.052538 0.025621 0.025346
v -0.054964 0.024498 0.024568
v 0.038254 0.025453 0.022278
v -0.048249 0.025092 0.014278
v 0.080920 0.025197 0.014149
v -0.042531 0.025409 0.014157
v -0.011988 0.026693 0.054997
v -0.042214 0.026833 0.052112
v -0.035668 0.026488 0.042734
v 0.068001 0.026631 0.027229
v -0.073183 0.026753 -0.036274
v 0.052926 0.027228 0.049142
v 0.038147 0.027119 0.038126
v -0.015933 0.027801 0.036848
v -0.003889 0.027728 0.037080
v 0.040086 0.027534 0.025129
v -0.049529 0.026750 0.020002
v 0.076563 0.027515 0.019527
v 0.084832 0.026545 0.016496
v -0.045198 0.026927 0.016093
v -0.052734 0.027799 0.052294
v 0.043419 0.027237 0.048970
v -0.038030 0.027877 0.048133
v 0.052721 0.027684 0.040607
v -0.011566 0.027582 0.040649
v 0.039794 0.026706 0.029220
v -0.049532 0.027103 0.028694
v -0.049250 0.027093 0.024598
v 0.072186 0.027038 0.023270
v 0.081073 0.027024 0.016966
v -0.081842 0.026924 -0.041646
v 0.056431 0.027931 0.036057
v -0.019761 0.027940 0.032485
v 0.063204 0.027218 0.031146
v -0.028829 0.027645 0.023698
v 0.085398 0.028059 0.020143
v -0.079969 0.026982 -0.034493
v -0.008028 0.027908 0.041024
v -0.003943 0.028028 0.041227
v 0.087006 0.027764 0.037452
v -0.045500 0.027977 0.020360
v 0.055603 0.027869 0.020437
v 0.028704 0.027629 0.051097
v 0.055992 0.027757 0.050763
v 0.074267 0.027760 0.050746
v 0.052616 0.027949 0.045225
v 0.053552 0.030880 0.029264
v 0.044653 0.030711 0.049147
v 0.020108 0.030075 0.050716
v -0.031903 0.028198 0.043133
v 0.047311 0.029678 0.039475
v 0.048959 0.030443 0.036800
v -0.048171 0.029745 0.030058
v -0.045829 0.028134 0.027086
v -0.046036 0.028075 0.024291
v 0.044993 0.029824 0.008096
v -0.016370 0.030656 0.053881
v -0.007775 0.030377 0.054872
v -0.004065 0.030431 0.053104
v -0.049608 0.030276 0.054552
v -0.045327 0.030832 0.054738
v -0.040943 0.029841 0.053278
v -0.053813 0.030489 0.052924
v -0.020005 0.029964 0.052045
v 0.036660 0.029662 0.051988
v 0.040389 0.030509 0.052381
v 0.044257 0.030522 0.052326
v 0.065155 0.028831 0.051913
v 0.032507 0.029612 0.051739
v 0.068331 0.028928 0.051702
v -0.001631 0.029439 0.051390
v 0.060047 0.028644 0.051341
v 0.028697 0.029593 0.051292
v 0.057194 0.029532 0.048672
v 0.073320 0.029788 0.048968
v -0.024246 0.029961 0.048343
v 0.027443 0.030890 0.050033
v -0.000883 0.029828 0.049031
v -0.037551 0.030420 0.049271
v 0.015839 0.030409 0.048870
v -0.055106 0.028799 0.050024
v -0.056211 0.030433 0.048907
v 0.043703 0.029847 0.045240
v 0.080611 0.029908 0.044599
v -0.036016 0.030504 0.044580
v -0.028900 0.030074 0.044654
v -0.057198 0.030202 0.044904
v 0.019549 0.029995 0.043710
v 0.031408 0.029607 0.045680
v 0.036414 0.029642 0.045118
v 0.027673 0.030543 0.044966
v -0.001040 0.029422 0.045171
v 0.023537 0.030988 0.044335
v -0.008028 0.030729 0.044435
v -0.033578 0.030897 0.042321
v -0.003926 0.030580 0.044746
v 0.044747 0.030975 0.041104
v -0.057318 0.030580 0.041010
v 0.083869 0.029475 0.040924
v 0.037454 0.028999 0.041120
v -0.013330 0.029583 0.041953
v -0.016259 0.030689 0.040692
v -0.006742 0.028762 0.038228
v 0.085158 0.030145 0.036997
v 0.038322 0.028991 0.038223
v -0.016548 0.028594 0.038399
v 0.057784 0.029364 0.037547
v 0.039292 0.030494 0.036553
v 0.051555 0.030186 0.033020
v 0.087680 0.028945 0.032975
v 0.039954 0.030176 0.033377
v 0.061683 0.029392 0.034049
v 0.065141 0.030363 0.032627
v 0.041250 0.030328 0.029311
v -0.053579 0.028318 0.030976
v -0.050121 0.030666 0.032321
v 0.066331 0.029523 0.030438
v 0.087944 0.028992 0.029525
v -0.025015 0.028985 0.029594
v 0.069042 0.030365 0.029346
v -0.045456 0.030592 0.029241
v 0.042220 0.029756 0.025759
v 0.070234 0.028880 0.026440
v 0.087943 0.028852 0.026128
v 0.055466 0.030532 0.024412
v 0.073217 0.029818 0.025313
v -0.031431 0.028220 0.022776
v 0.041914 0.029814 0.021490
v 0.084951 0.029017 0.022259
v 0.056942 0.030464 0.020723
v -0.037328 0.028345 0.019678
v 0.080952 0.028285 0.019021
v 0.043116 0.030668 0.019074
v 0.057868 0.029797 0.016776
v 0.044744 0.030577 0.016567
v 0.045133 0.030098 0.011993
v 0.058412 0.029679 0.011976
v 0.057167 0.030697 0.007875
v 0.055668 0.029668 0.005177
v 0.046024 0.029284 0.004401
v 0.052928 0.030394 0.003706
v 0.048422 0.029021 0.002045
v 0.048984 0.030950 0.003351
v -0.077860 0.029727 -0.033287
v -0.074333 0.028902 -0.032982
v -0.074231 0.028815 -0.034743
v -0.081456 0.029413 -0.033881
v -0.082875 0.030132 -0.035751
v -0.085060 0.029507 -0.037200
v -0.078037 0.029905 -0.036089
v -0.082547 0.028836 -0.038988
v -0.086061 0.028924 -0.038845
v 0.023620 0.029965 0.050526
v 0.076769 0.029730 0.047783
v 0.017050 0.030971 0.045981
v 0.054321 0.029041 0.044885
v 0.054304 0.028961 0.042093
v -0.020543 0.030053 0.037247
v -0.021717 0.028939 0.033056
v -0.056186 0.029059 0.033072
v -0.030049 0.029011 0.025547
v 0.085395 0.029716 0.024909
v -0.034372 0.028929 0.022272
v 0.077374 0.029176 0.021501
v -0.042715 0.028585 0.020546
v -0.037653 0.028950 0.021487
v -0.041272 0.028791 0.021584
v 0.081091 0.029482 0.021280
v -0.011793 0.030663 0.054936
v 0.061293 0.030275 0.049403
v -0.011670 0.031158 0.044077
v 0.056946 0.030076 0.041212
v -0.056131 0.030452 0.037511
v -0.053459 0.029847 0.033237
v -0.041637 0.028941 0.025163
v 0.054624 0.029277 0.026163
v -0.033541 0.029349 0.025237
v -0.038618 0.031003 0.051704
v 0.069057 0.030805 0.048997
v 0.081403 0.031435 0.040992
v 0.061170 0.030687 0.036826
v -0.025221 0.029686 0.033393
v -0.041741 0.030440 0.028503
v -0.036978 0.030578 0.028803
v -0.029573 0.029585 0.029326
v -0.037314 0.029278 0.025265
v 0.056871 0.030226 0.044926
v -0.054228 0.030828 0.035685
v -0.024346 0.030852 0.035647
v 0.085195 0.031021 0.033034
v -0.029079 0.030219 0.032233
v -0.033487 0.029944 0.029386
v 0.076860 0.030568 0.024584
v -0.021604 0.031568 0.049398
v 0.015145 0.031377 0.052230
v 0.018972 0.030821 0.051285
v 0.035696 0.030152 0.048921
v 0.065131 0.031247 0.048493
v -0.025452 0.031785 0.045906
v 0.031733 0.030578 0.049060
v 0.077273 0.031625 0.045107
v 0.040196 0.030737 0.044667
v 0.039661 0.031336 0.041150
v -0.031391 0.030199 0.030975
v 0.085655 0.030574 0.029321
v 0.042978 0.031766 0.024846
v 0.081308 0.030692 0.024782
v 0.046863 0.030703 0.006541
v -0.055431 0.031205 0.051659
v 0.040342 0.031727 0.048902
v 0.068722 0.032061 0.032881
v 0.073233 0.031838 0.029133
v 0.013020 0.031814 0.052710
v -0.003502 0.032008 0.048801
v 0.013547 0.031797 0.050383
v -0.030812 0.031559 0.042807
v 0.061574 0.031884 0.040756
v 0.080741 0.031796 0.029306
v 0.061293 0.031920 0.045111
v 0.064449 0.032001 0.036596
v 0.073205 0.032109 0.046172
v -0.011955 0.033581 0.053076
v -0.053494 0.034448 0.054032
v -0.041304 0.034268 0.054442
v -0.008280 0.033660 0.053076
v -0.015838 0.033107 0.051972
v 0.042392 0.033016 0.052127
v 0.045140 0.034548 0.052504
v -0.005468 0.033170 0.051884
v -0.055917 0.033836 0.051918
v 0.017081 0.032716 0.051505
v -0.019382 0.033326 0.048433
v 0.044667 0.033899 0.050265
v 0.023323 0.033506 0.049147
v -0.057112 0.033933 0.048931
v -0.036554 0.034193 0.049646
v 0.016605 0.033188 0.049228
v 0.069048 0.032564 0.045792
v 0.064971 0.032295 0.046098
v -0.024257 0.033486 0.044340
v 0.020120 0.033648 0.045364
v -0.035684 0.033385 0.045242
v -0.016682 0.033715 0.044959
v -0.028923 0.033849 0.041153
v -0.016919 0.032745 0.042068
v -0.057294 0.034746 0.041118
v -0.019093 0.032608 0.040109
v 0.041662 0.033403 0.036915
v 0.081991 0.032366 0.036837
v 0.045184 0.033743 0.037051
v -0.022493 0.033022 0.037936
v -0.053450 0.034701 0.035701
v 0.048010 0.033480 0.035750
v -0.025080 0.034037 0.037165
v -0.028939 0.034003 0.033453
v 0.041608 0.033703 0.033471
v 0.050461 0.032622 0.033809
v -0.048963 0.033827 0.033346
v -0.031850 0.035216 0.031909
v 0.081678 0.032384 0.032400
v 0.052463 0.034722 0.028936
v -0.033957 0.033533 0.030045
v -0.044343 0.032770 0.030042
v -0.041528 0.033717 0.029564
v -0.037297 0.034575 0.029308
v 0.042032 0.033081 0.029245
v 0.077470 0.032111 0.028382
v 0.055394 0.033497 0.025263
v 0.044432 0.034743 0.020999
v 0.056926 0.034355 0.020598
v 0.045205 0.034086 0.016836
v 0.057000 0.035243 0.016534
v 0.046578 0.032852 0.014096
v 0.056906 0.034317 0.012097
v 0.047602 0.034511 0.011309
v 0.047520 0.032520 0.010276
v 0.049014 0.034663 0.007540
v 0.055875 0.033541 0.008377
v 0.053364 0.034823 0.007637
v 0.049521 0.033749 0.004996
v 0.052051 0.033320 0.004980
v 0.018950 0.032876 0.051229
v -0.009097 0.032937 0.046006
v 0.064789 0.032827 0.043997
v 0.076035 0.032732 0.043839
v -0.057800 0.034095 0.044620
v 0.079983 0.033060 0.037264
v 0.069954 0.032719 0.034055
v 0.051137 0.033257 0.032383
v 0.078120 0.032590 0.032381
v 0.044186 0.034226 0.024439
v 0.019728 0.034196 0.049697
v -0.004856 0.033021 0.050131
v 0.042255 0.033326 0.049745
v -0.012718 0.033258 0.046061
v 0.022961 0.033339 0.046082
v 0.073411 0.033211 0.043988
v 0.065034 0.033099 0.041128
v 0.077032 0.033271 0.041049
v -0.020900 0.033989 0.041353
v 0.066022 0.033008 0.038163
v 0.069049 0.033391 0.037199
v 0.076708 0.033002 0.033414
v 0.080107 0.032899 0.033989
v 0.073250 0.033135 0.033039
v -0.045751 0.034853 0.031970
v 0.076139 0.032712 0.030337
v -0.049228 0.034236 0.054915
v -0.007981 0.033726 0.049537
v 0.069100 0.033163 0.044123
v -0.032651 0.034649 0.040970
v 0.048616 0.034757 0.033086
v 0.076867 0.033382 0.037069
v -0.016067 0.033820 0.049356
v -0.025593 0.034357 0.041285
v 0.069160 0.033586 0.041043
v 0.073393 0.033509 0.041116
v 0.073320 0.033593 0.037188
v -0.038084 0.035187 0.052391
v -0.012428 0.033833 0.048951
v -0.020794 0.033994 0.044689
v -0.034685 0.034910 0.044784
v -0.056055 0.034723 0.038148
v 0.044480 0.035673 0.032491
v 0.044038 0.035751 0.029525
v 0.053915 0.035846 0.025302
v -0.045329 0.035131 0.054858
v -0.029595 0.035650 0.036878
v -0.052044 0.035233 0.034720
v -0.034616 0.035847 0.049498
v -0.055791 0.037800 0.052581
v -0.037458 0.038941 0.052924
v -0.056665 0.038514 0.048978
v -0.057268 0.038165 0.044922
v -0.033468 0.039533 0.041181
v -0.031703 0.035868 0.038001
v -0.033534 0.038517 0.037271
v -0.049068 0.038390 0.033945
v -0.044811 0.038784 0.031813
v -0.033586 0.037711 0.033225
v -0.040567 0.036798 0.030216
v 0.049636 0.036434 0.029487
v 0.045654 0.037871 0.025296
v 0.046379 0.036950 0.018228
v 0.049391 0.038004 0.013063
v 0.054046 0.036137 0.010692
v -0.049360 0.038450 0.054421
v -0.032028 0.038640 0.045272
v -0.042485 0.036636 0.030779
v -0.037526 0.037729 0.030213
v -0.045518 0.039243 0.054248
v -0.053954 0.039417 0.053035
v -0.031653 0.038481 0.049462
v -0.034245 0.036905 0.030438
v 0.053303 0.038036 0.020468
v 0.053238 0.037283 0.012302
v -0.056307 0.038977 0.041040
v -0.055760 0.037674 0.038606
v -0.053557 0.038995 0.036928
v 0.045836 0.037224 0.028582
v 0.046107 0.037679 0.021524
v 0.048875 0.038352 0.016779
v 0.050341 0.037281 0.009401
v 0.048689 0.037229 0.028374
v 0.052660 0.037685 0.023580
v 0.054915 0.037158 0.020509
v -0.033489 0.039168 0.051990
v 0.049719 0.038192 0.024840
v 0.054891 0.037463 0.017370
v -0.041281 0.039994 0.053410
v -0.037082 0.039340 0.032624
v -0.040930 0.039420 0.031569
v 0.048320 0.038928 0.020128
v 0.052938 0.038312 0.015639
v -0.051167 0.040144 0.035319
v -0.036386 0.040245 0.036534
v -0.049949 0.041981 0.052445
v -0.030794 0.040849 0.048099
v -0.033680 0.041547 0.045614
v -0.054690 0.042840 0.041205
v -0.050302 0.040918 0.034830
v -0.045274 0.043413 0.032993
v -0.041734 0.041862 0.033226
v -0.055739 0.041503 0.044689
v -0.052480 0.041663 0.051860
v -0.036094 0.041439 0.051751
v -0.033867 0.041885 0.051962
v -0.053443 0.042873 0.048941
v -0.037157 0.041905 0.049392
v -0.037368 0.041708 0.044991
v -0.037529 0.040913 0.040831
v -0.036460 0.040819 0.042153
v -0.038059 0.040854 0.038179
v -0.053617 0.043086 0.036872
v -0.041777 0.042004 0.052039
v -0.041236 0.042032 0.037183
v -0.041290 0.043090 0.040910
v -0.045186 0.043038 0.051954
v -0.041524 0.043640 0.049089
v -0.032827 0.042500 0.049214
v -0.054363 0.043685 0.045219
v -0.048992 0.043437 0.033622
v -0.052302 0.043677 0.034316
v -0.040981 0.044025 0.044603
v -0.044652 0.044012 0.037386
v -0.049162 0.044398 0.049947
v -0.045046 0.044233 0.050467
v -0.044612 0.044544 0.040182
v -0.049353 0.045229 0.047992
v -0.042454 0.044932 0.046014
v -0.045590 0.045215 0.041512
v -0.046192 0.045206 0.036262
v -0.045344 0.045305 0.047982
v -0.049301 0.045684 0.045136
v -0.045474 0.045660 0.044908
v -0.052792 0.045524 0.043678
v -0.053263 0.047002 0.040903
v -0.049239 0.046375 0.041025
v -0.052538 0.047449 0.034411
v -0.050078 0.047205 0.034378
v -0.049202 0.047799 0.037058
v -0.053660 0.047540 0.036929
v -0.052752 0.049012 0.036115
vn 0.0921 -0.9955 0.0237
vn -0.0594 -0.9937 -0.0953
vn -0.9432 -0.3010 -0.1408
vn -0.6866 -0.6130 -0.3909
vn -0.0827 -0.9849 -0.1518
vn 0.0777 -0.9963 0.0370
vn 0.3966 -0.2543 0.8821
vn -0.9555 -0.2395 -0.1719
vn 0.9070 -0.3370 0.2526
vn 0.1727 -0.4984 0.8496
vn 0.8812 -0.4722 -0.0220
vn 0.9096 -0.4142 0.0330
vn 0.1299 -0.4265 -0.8951
vn 0.2937 -0.1314 0.9468
vn 0.9996 -0.0265 -0.0080
vn 0.0932 -0.3865 -0.9176
vn 0.2761 -0.2364 0.9316
vn -0.1731 -0.2500 -0.9527
vn -0.3905 0.4711 -0.7909
vn -0.9983 0.0493 -0.0314
vn 0.2547 -0.8208 0.5113
vn 0.4290 -0.8512 0.3024
vn -0.4539 -0.8585 -0.2388
vn -0.2570 0.8991 0.3544
vn -0.1414 -0.9549 -0.2609
vn -0.3732 -0.9123 -0.1686
vn -0.0686 -0.9846 0.1610
vn -0.2792 -0.9570 -0.0786
vn -0.1344 -0.9255 0.3541
vn 0.0124 -0.9841 0.1770
vn 0.3866 -0.8942 0.2254
vn -0.3361 -0.8637 -0.3756
vn -0.3148 -0.7975 -0.5147
vn 0.0654 -0.1058 0.9922
vn -0.5331 0.4435 0.7205
vn 0.9204 -0.0227 0.3902
vn -0.2613 -0.3894 0.8832
vn 0.6462 -0.7230 -0.2445
vn -0.5964 0.4990 0.6287
vn 0.9378 -0.3443 -0.0446
vn -0.8750 -0.3271 0.3568
vn -0.9767 0.1875 0.1040
vn -0.0798 -0.0859 0.9931
vn 0.0862 -0.2950 -0.9516
vn 0.2099 -0.4695 -0.8576
vn -0.9336 0.0992 -0.3444
vn -0.9406 0.1321 -0.3126
vn 0.4597 -0.6029 -0.6520
vn 0.5582 -0.6181 -0.5535
vn -0.8666 -0.2394 -0.4378
vn -0.8468 -0.1931 -0.4956
vn -0.2383 -0.2742 -0.9317
vn -0.1330 -0.3802 -0.9153
vn 0.9862 0.0059 0.1654
vn 0.0483 -0.1306 0.9903
vn 0.7947 -0.4072 -0.4501
vn -0.4432 -0.0504 -0.8950
vn -0.5409 -0.1554 -0.8266
vn 0.6117 -0.2859 -0.7376
vn 0.1141 0.6147 0.7804
vn -0.0047 0.5371 0.8435
vn 0.1383 -0.7126 -0.6878
vn -0.0721 -0.9971 -0.0249
vn 0.7646 -0.5772 0.2867
vn 0.7125 -0.4154 -0.5655
vn -0.1220 -0.9893 -0.0801
vn 0.0625 -0.9918 -0.1119
vn -0.5955 0.3620 0.7172
vn -0.1678 0.9686 0.1832
vn 0.3412 -0.8373 -0.4272
vn 0.3159 -0.8341 -0.4521
vn -0.1490 0.9760 0.1587
vn -0.2097 -0.9528 -0.2193
vn 0.0248 -0.9925 -0.1194
vn -0.2617 -0.9645 0.0348
vn -0.2363 -0.9695 -0.0652
vn 0.1309 0.3673 0.9209
vn 0.7920 0.2879 0.5384
vn -0.3163 0.4287 0.8463
vn -0.9271 0.2349 0.2920
vn 0.4656 -0.7911 -0.3967
vn 0.9314 -0.3503 0.0994
vn 0.5863 -0.0651 0.8075
vn 0.3284 -0.6264 -0.7069
vn -0.9079 0.1739 -0.3813
vn 0.6995 -0.4541 -0.5518
vn -0.0329 -0.5579 -0.8293
vn 0.6549 -0.0325 0.7550
vn -0.1238 0.0975 -0.9875
vn 0.3592 -0.8235 -0.4391
vn 0.7128 0.2797 0.6432
vn 0.1055 -0.2643 0.9586
vn -0.3444 -0.9378 0.0435
vn 0.1125 -0.1320 -0.9848
vn 0.1379 -0.1709 -0.9756
vn 0.9516 0.1407 0.2734
vn 0.2695 0.1310 0.9540
vn -0.1266 -0.1174 -0.9850
vn 0.5568 0.6284 -0.5432
vn -0.8508 -0.1527 -0.5028
vn 0.2428 -0.7398 0.6275
vn 0.0278 -0.8867 0.4616
vn -0.0583 -0.9909 -0.1214
vn 0.0719 -0.9943 -0.0787
vn 0.0457 -0.9970 -0.0622
vn 0.1069 0.3906 0.9143
vn 0.5246 -0.3027 0.7957
vn -0.4862 0.6127 0.6230
vn 0.4132 -0.4486 -0.7925
vn 0.7587 -0.5196 -0.3930
vn 0.0874 -0.1006 0.9911
vn -0.4112 -0.7806 0.4708
vn -0.6069 -0.7935 0.0462
vn 0.5091 -0.7246 0.4645
vn -0.4772 -0.8489 -0.2274
vn -0.0258 -0.7222 0.6912
vn -0.3927 -0.9182 0.0523
vn -0.0336 -0.9006 0.4332
vn 0.1634 -0.1740 -0.9711
vn -0.0182 -0.8769 -0.4804
vn -0.1890 -0.9407 -0.2817
vn 0.4966 -0.7813 0.3781
vn -0.1401 -0.7060 0.6942
vn 0.0217 -0.3212 -0.9468
vn -0.1375 -0.8769 0.4607
vn -0.1114 -0.8623 0.4940
vn -0.2976 -0.9317 -0.2083
vn -0.1333 -0.9906 -0.0300
vn 0.6620 -0.6839 0.3067
vn -0.0800 -0.9796 -0.1845
vn -0.2929 -0.9303 -0.2208
vn 0.0026 -0.6538 0.7567
vn 0.3578 -0.9161 0.1810
vn -0.0252 -0.9201 -0.3908
vn -0.5229 0.5535 0.6482
vn -0.3300 0.6386 0.6952
vn -0.4971 -0.8677 -0.0057
vn -0.7933 -0.6046 0.0721
vn 0.2085 -0.3937 -0.8953
vn -0.2144 -0.7879 -0.5772
vn -0.0441 -0.7165 0.6962
vn 0.4547 -0.7583 0.4672
vn -0.6055 -0.7668 0.2131
vn 0.9552 0.2818 -0.0901
vn 0.8843 0.4047 -0.2331
vn -0.1487 -0.8218 0.5500
vn -0.3272 -0.7988 -0.5048
vn -0.0187 -0.9631 -0.2684
vn 0.0780 -0.9664 -0.2447
vn -0.1071 -0.9686 -0.2242
vn -0.1015 -0.9792 -0.1756
vn -0.1138 -0.9243 -0.3644
vn 0.7695 -0.6218 0.1458
vn -0.4073 0.4272 0.8072
vn 0.3111 -0.6430 -0.6998
vn -0.4683 -0.5449 0.6955
vn -0.5465 -0.8329 -0.0868
vn -0.3349 -0.5481 -0.7664
vn 0.1957 -0.3905 -0.8995
vn -0.3142 -0.9028 -0.2935
vn 0.7881 -0.3138 0.5296
vn -0.6391 -0.7358 -0.2239
vn -0.1720 -0.9120 0.3725
vn -0.1549 -0.3439 -0.9262
vn -0.0852 -0.5097 0.8561
vn -0.3102 -0.8437 0.4382
vn -0.5285 -0.8432 -0.0987
vn 0.2175 -0.9014 0.3744
vn 0.3551 -0.9050 0.2340
vn -0.1051 -0.9662 -0.2355
vn -0.5767 0.3918 0.7169
vn 0.2901 -0.6475 -0.7047
vn 0.7593 -0.5190 -0.3925
vn -0.5397 -0.8011 -0.2587
vn 0.7198 -0.6756 0.1593
vn -0.1064 -0.9885 -0.1077
vn -0.2577 -0.9258 -0.2765
vn 0.6111 -0.7787 -0.1423
vn -0.6223 -0.6190 0.4792
vn 0.2255 -0.7722 -0.5940
vn 0.4094 -0.4445 -0.7967
vn 0.3610 -0.2273 -0.9044
vn 0.6410 0.7674 0.0152
vn 0.5398 -0.8317 -0.1298
vn 0.5592 -0.8130 -0.1619
vn -0.1209 -0.9727 0.1981
vn -0.4210 0.5831 0.6948
vn -0.2718 -0.9473 0.1698
vn 0.5997 -0.7155 -0.3582
vn 0.0183 -0.8981 -0.4393
vn -0.2230 -0.9745 0.0265
vn 0.0066 -0.9407 0.3391
vn -0.3084 -0.8671 0.3913
vn -0.1574 -0.9658 0.2059
vn -0.2101 -0.8982 -0.3861
vn -0.4519 -0.8699 -0.1975
vn -0.2619 -0.9525 0.1555
vn -0.0841 0.7535 0.6520
vn -0.1619 -0.9623 -0.2184
vn 0.3534 -0.9323 0.0772
vn 0.7479 -0.6638 0.0117
vn 0.2827 -0.7610 -0.5840
vn -0.2348 -0.9608 -0.1470
vn -0.3110 -0.9428 0.1201
vn 0.2844 -0.9229 -0.2595
vn -0.2656 -0.9621 0.0621
vn -0.2211 -0.9679 0.1197
vn -0.3497 -0.8793 0.3234
vn -0.3948 -0.8857 -0.2444
vn 0.0700 -0.4157 0.9068
vn 0.2390 -0.5554 0.7965
vn -0.2116 -0.9329 0.2914
vn -0.2697 -0.9377 0.2188
vn 0.3326 -0.9418 0.0484
vn -0.1036 -0.9836 -0.1476
vn -0.1781 -0.9597 -0.2176
vn -0.1397 -0.9612 -0.2380
vn 0.0191 -0.8679 -0.4963
vn -0.2883 -0.9328 -0.2163
vn -0.2155 -0.9738 0.0730
vn -0.2659 -0.9577 -0.1101
vn -0.2664 -0.9299 -0.2535
vn -0.2609 -0.8954 0.3608
vn 0.5765 0.8111 -0.0990
vn 0.5990 0.7914 -0.1222
vn -0.2788 -0.8796 0.3855
vn -0.3706 0.1569 0.9155
vn -0.2004 -0.9414 -0.2714
vn 0.0318 -0.9243 -0.3802
vn -0.0009 -0.0264 0.9997
vn -0.0005 0.0392 0.9992
vn -0.0198 -0.0220 0.9996
vn -0.2940 -0.9549 0.0420
vn 0.8503 -0.4427 0.2846
vn 0.4616 0.3463 0.8167
vn -0.1271 -0.9811 -0.1458
vn -0.1141 -0.9228 -0.3679
vn 0.0350 -0.3206 -0.9466
vn -0.1364 -0.9894 -0.0494
vn -0.2148 -0.9653 -0.1482
vn 0.5690 -0.6539 -0.4987
vn -0.1100 0.1786 0.9777
vn 0.5297 -0.3378 0.7780
vn -0.9445 -0.2726 0.1836
vn 0.1806 0.4125 0.8929
vn -0.5865 0.7908 -0.1751
vn 0.4490 -0.8015 -0.3949
vn 0.5438 -0.6214 -0.5640
vn -0.7920 -0.4404 -0.4229
vn -0.8796 -0.3676 -0.3020
vn 0.6900 -0.5452 -0.4761
vn -0.4408 0.0372 -0.8968
vn -0.1086 -0.0246 0.9938
vn 0.9358 0.3522 0.0140
vn 0.2085 -0.3466 -0.9145
vn -0.2737 -0.7050 -0.6543
vn -0.4473 -0.8589 -0.2494
vn 0.3811 -0.3632 0.8502
vn -0.0107 -0.0157 0.9998
vn 0.4315 -0.2535 0.8657
vn -0.3130 -0.3994 0.8617
vn -0.3452 -0.4450 0.8263
vn 0.6659 -0.2408 0.7061
vn -0.2308 -0.7584 0.6096
vn -0.3253 -0.1521 0.9333
vn 0.3704 -0.6214 0.6904
vn 0.8572 -0.3914 0.3348
vn 0.0252 0.0178 0.9995
vn -0.4066 0.4545 0.7926
vn -0.4152 0.4624 0.7835
vn 0.9516 -0.2902 0.1017
vn 0.3170 -0.7887 -0.5267
vn -0.0483 -0.8906 -0.4523
vn -0.1181 -0.8045 -0.5821
vn -0.0783 -0.8080 -0.5839
vn -0.2803 -0.8952 -0.3464
vn 0.8605 -0.5082 0.0360
vn -0.5319 0.4445 0.7207
vn -0.8869 -0.2578 -0.3832
vn -0.1452 -0.1650 -0.9755
vn -0.5543 0.2567 0.7917
vn 0.0717 -0.7174 -0.6930
vn -0.3174 -0.3573 -0.8784
vn 0.4634 -0.1780 -0.8681
vn -0.4005 0.0010 -0.9163
vn 0.3638 -0.2012 -0.9095
vn -0.3296 -0.9181 0.2201
vn 0.5113 -0.8509 0.1207
vn -0.3867 -0.8703 0.3052
vn 0.0223 -0.9934 0.1123
vn -0.0782 -0.9584 0.2746
vn -0.1698 -0.9745 0.1467
vn -0.7682 -0.5862 -0.2574
vn 0.4364 -0.8526 0.2874
vn 0.8220 -0.0766 -0.5643
vn -0.1305 -0.1835 0.9743
vn 0.2999 -0.3019 0.9049
vn -0.6455 0.3477 -0.6800
vn -0.2790 -0.7226 0.6325
vn 0.7081 -0.3184 0.6302
vn 0.8074 -0.2234 0.5460
vn 0.2954 -0.2415 0.9244
vn 0.2387 -0.1780 0.9546
vn -0.3147 -0.9358 0.1587
vn -0.7117 -0.3495 -0.6094
vn 0.1960 -0.7644 0.6142
vn 0.7974 -0.3838 0.4656
vn 0.9526 -0.2307 0.1981
vn -0.4517 0.6083 0.6527
vn 0.5409 -0.8046 0.2451
vn 0.2822 -0.0623 0.9573
vn 0.2356 -0.9615 0.1413
vn 0.0341 -0.8361 -0.5476
vn 0.5612 -0.8277 -0.0038
vn 0.6122 -0.6253 0.4840
vn -0.0549 -0.8856 -0.4612
vn -0.0082 -0.8856 -0.4644
vn -0.1098 -0.3112 -0.9440
vn -0.3248 -0.7090 -0.6260
vn 0.4435 -0.8715 -0.2092
vn -0.5493 0.2554 0.7957
vn 0.7658 -0.6334 -0.1113
vn -0.8117 0.1114 0.5733
vn -0.2204 0.1913 -0.9564
vn 0.4382 -0.4856 -0.7564
vn -0.2172 0.2808 0.9349
vn -0.0729 0.1101 0.9912
vn 0.2053 -0.5717 -0.7944
vn 0.0570 -0.4674 -0.8822
vn -0.3747 -0.4308 -0.8210
vn -0.9927 -0.0731 -0.0957
vn 0.2015 -0.6861 -0.6990
vn -0.2977 0.0094 -0.9546
vn -0.1663 -0.8348 0.5249
vn -0.1298 -0.8241 0.5514
vn -0.8927 0.2784 -0.3543
vn 0.1912 0.0019 0.9816
vn 0.0827 0.0576 0.9949
vn -0.9961 0.0873 0.0124
vn 0.0981 -0.8693 0.4845
vn 0.9214 0.3884 0.0143
vn -0.2307 -0.9665 0.1125
vn -0.3234 -0.9310 0.1692
vn -0.2419 -0.9343 0.2617
vn -0.2985 -0.9169 0.2649
vn 0.7861 -0.4450 0.4290
vn -0.4237 -0.9005 -0.0982
vn 0.8336 0.1061 0.5422
vn -0.3443 -0.8720 0.3479
vn 0.8275 0.5450 -0.1350
vn -0.4513 -0.8309 -0.3254
vn -0.3909 -0.7833 -0.4833
vn -0.5971 -0.7125 -0.3685
vn 0.7935 0.4365 -0.4241
vn -0.1436 -0.8395 0.5240
vn 0.7011 0.4438 -0.5581
vn -0.7195 -0.6298 -0.2926
vn 0.2322 0.7109 -0.6638
vn 0.8074 0.5680 0.1595
vn -0.2188 -0.4764 -0.8516
vn 0.1141 -0.0504 -0.9922
vn 0.1043 -0.0536 -0.9931
vn -0.1758 0.1130 -0.9779
vn -0.9303 -0.3466 -0.1202
vn -0.5715 0.5796 -0.5808
vn -0.4229 0.0174 -0.9060
vn -0.9111 0.0222 -0.4117
vn -0.3871 -0.3983 0.8316
vn 0.0248 -0.2622 0.9647
vn 0.7969 -0.2980 0.5255
vn -0.1840 -0.9112 0.3686
vn -0.1258 -0.9024 -0.4121
vn -0.1620 -0.8962 -0.4130
vn -0.1156 -0.8852 -0.4505
vn -0.7970 -0.3750 -0.4734
vn 0.6135 -0.6849 -0.3932
vn -0.2978 0.3914 -0.8707
vn -0.5118 0.0402 0.8582
vn -0.5449 0.2115 0.8114
vn 0.1766 -0.5783 -0.7964
vn 0.1638 -0.7130 -0.6817
vn 0.3299 -0.4772 0.8145
vn 0.1458 -0.8844 0.4433
vn -0.5609 -0.8279 -0.0012
vn 0.8035 0.5864 -0.1029
vn -0.0956 -0.4805 -0.8718
vn -0.1596 0.3950 -0.9047
vn -0.9275 0.1242 -0.3526
vn -0.5042 -0.8616 0.0588
vn -0.4762 -0.8408 0.2576
vn -0.2412 -0.9033 0.3548
vn -0.2947 -0.8916 -0.3438
vn -0.2686 -0.9015 -0.3393
vn -0.0905 -0.9171 -0.3882
vn -0.0100 -0.9373 -0.3485
vn 0.1293 -0.8452 -0.5186
vn -0.3071 -0.7017 -0.6429
vn -0.0212 -0.5416 -0.8404
vn -0.3854 0.0741 -0.9198
vn -0.0878 0.4848 -0.8702
vn -0.5342 -0.8163 0.2196
vn 0.7951 0.6060 -0.0224
vn -0.7466 -0.6556 0.1130
vn -0.1522 -0.4044 0.9018
vn -0.1399 -0.1825 0.9732
vn -0.1060 -0.7628 0.6379
vn -0.1703 -0.9620 -0.2134
vn -0.0823 -0.9260 -0.3685
vn -0.2557 -0.7634 -0.5931
vn 0.7065 -0.7076 -0.0144
vn 0.2737 -0.9617 -0.0127
vn -0.0845 -0.9221 -0.3777
vn -0.5579 0.0837 0.8257
vn 0.1075 -0.7501 -0.6525
vn -0.0635 -0.9958 0.0657
vn 0.2616 -0.9279 -0.2655
vn -0.2950 -0.9166 -0.2698
vn -0.1509 -0.9885 0.0064
vn -0.0898 -0.9766 0.1953
vn -0.1983 -0.9801 0.0001
vn -0.0467 -0.9530 -0.2994
vn 0.0003 -0.9859 0.1675
vn -0.3210 -0.9449 -0.0646
vn 0.2653 -0.9634 0.0381
vn -0.1138 -0.9925 -0.0452
vn -0.0234 -0.9895 -0.1426
vn -0.0261 -0.9949 -0.0977
vn -0.2470 -0.9630 0.1079
vn -0.4688 -0.8689 0.1589
vn 0.9996 0.0126 0.0256
vn -0.4402 -0.8948 -0.0744
vn -0.4642 -0.8825 0.0760
vn 0.0300 -0.9981 0.0533
vn -0.1226 -0.7015 0.7021
vn -0.3109 -0.8773 0.3656
vn -0.4497 0.3581 0.8182
vn -0.2356 -0.9205 0.3118
vn 0.0145 -0.9973 0.0716
vn 0.2910 -0.4374 -0.8509
vn 0.2883 -0.2166 -0.9327
vn 0.0127 0.1860 -0.9825
vn -0.0338 -0.9959 -0.0838
vn -0.4759 -0.8615 0.1772
vn 0.6507 0.5396 -0.5342
vn -0.4370 -0.8985 0.0420
vn -0.0489 -0.9986 0.0195
vn -0.4476 -0.4724 0.7593
vn -0.4617 -0.7372 0.4933
vn 0.5143 -0.5498 0.6581
vn -0.9024 0.0566 -0.4272
vn 0.2656 -0.9638 -0.0235
vn 0.6609 -0.7121 0.2368
vn -0.2514 -0.7559 -0.6045
vn 0.7018 -0.7123 -0.0127
vn 0.1201 -0.7281 -0.6749
vn -0.0719 -0.9974 0.0045
vn 0.3695 -0.8506 -0.3741
vn 0.5998 -0.7933 0.1049
vn 0.2662 -0.9266 -0.2655
vn 0.5962 -0.8023 0.0295
vn -0.5732 0.6338 -0.5194
vn 0.1756 -0.6986 -0.6936
vn -0.1965 -0.9291 0.3133
vn 0.5721 -0.8202 0.0039
vn -0.2975 -0.9532 -0.0546
vn -0.0036 -0.9996 -0.0293
vn -0.0729 -0.9811 0.1790
vn -0.0700 -0.9968 0.0379
vn 0.2183 -0.9035 -0.3687
vn -0.4512 -0.8105 -0.3734
vn 0.0481 0.9980 0.0404
vn 0.0113 -0.9975 0.0695
vn 0.0090 -0.9999 0.0130
vn 0.0368 -0.9992 0.0161
vn 0.0253 -0.9964 0.0805
vn -0.0351 -0.9964 0.0769
vn 0.0605 -0.9976 0.0325
vn -0.0840 -0.9908 -0.1057
vn -0.4118 -0.7235 0.5540
vn -0.4534 -0.8621 0.2263
vn -0.5116 -0.8409 0.1766
vn -0.5439 -0.8392 -0.0010
vn -0.4220 -0.8975 0.1283
vn 0.7576 0.5022 -0.4170
vn -0.4181 -0.8576 -0.2994
vn -0.0470 -0.9648 0.2588
vn 0.0636 -0.9947 0.0808
vn 0.2714 0.8542 -0.4434
vn -0.1068 -0.1100 0.9882
vn 0.8691 -0.1695 0.4647
vn -0.3047 0.4793 0.8230
vn 0.3441 -0.9374 0.0541
vn -0.3900 -0.8976 -0.2053
vn -0.1351 -0.9893 -0.0554
vn -0.2925 -0.8741 0.3879
vn 0.2184 -0.6942 -0.6858
vn -0.2913 -0.9392 0.1818
vn 0.5701 -0.8210 -0.0304
vn 0.4606 -0.8494 -0.2577
vn 0.2778 -0.8380 -0.4696
vn 0.3490 -0.8680 -0.3534
vn 0.2865 -0.8661 -0.4097
vn 0.0757 -0.9558 -0.2842
vn -0.0759 -0.9915 -0.1055
vn 0.0494 -0.9951 0.0853
vn -0.0711 -0.9968 -0.0362
vn 0.0677 -0.9941 0.0844
vn 0.0661 -0.9912 0.1149
vn 0.1490 -0.9666 0.2088
vn -0.0514 -0.9987 0.0005
vn 0.1095 -0.9793 0.1700
vn -0.1928 -0.9802 -0.0441
vn -0.0474 -0.9847 -0.1678
vn 0.0558 -0.9977 -0.0372
vn 0.0669 -0.9842 0.1638
vn 0.0083 -0.9749 0.2225
vn 0.1291 -0.9915 -0.0167
vn -0.0471 -0.9965 0.0693
vn -0.0484 -0.9751 -0.2163
vn 0.0174 -0.9993 0.0340
vn 0.1114 -0.9912 -0.0712
vn -0.0004 -0.9688 -0.2477
vn 0.0264 -0.9690 -0.2456
vn 0.0460 -0.9639 -0.2623
vn -0.4921 -0.7423 0.4547
vn -0.1256 0.4527 -0.8828
vn 0.7346 0.6690 -0.1132
vn 0.6852 0.7089 -0.1671
vn 0.7396 0.6215 -0.2583
vn 0.7327 0.6262 -0.2665
vn 0.1968 -0.9634 -0.1821
vn -0.0053 0.0386 0.9992
vn -0.0067 0.0120 0.9999
vn -0.4579 0.8836 -0.0980
vn -0.1690 -0.9851 0.0323
vn -0.3591 -0.8896 0.2821
vn 0.6265 -0.7744 -0.0882
vn 0.2689 -0.9591 0.0881
vn 0.6266 -0.7711 -0.1128
vn -0.1456 -0.9893 -0.0075
vn 0.3849 -0.9223 -0.0340
vn -0.3340 -0.9104 -0.2441
vn -0.0982 -0.9579 -0.2699
vn 0.0831 -0.9099 -0.4065
vn -0.0872 -0.9958 0.0295
vn -0.0877 -0.9960 -0.0163
vn 0.0128 -0.9996 -0.0271
vn 0.1028 -0.9922 0.0708
vn 0.0119 -0.9993 0.0346
vn 0.1310 -0.9874 0.0885
vn -0.0291 -0.9952 -0.0932
vn -0.0315 -0.9984 -0.0468
vn 0.1741 -0.9677 0.1823
vn -0.1337 -0.9899 0.0481
vn 0.0511 -0.9973 0.0520
vn 0.1744 -0.9670 0.1859
vn -0.2016 -0.9790 -0.0318
vn 0.0554 -0.9918 0.1151
vn -0.0725 -0.9913 -0.1094
vn -0.1782 -0.9840 -0.0003
vn 0.1549 -0.9657 0.2082
vn 0.1048 -0.9589 0.2638
vn 0.0157 -0.9803 0.1968
vn 0.0029 -0.9913 0.1318
vn 0.0371 -0.9748 0.2199
vn 0.0102 -0.9911 0.1325
vn -0.1624 -0.9642 -0.2098
vn 0.1927 -0.9789 -0.0683
vn -0.1718 -0.9801 -0.0991
vn 0.0748 -0.9619 -0.2631
vn -0.0779 -0.9554 -0.2847
vn -0.0768 -0.9552 -0.2858
vn -0.0505 -0.9560 -0.2891
vn 0.7683 0.4800 0.4234
vn 0.8378 0.1814 0.5150
vn -0.3202 0.0791 0.9441
vn -0.4060 0.4898 0.7716
vn -0.0678 -0.9977 0.0039
vn -0.2265 -0.9629 -0.1468
vn -0.2870 0.9515 0.1111
vn 0.4595 -0.7194 -0.5209
vn 0.0064 -0.8901 -0.4557
vn 0.0099 -0.8880 -0.4597
vn 0.2837 -0.9208 0.2677
vn -0.1461 -0.9887 -0.0324
vn -0.3904 -0.9136 0.1140
vn -0.0466 -0.9978 0.0480
vn -0.0433 -0.9977 0.0523
vn -0.0451 -0.9962 0.0747
vn 0.2132 -0.8957 -0.3902
vn 0.1405 -0.9864 -0.0851
vn 0.3819 -0.8782 -0.2879
vn -0.1325 -0.9892 -0.0634
vn 0.1035 -0.9928 0.0600
vn -0.2283 -0.9632 -0.1422
vn 0.2215 -0.9750 0.0172
vn -0.1395 -0.9814 -0.1316
vn -0.0302 -0.9918 -0.1245
vn -0.1286 -0.9915 -0.0171
vn 0.2256 -0.9741 -0.0141
vn 0.1196 -0.9830 -0.1390
vn -0.0595 -0.9960 0.0669
vn 0.1058 -0.9898 0.0958
vn -0.1010 -0.9923 -0.0719
vn -0.1505 -0.9885 -0.0162
vn 0.0170 -0.9998 -0.0132
vn -0.0939 -0.9924 0.0801
vn 0.0199 -0.9991 -0.0365
vn 0.1007 -0.9764 0.1912
vn -0.0034 -0.9998 0.0189
vn -0.0190 -0.9991 0.0367
vn -0.0325 -0.9994 0.0094
vn 0.1030 -0.9853 0.1365
vn -0.0938 -0.9915 -0.0901
vn -0.2029 -0.9789 0.0220
vn 0.1750 -0.9766 0.1254
vn 0.0150 -0.9993 -0.0336
vn 0.0816 -0.9959 0.0393
vn -0.2471 -0.9638 -0.1004
vn -0.2007 -0.9783 -0.0521
vn -0.1308 -0.9859 -0.1041
vn 0.1404 -0.9470 0.2890
vn -0.1587 -0.9872 -0.0148
vn -0.1951 -0.9745 -0.1106
vn 0.0044 -0.9953 0.0969
vn 0.0935 -0.9952 -0.0286
vn -0.2457 -0.9546 -0.1683
vn -0.0548 -0.9785 0.1988
vn 0.0928 -0.9956 -0.0118
vn -0.1828 -0.9569 -0.2258
vn 0.1568 -0.9846 -0.0778
vn 0.1118 -0.9833 -0.1435
vn -0.2454 -0.9245 -0.2918
vn -0.1340 -0.9482 -0.2879
vn 0.0913 -0.9646 -0.2474
vn -0.4778 -0.8736 0.0923
vn -0.4778 -0.7912 -0.3817
vn -0.0383 0.0385 0.9985
vn -0.4729 -0.3732 0.7982
vn 0.5433 -0.4469 0.7107
vn 0.6584 -0.2685 0.7032
vn -0.0195 -0.9995 0.0248
vn -0.2135 -0.7997 -0.5611
vn -0.0040 -0.9998 -0.0219
vn 0.2194 -0.8846 -0.4116
vn 0.2770 -0.9431 0.1841
vn 0.1933 -0.9388 0.2851
vn -0.4131 -0.9010 0.1321
vn -0.0887 -0.9948 0.0492
vn -0.0818 -0.9911 -0.1049
vn 0.1327 -0.9816 0.1372
vn -0.1327 -0.9745 -0.1810
vn -0.2746 -0.9597 -0.0604
vn 0.1260 -0.9893 0.0731
vn 0.0581 -0.9922 0.1107
vn -0.0184 -0.9994 -0.0298
vn -0.0090 -0.9983 0.0577
vn -0.0083 -0.9946 0.1039
vn -0.1000 -0.9949 0.0143
vn 0.1572 -0.9826 0.0989
vn 0.0992 -0.9836 0.1503
vn -0.1553 -0.9876 -0.0242
vn -0.0680 -0.9904 -0.1200
vn 0.0591 -0.9965 0.0595
vn -0.0029 -0.9999 -0.0118
vn 0.2128 -0.9751 0.0629
vn -0.1522 -0.9876 -0.0394
vn 0.0092 -0.9989 0.0468
vn -0.0191 -0.9997 0.0117
vn 0.2162 -0.9750 -0.0504
vn -0.2436 -0.9652 -0.0952
vn 0.2434 -0.9535 0.1775
vn -0.0300 -0.9916 0.1260
vn -0.2471 -0.9640 -0.0985
vn 0.0821 -0.9966 -0.0095
vn 0.1166 -0.9923 -0.0417
vn -0.0305 -0.9952 0.0931
vn -0.1825 -0.9430 0.2781
vn 0.0724 -0.9600 0.2703
vn -0.2544 -0.9540 -0.1587
vn 0.1555 -0.9776 -0.1415
vn 0.1958 -0.9473 -0.2537
vn 0.8150 0.5791 -0.0201
vn -0.1093 -0.0217 0.9938
vn -0.2870 0.0461 0.9568
vn -0.0895 -0.0069 0.9960
vn 0.2218 -0.0162 0.9750
vn 0.3768 -0.1154 0.9191
vn 0.3049 -0.1687 0.9373
vn -0.9541 -0.1528 0.2577
vn 0.3437 -0.4867 0.8031
vn 0.3269 -0.4787 0.8149
vn 0.4889 -0.8675 0.0914
vn -0.8182 -0.2606 -0.5125
vn 0.0123 -0.9982 0.0591
vn 0.5616 -0.8042 0.1948
vn 0.0047 -0.4218 -0.9067
vn -0.1769 -0.9727 -0.1504
vn -0.2677 -0.9329 -0.2408
vn -0.5390 -0.1801 0.8228
vn 0.4320 -0.5185 -0.7380
vn 0.6703 -0.5090 -0.5400
vn 0.8137 -0.4593 -0.3563
vn -0.4618 -0.7668 -0.4458
vn -0.5109 -0.8113 0.2843
vn -0.2344 -0.9710 0.0472
vn -0.2337 -0.9711 0.0477
vn -0.2421 -0.9688 -0.0535
vn -0.3544 -0.9345 0.0317
vn -0.4479 -0.4624 -0.7652
vn 0.3826 -0.6225 -0.6828
vn -0.3392 -0.9307 -0.1367
vn -0.2289 -0.9639 -0.1360
vn 0.2186 -0.9709 0.0974
vn 0.0552 -0.9888 0.1385
vn 0.0097 -0.9835 0.1805
vn 0.0162 -0.9989 0.0433
vn -0.2839 -0.9351 -0.2121
vn -0.0215 -0.9998 0.0019
vn 0.1951 -0.9779 0.0753
vn -0.1405 -0.9834 -0.1146
vn 0.2123 -0.9654 0.1512
vn -0.2503 -0.9458 -0.2069
vn 0.1809 -0.9810 0.0698
vn 0.1934 -0.9775 0.0839
vn -0.1341 -0.9890 0.0623
vn 0.1574 -0.9816 0.1079
vn -0.1324 -0.9911 0.0144
vn -0.1733 -0.9845 -0.0258
vn 0.2070 -0.9755 -0.0738
vn 0.0591 -0.9966 0.0582
vn -0.1733 -0.9825 -0.0679
vn -0.1564 -0.9865 -0.0494
vn 0.2071 -0.9771 0.0482
vn -0.2073 -0.9782 -0.0151
vn 0.2046 -0.9783 0.0337
vn -0.1825 -0.9804 -0.0735
vn -0.2093 -0.9772 0.0367
vn 0.2176 -0.9758 0.0212
vn 0.3084 -0.9152 0.2595
vn -0.1749 -0.9726 -0.1531
vn -0.2671 -0.9603 -0.0799
vn 0.3252 -0.8890 0.3224
vn 0.2061 -0.9767 -0.0596
vn 0.1745 -0.9676 0.1823
vn -0.2945 -0.9496 0.1078
vn -0.1589 -0.9873 -0.0039
vn -0.1778 -0.9615 0.2096
vn -0.2410 -0.9588 0.1506
vn -0.0932 -0.9340 0.3450
vn -0.0375 -0.9595 0.2793
vn 0.1385 -0.9899 -0.0291
vn 0.1159 -0.9920 -0.0502
vn -0.0162 -0.9289 0.3700
vn -0.2417 -0.9433 -0.2276
vn 0.1362 -0.9875 -0.0790
vn 0.2324 -0.9435 -0.2361
vn 0.6976 -0.4106 0.5872
vn 0.2809 -0.8543 -0.4374
vn 0.3043 -0.3153 0.8989
vn -0.2493 -0.7637 -0.5955
vn -0.6101 -0.7901 0.0597
vn -0.3656 -0.8932 -0.2617
vn -0.5046 -0.8210 -0.2670
vn 0.0532 -0.9299 0.3640
vn 0.0662 -0.9301 0.3614
vn -0.1635 0.3315 -0.9292
vn 0.1904 0.0369 0.9810
vn 0.6484 0.2803 0.7078
vn -0.3639 0.0294 0.9310
vn -0.6706 -0.1003 0.7350
vn 0.6697 0.2696 0.6919
vn 0.8420 0.0826 0.5332
vn -0.3476 -0.7805 0.5196
vn 0.9152 -0.0191 0.4026
vn 0.0247 0.0093 0.9997
vn -0.2651 0.3251 0.9078
vn 0.3342 -0.4777 0.8125
vn -0.4606 0.7601 -0.4583
vn -0.2984 0.3266 0.8968
vn 0.7115 -0.6788 -0.1816
vn 0.9362 -0.0184 0.3509
vn -0.2989 0.3332 0.8942
vn -0.8330 0.2185 0.5082
vn 0.8754 -0.4749 0.0906
vn -0.2174 0.1742 0.9604
vn -0.1198 -0.2493 -0.9610
vn -0.8033 0.2429 -0.5439
vn -0.4741 0.0877 0.8761
vn -0.1396 -0.3236 -0.9358
vn 0.0116 -0.8953 -0.4453
vn 0.9087 -0.1768 0.3782
vn 0.9154 -0.3387 0.2175
vn -0.6806 -0.3205 0.6589
vn -0.3807 -0.1723 -0.9085
vn 0.5498 -0.3213 -0.7710
vn 0.5894 -0.2740 -0.7599
vn -0.3393 -0.8713 0.3545
vn -0.3594 -0.8550 0.3740
vn -0.5553 -0.7950 -0.2441
vn -0.0039 -0.0949 -0.9955
vn 0.0221 -0.8655 -0.5004
vn 0.4863 -0.8506 0.2000
vn -0.2788 -0.9078 -0.3134
vn -0.4900 -0.7891 0.3706
vn 0.4393 -0.7114 -0.5485
vn 0.6807 -0.7115 -0.1744
vn 0.6671 -0.7227 -0.1807
vn 0.4983 -0.6841 -0.5326
vn -0.8451 -0.4516 -0.2859
vn 0.3358 -0.7768 -0.5328
vn -0.8537 -0.4417 -0.2760
vn 0.1199 -0.7963 -0.5928
vn -0.4659 -0.6746 -0.5726
vn 0.1106 -0.9913 0.0716
vn -0.4395 -0.8746 -0.2047
vn -0.6733 -0.6567 -0.3397
vn 0.2130 -0.9764 -0.0357
vn 0.9190 0.3198 0.2304
vn -0.3120 -0.9251 -0.2163
vn 0.2936 -0.9493 0.1128
vn 0.2976 -0.9360 0.1881
vn 0.0050 -1.0000 0.0025
vn -0.1396 -0.9823 0.1246
vn -0.4426 -0.8653 -0.2352
vn 0.1535 -0.9762 0.1530
vn -0.2579 -0.9395 -0.2254
vn 0.4554 -0.8595 0.2322
vn -0.1621 -0.9866 -0.0190
vn -0.1367 -0.9906 0.0087
vn 0.0450 -0.9979 0.0467
vn -0.2399 -0.9625 -0.1269
vn -0.5449 0.7981 -0.2572
vn 0.2790 -0.9551 0.0995
vn 0.2208 -0.9618 0.1620
vn 0.2592 -0.9623 0.0829
vn -0.2240 -0.9691 -0.1031
vn 0.2958 -0.9364 0.1887
vn -0.2326 -0.9723 0.0220
vn 0.2174 -0.9759 0.0176
vn -0.2347 -0.9711 0.0428
vn -0.2824 -0.9593 0.0104
vn 0.2155 -0.9763 0.0197
vn 0.4865 -0.8015 0.3478
vn 0.2386 -0.9708 -0.0252
vn 0.2161 -0.9754 -0.0443
vn 0.1648 -0.8730 0.4589
vn 0.3767 -0.9104 -0.1711
vn 0.2157 -0.9655 -0.1456
vn -0.2671 -0.9256 -0.2681
vn -0.2459 -0.9243 -0.2919
vn -0.0010 -0.1879 0.9822
vn -0.2559 -0.8984 -0.3568
vn -0.3806 -0.7891 -0.4821
vn 0.7824 0.0483 -0.6209
vn 0.9157 -0.1882 0.3549
vn 0.2567 -0.9130 -0.3172
vn -0.5534 -0.6689 0.4964
vn -0.1816 -0.9213 -0.3439
vn 0.6190 0.6934 -0.3687
vn 0.9173 0.3919 0.0702
vn 0.9322 0.3612 0.0246
vn 0.8230 0.3806 -0.4216
vn 0.7358 0.6600 -0.1518
vn 0.8354 0.5218 -0.1726
vn -0.4766 -0.8048 0.3539
vn 0.5628 0.6776 -0.4733
vn 0.6753 0.6585 -0.3322
vn 0.6763 0.6141 -0.4067
vn -0.2019 -0.4004 0.8938
vn -0.4137 -0.7134 0.5656
vn -0.1552 -0.6150 -0.7731
vn -0.9883 -0.1244 -0.0881
vn -0.0140 -0.2602 -0.9654
vn 0.2888 0.9465 -0.1439
vn 0.1535 0.9638 -0.2178
vn -0.0446 0.2476 -0.9678
vn 0.7851 0.2519 0.5658
vn -0.3770 -0.1111 0.9195
vn 0.3212 -0.1170 0.9397
vn -0.2794 -0.0171 0.9600
vn -0.1271 -0.4027 0.9065
vn -0.0852 -0.2964 0.9513
vn -0.4031 -0.6330 -0.6610
vn 0.0031 -0.6982 -0.7159
vn 0.1120 -0.6220 -0.7749
vn -0.1879 -0.4544 -0.8708
vn 0.4231 -0.4883 -0.7632
vn -0.5584 -0.7833 0.2731
vn 0.8543 -0.5120 -0.0892
vn -0.5374 -0.7644 0.3562
vn -0.8929 -0.4449 -0.0690
vn 0.7194 -0.5564 -0.4158
vn -0.5316 0.5988 -0.5990
vn 0.6788 -0.7083 -0.1937
vn 0.6113 -0.7724 -0.1724
vn 0.3269 -0.6630 -0.6735
vn -0.1788 -0.6384 -0.7486
vn -0.5064 -0.8301 -0.2334
vn -0.0012 -0.9994 0.0352
vn -0.3493 -0.6610 -0.6641
vn 0.1546 -0.9266 0.3427
vn 0.3083 -0.9327 0.1873
vn -0.5246 -0.7836 -0.3330
vn 0.3536 -0.9158 0.1903
vn -0.3276 -0.9436 -0.0483
vn 0.3244 -0.8194 0.4726
vn 0.3750 -0.9148 0.1503
vn -0.1524 -0.9840 -0.0923
vn -0.5269 -0.8185 -0.2292
vn -0.2101 -0.9771 -0.0348
vn 0.4507 -0.8784 0.1592
vn -0.2852 -0.9072 -0.3092
vn -0.3907 -0.9171 -0.0800
vn -0.4856 -0.8165 -0.3124
vn 0.2593 -0.9623 0.0823
vn 0.3959 -0.8978 0.1931
vn 0.3866 -0.7887 0.4781
vn -0.3944 -0.9053 -0.1575
vn -0.5158 -0.8535 -0.0741
vn -0.4490 -0.8859 -0.1167
vn -0.3213 -0.8762 -0.3592
vn 0.5269 -0.7681 0.3639
vn -0.4046 -0.9091 -0.0997
vn -0.4357 -0.9000 -0.0143
vn -0.5015 -0.8648 0.0257
vn -0.3931 -0.9014 -0.1813
vn -0.4973 -0.8662 0.0486
vn -0.2669 -0.9584 -0.1015
vn 0.4443 -0.8292 0.3391
vn 0.2909 -0.9544 -0.0673
vn -0.1321 -0.8582 0.4961
vn 0.1348 -0.9342 0.3304
vn -0.0387 -0.9425 0.3320
vn -0.2587 -0.9509 -0.1700
vn 0.2672 -0.9447 -0.1899
vn -0.4249 -0.8489 -0.3145
vn 0.3649 -0.9287 -0.0664
vn -0.2979 -0.9128 -0.2794
vn 0.2224 -0.9464 -0.2343
vn -0.2619 -0.8664 -0.4252
vn -0.4457 -0.5405 0.7136
vn 0.4102 -0.8525 -0.3240
vn -0.2093 -0.7870 -0.5804
vn -0.0966 -0.8631 -0.4957
vn -0.0183 -0.8017 -0.5974
vn 0.1219 -0.7905 -0.6003
vn 0.0859 -0.8097 -0.5805
vn 0.9538 -0.0988 0.2836
vn 0.1642 -0.7809 -0.6028
vn -0.0343 -0.8899 -0.4549
vn 0.2010 -0.7746 -0.5997
vn -0.6219 -0.7567 0.2017
vn -0.6207 -0.7639 0.1767
vn -0.5851 -0.7975 0.1472
vn -0.4804 -0.8721 0.0927
vn 0.9457 0.3177 -0.0682
vn 0.2487 0.7107 -0.6580
vn -0.4709 -0.6592 0.5862
vn 0.0048 0.0311 0.9995
vn -0.0053 0.0540 0.9985
vn 0.4551 0.2717 0.8480
vn -0.3394 0.0373 0.9399
vn -0.3476 0.0287 0.9372
vn 0.7727 -0.2339 0.5900
vn 0.7619 -0.5544 -0.3349
vn -0.7250 -0.2759 0.6311
vn -0.1567 -0.9567 -0.2454
vn -0.3061 -0.8643 -0.3992
vn 0.8534 -0.5209 0.0185
vn -0.8055 -0.5845 -0.0980
vn -0.8153 -0.5688 0.1083
vn -0.8824 -0.4686 0.0413
vn -0.6091 -0.7701 0.1894
vn -0.8716 -0.4798 -0.1002
vn -0.4744 -0.8796 0.0355
vn 0.4320 -0.8920 -0.1333
vn 0.7311 -0.5553 -0.3965
vn -0.5271 -0.8421 -0.1138
vn -0.5269 -0.8420 -0.1156
vn 0.4276 -0.5415 -0.7238
vn -0.2121 -0.8709 -0.4434
vn 0.3256 -0.6631 -0.6740
vn 0.6263 -0.7765 0.0700
vn 0.2679 -0.9610 -0.0692
vn -0.0388 -0.8113 -0.5833
vn -0.0033 -0.9964 0.0851
vn -0.0777 -0.9968 0.0167
vn -0.4995 -0.8309 -0.2452
vn -0.5371 -0.7861 -0.3059
vn 0.7503 -0.6609 0.0174
vn 0.0762 -0.9846 0.1572
vn 0.0535 -0.9795 0.1941
vn -0.2586 -0.9559 0.1392
vn 0.1321 -0.9785 0.1581
vn 0.0768 -0.9750 0.2085
vn 0.4598 -0.8621 0.2129
vn -0.4890 -0.8279 -0.2746
vn 0.3041 -0.9302 0.2055
vn 0.4472 -0.8622 0.2380
vn 0.3441 -0.9224 0.1753
vn 0.3408 -0.8967 0.2825
vn 0.3683 -0.9118 0.1815
vn -0.2807 -0.6815 -0.6758
vn 0.5217 -0.8120 0.2618
vn -0.3151 -0.9365 -0.1537
vn 0.4004 -0.9055 0.1407
vn -0.5359 -0.8412 -0.0719
vn -0.2907 -0.9171 -0.2727
vn -0.4941 -0.8474 0.1944
vn 0.4358 -0.8963 0.0825
vn 0.2584 -0.9500 0.1751
vn 0.4115 -0.9099 0.0521
vn -0.3484 -0.9232 -0.1622
vn -0.4983 -0.8656 0.0496
vn 0.4131 -0.9103 0.0276
vn -0.3940 -0.8952 -0.2083
vn 0.5150 -0.7895 0.3341
vn 0.4306 -0.9022 -0.0264
vn -0.4277 -0.8945 0.1298
vn 0.2768 -0.7583 0.5902
vn 0.3985 -0.9147 -0.0675
vn -0.3253 -0.7802 0.5343
vn 0.1962 -0.8010 0.5657
vn -0.4792 -0.7989 0.3634
vn -0.3886 -0.8667 -0.3129
vn -0.5406 -0.8317 -0.1270
vn 0.0646 -0.9081 0.4137
vn -0.4136 -0.8531 -0.3182
vn -0.4566 -0.8838 -0.1021
vn -0.3272 -0.9020 -0.2817
vn -0.3333 -0.8158 -0.4726
vn -0.5962 -0.7379 -0.3162
vn 0.3488 -0.8751 -0.3356
vn 0.3274 -0.8803 -0.3433
vn 0.2537 -0.8735 -0.4155
vn 0.1635 -0.8009 -0.5760
vn -0.5982 -0.7798 0.1846
vn -0.2730 -0.7406 -0.6140
vn -0.4765 -0.8708 0.1213
vn -0.5080 -0.8448 0.1684
vn -0.5355 -0.7556 -0.3773
vn 0.5769 0.3547 -0.7358
vn 0.8905 0.2221 -0.3971
vn -0.9882 -0.0714 -0.1355
vn 0.9513 0.2311 -0.2041
vn -0.3776 0.1506 0.9136
vn -0.0088 -0.5026 0.8645
vn 0.1611 -0.6091 0.7766
vn -0.2480 -0.8315 0.4971
vn -0.5191 -0.7984 0.3053
vn -0.9320 -0.3182 0.1733
vn 0.5953 -0.8017 -0.0530
vn -0.4843 -0.8238 -0.2944
vn 0.6265 -0.6497 -0.4305
vn 0.6982 -0.6950 -0.1716
vn 0.6288 -0.7772 -0.0238
vn 0.3793 -0.7315 -0.5666
vn 0.4449 -0.7346 -0.5124
vn -0.5613 -0.8243 -0.0738
vn -0.4844 -0.8687 -0.1040
vn 0.2804 -0.9598 0.0122
vn -0.2320 -0.8680 -0.4390
vn -0.0016 -0.7950 -0.6067
vn 0.0533 -0.9809 0.1870
vn -0.0760 -0.9963 -0.0403
vn -0.2229 -0.9727 0.0651
vn 0.3265 -0.9261 0.1892
vn -0.3722 -0.9158 -0.1512
vn -0.2287 -0.9735 0.0055
vn -0.4038 -0.8791 -0.2530
vn 0.4545 -0.8590 0.2358
vn -0.4998 -0.8661 0.0009
vn 0.5512 -0.8338 -0.0318
vn -0.4592 -0.8869 -0.0502
vn 0.5425 -0.8086 0.2277
vn 0.4004 -0.8226 0.4037
vn 0.4839 -0.8417 -0.2396
vn 0.3594 -0.8314 0.4238
vn 0.4477 -0.8871 0.1123
vn 0.5512 -0.7780 0.3016
vn 0.2920 -0.7923 0.5358
vn 0.4270 -0.9042 0.0125
vn -0.3854 -0.8980 -0.2122
vn -0.4766 -0.8732 0.1022
vn 0.5234 -0.8435 -0.1204
vn 0.1109 -0.8163 0.5669
vn -0.0514 -0.8465 0.5299
vn -0.5381 -0.8311 -0.1401
vn 0.2770 -0.9429 -0.1850
vn -0.4331 -0.8068 -0.4019
vn 0.3647 -0.9145 -0.1749
vn 0.0325 -0.9476 0.3177
vn -0.2312 -0.8065 0.5442
vn -0.3654 -0.8422 -0.3964
vn 0.3897 -0.9108 -0.1365
vn -0.3858 -0.7609 -0.5217
vn 0.0143 -0.8235 0.5672
vn -0.0730 -0.8385 -0.5400
vn 0.3069 -0.8803 -0.3617
vn -0.3573 -0.7709 -0.5273
vn -0.6992 -0.7049 0.1197
vn -0.7105 -0.7009 0.0635
vn 0.8696 0.3494 -0.3488
vn 0.7186 0.6422 -0.2668
vn -0.0880 -0.9790 0.1840
vn -0.5414 -0.7534 -0.3732
vn -0.0058 -0.7146 0.6995
vn -0.0651 -0.6694 0.7401
vn 0.3879 0.3869 -0.8366
vn 0.1137 0.1585 -0.9808
vn 0.7080 0.3601 -0.6075
vn 0.7268 0.5016 -0.4692
vn 0.6399 0.2721 0.7186
vn 0.7107 -0.2753 -0.6474
vn 0.4961 -0.5909 -0.6362
vn 0.9224 -0.3394 0.1844
vn -0.5451 -0.8105 0.2145
vn 0.7103 -0.6980 0.0914
vn -0.4213 -0.9024 -0.0899
vn -0.4346 -0.9005 0.0135
vn -0.5864 -0.7853 0.1986
vn -0.5895 -0.7992 -0.1177
vn -0.6139 -0.7892 0.0187
vn 0.3930 -0.7031 -0.5926
vn 0.1833 -0.9643 0.1909
vn -0.0091 -0.9993 0.0375
vn 0.5187 -0.5374 -0.6649
vn 0.5411 -0.8127 -0.2161
vn 0.1632 -0.9825 0.0899
vn 0.1327 -0.9734 0.1868
vn 0.5165 -0.7910 0.3280
vn -0.4939 -0.8256 -0.2727
vn -0.1166 -0.9921 -0.0461
vn 0.3009 -0.9029 0.3071
vn 0.5625 -0.7979 0.2167
vn 0.4846 -0.7976 0.3593
vn -0.4120 -0.8306 -0.3747
vn -0.4165 -0.8623 -0.2879
vn -0.5757 -0.7996 -0.1709
vn -0.4909 -0.8144 -0.3094
vn 0.4247 -0.8866 0.1832
vn 0.5641 -0.8077 0.1714
vn -0.4469 -0.8812 -0.1540
vn 0.5408 -0.8278 0.1493
vn -0.5972 -0.8015 -0.0299
vn -0.4003 -0.8990 -0.1775
vn -0.5778 -0.7528 -0.3154
vn 0.4350 -0.7573 0.4872
vn 0.3824 -0.7598 0.5258
vn 0.3991 -0.9167 -0.0170
vn 0.2318 -0.7110 0.6639
vn -0.1699 -0.8957 0.4110
vn 0.4660 -0.8439 -0.2660
vn -0.3476 -0.9327 0.0960
vn -0.5710 -0.8043 0.1645
vn -0.0102 -0.8879 -0.4598
vn 0.4291 -0.1470 0.8912
vn 0.2558 -0.8170 -0.5167
vn -0.6185 -0.5865 0.5229
vn 0.6139 0.5145 -0.5987
vn -0.3683 -0.1037 0.9239
vn -0.4479 -0.4121 0.7934
vn 0.8560 0.0846 0.5100
vn -0.9058 0.0783 0.4164
vn -0.9443 -0.0589 -0.3238
vn -0.3050 0.3268 0.8945
vn -0.0967 -0.2240 -0.9698
vn -0.2525 0.0887 0.9635
vn -0.1120 -0.3263 -0.9386
vn -0.0251 -0.4304 -0.9023
vn 0.7467 -0.5389 -0.3898
vn -0.3618 -0.4000 -0.8421
vn -0.3598 -0.3991 -0.8434
vn -0.4220 -0.8293 0.3663
vn 0.0708 -0.1651 -0.9837
vn -0.3695 -0.3821 0.8470
vn -0.3246 -0.2512 -0.9119
vn 0.7157 0.0865 -0.6931
vn -0.5638 -0.7676 0.3050
vn -0.5965 -0.6329 -0.4936
vn -0.2953 -0.2645 -0.9180
vn -0.8477 -0.5304 -0.0112
vn 0.4401 -0.8904 0.1163
vn 0.6364 -0.5581 -0.5325
vn -0.4485 -0.8903 0.0789
vn 0.5112 -0.8387 0.1876
vn 0.6299 -0.7766 0.0130
vn -0.4729 -0.8762 -0.0933
vn 0.6941 -0.5054 -0.5126
vn 0.4583 -0.8885 0.0229
vn 0.5921 -0.5054 -0.6277
vn -0.5259 -0.8495 -0.0421
vn 0.4788 -0.8777 0.0218
vn 0.7175 -0.6499 -0.2507
vn 0.7557 -0.6483 0.0927
vn 0.5097 -0.5801 -0.6354
vn -0.5896 -0.7995 -0.1152
vn -0.6056 -0.7847 -0.1321
vn 0.7786 -0.4960 -0.3845
vn 0.2395 -0.9342 0.2644
vn 0.1552 -0.9692 0.1913
vn -0.6820 -0.4770 -0.5544
vn 0.3614 -0.5995 -0.7141
vn 0.3072 -0.8903 0.3361
vn -0.6128 -0.7518 -0.2434
vn 0.6307 0.1153 0.7675
vn -0.6537 -0.6848 -0.3220
vn -0.4969 -0.5591 -0.6637
vn -0.3966 -0.8406 -0.3690
vn 0.0775 0.9324 0.3530
vn 0.4164 0.9050 0.0872
vn -0.5760 -0.7364 -0.3549
vn 0.4577 0.6459 -0.6110
vn 0.5965 -0.7133 0.3681
vn 0.5711 -0.7601 0.3100
vn -0.3709 -0.9129 -0.1706
vn 0.5718 -0.7627 0.3024
vn -0.5015 -0.8285 -0.2491
vn 0.6197 -0.7396 0.2626
vn -0.5446 -0.7332 -0.4071
vn 0.7020 -0.6849 0.1952
vn 0.5209 -0.7612 0.3864
vn -0.5612 -0.7771 -0.2848
vn -0.4997 -0.8442 -0.1940
vn -0.5965 -0.8014 -0.0437
vn 0.5744 -0.7969 0.1871
vn -0.5416 -0.8323 0.1176
vn 0.3030 -0.7543 0.5825
vn -0.3990 -0.6253 0.6707
vn 0.4468 -0.8296 -0.3349
vn -0.3796 -0.7627 0.5236
vn 0.1918 -0.4059 0.8935
vn -0.3854 -0.7264 -0.5691
vn 0.3935 -0.7801 -0.4864
vn -0.4161 -0.8965 0.1523
vn 0.6215 -0.5167 0.5888
vn -0.5247 -0.6714 0.5234
vn -0.2168 -0.7193 -0.6600
vn 0.2868 -0.7489 -0.5974
vn -0.1815 -0.7598 -0.6243
vn 0.2492 -0.7400 -0.6248
vn -0.1237 0.7754 0.6192
vn -0.0014 -0.7935 -0.6085
vn -0.8066 -0.5557 0.2016
vn 0.9633 0.1681 -0.2094
vn 0.7456 0.5433 -0.3859
vn -0.7675 -0.6350 -0.0882
vn 0.8243 0.4377 -0.3590
vn 0.8283 0.4609 -0.3185
vn -0.4257 -0.8848 0.1894
vn -0.4132 -0.8934 0.1763
vn 0.3714 0.1144 -0.9214
vn -0.4179 0.0274 -0.9081
vn -0.5336 0.3193 -0.7831
vn 0.0820 -0.9947 0.0620
vn -0.2448 -0.9680 0.0547
vn -0.0370 0.0277 0.9989
vn -0.2049 0.0934 0.9743
vn -0.1780 0.1366 0.9745
vn 0.7765 0.2608 0.5737
vn -0.0731 -0.0300 0.9969
vn -0.5553 -0.3468 0.7559
vn 0.1695 -0.3265 0.9299
vn -0.2193 0.8576 0.4652
vn -0.2156 -0.2202 -0.9513
vn -0.5619 -0.8174 0.1266
vn -0.5257 -0.8448 0.0994
vn 0.6183 -0.5576 -0.5538
vn 0.1795 -0.9552 0.2353
vn 0.5075 -0.5445 -0.6678
vn -0.5732 -0.6643 -0.4798
vn 0.5453 -0.8207 0.1703
vn 0.4368 -0.8996 0.0014
vn 0.3681 -0.8571 0.3603
vn 0.4651 -0.8494 0.2493
vn 0.5656 -0.7518 0.3391
vn -0.5466 -0.7430 -0.3863
vn -0.5445 -0.7381 -0.3985
vn 0.6749 -0.6617 0.3267
vn -0.5874 -0.8091 -0.0166
vn -0.5861 -0.8068 0.0739
vn 0.5288 0.8476 0.0432
vn -0.5420 -0.8071 0.2343
vn 0.0339 -0.6935 0.7197
vn 0.5094 -0.8311 -0.2232
vn 0.5211 -0.8196 -0.2381
vn -0.5380 -0.7204 -0.4377
vn -0.4900 -0.7745 -0.4002
vn -0.4248 -0.7763 -0.4658
vn -0.3959 -0.7302 -0.5569
vn -0.7266 -0.5279 -0.4398
vn -0.6890 -0.0658 -0.7218
vn -0.0253 0.9530 -0.3021
vn -0.3963 -0.7293 -0.5578
vn 0.4498 -0.3668 0.8143
vn -0.1633 -0.8298 0.5336
vn -0.2232 -0.8804 0.4185
vn 0.1578 -0.6227 0.7664
vn -0.5110 -0.8414 0.1761
vn -0.4105 -0.9005 0.1433
vn 0.5093 -0.8596 -0.0416
vn 0.4948 -0.8686 -0.0257
vn -0.6588 -0.7006 0.2741
vn -0.5225 -0.8174 -0.2427
vn -0.4696 -0.8317 -0.2963
vn -0.6198 -0.7486 -0.2354
vn 0.4623 -0.8362 0.2951
vn 0.5672 -0.7497 0.3409
vn -0.4152 -0.8979 -0.1464
vn 0.5627 -0.7989 0.2125
vn -0.5779 -0.7961 -0.1798
vn -0.5984 -0.7538 -0.2715
vn -0.5764 -0.7632 -0.2920
vn -0.5526 -0.5857 -0.5929
vn -0.0118 -0.7457 0.6662
vn -0.5387 -0.7004 -0.4682
vn 0.4830 -0.7925 -0.3725
vn 0.4125 -0.8714 0.2655
vn 0.3966 -0.7767 -0.4893
vn -0.1375 -0.6756 -0.7243
vn -0.0447 -0.6740 -0.7373
vn -0.3781 -0.9186 0.1154
vn -0.5088 -0.8605 -0.0252
vn -0.4433 -0.8937 -0.0685
vn 0.2619 0.7964 -0.5451
vn -0.2098 -0.9066 0.3661
vn 0.0372 -0.9959 -0.0824
vn -0.3576 -0.1150 0.9268
vn 0.6984 0.4370 0.5668
vn -0.2404 -0.8096 -0.5355
vn -0.3232 -0.9457 -0.0345
vn -0.4481 -0.8281 -0.3369
vn 0.6111 0.7558 0.2351
vn -0.5015 -0.8333 -0.2325
vn 0.5689 -0.7628 0.3074
vn -0.5768 -0.7862 -0.2216
vn -0.6471 -0.7089 -0.2807
vn 0.6264 -0.6412 0.4433
vn 0.3869 -0.7184 0.5782
vn -0.5562 -0.7558 -0.3456
vn 0.1593 -0.9385 0.3063
vn -0.5082 -0.8612 -0.0050
vn 0.4065 -0.7624 0.5035
vn 0.0009 -0.8018 0.5977
vn -0.1295 -0.7096 0.6926
vn -0.5249 -0.8274 -0.1997
vn 0.7076 -0.3662 -0.6044
vn 0.3075 -0.9232 0.2307
vn 0.3519 -0.8916 0.2850
vn 0.3151 -0.9147 0.2531
vn 0.3950 -0.3253 -0.8592
vn 0.6041 -0.7279 0.3244
vn -0.5755 -0.6898 -0.4392
vn -0.2183 -0.1483 -0.9646
vn -0.5265 -0.5939 -0.6084
vn 0.5693 -0.7920 0.2208
vn 0.6313 -0.6331 0.4479
vn 0.5901 -0.8070 -0.0210
vn -0.6042 -0.7655 0.2214
vn 0.2474 -0.5903 0.7683
vn 0.5139 -0.8162 -0.2639
vn 0.1446 -0.9454 0.2922
vn -0.1100 -0.9915 -0.0692
vn 0.0840 -0.9254 0.3696
vn 0.1698 0.5001 0.8491
vn 0.2600 0.4861 0.8343
vn 0.7272 0.1764 0.6634
vn -0.3522 0.2375 0.9053
vn 0.3902 -0.1353 0.9107
vn 0.7642 -0.0721 0.6410
vn 0.6192 -0.7081 0.3395
vn -0.2414 -0.7967 0.5541
vn 0.5663 -0.8002 -0.1972
vn -0.6235 -0.7128 -0.3211
vn 0.8760 -0.3299 0.3519
vn -0.2387 -0.4227 -0.8743
vn -0.5070 -0.7654 0.3963
vn -0.1431 -0.3547 -0.9240
vn 0.1261 -0.8327 -0.5392
vn -0.3781 -0.8551 -0.3548
vn 0.3300 -0.8837 -0.3321
vn -0.7589 -0.5460 0.3550
vn 0.6044 -0.7355 0.3060
vn -0.7086 -0.7034 -0.0563
vn 0.2354 -0.9285 0.2871
vn -0.7537 -0.6338 -0.1738
vn 0.6800 -0.6887 0.2516
vn 0.5609 -0.4564 -0.6908
vn 0.5528 -0.7493 0.3647
vn -0.5235 -0.7907 -0.3175
vn -0.6283 -0.7004 -0.3388
vn -0.0055 -0.7514 -0.6598
vn -0.4705 -0.8026 -0.3665
vn 0.5825 -0.6025 0.5456
vn 0.7141 -0.6134 0.3373
vn 0.6174 -0.5725 0.5395
vn -0.6257 -0.6241 -0.4681
vn 0.7274 -0.6040 0.3257
vn 0.7157 -0.5744 0.3973
vn 0.5969 -0.8021 0.0172
vn 0.5950 -0.8035 0.0197
vn 0.4853 -0.5732 0.6602
vn -0.6686 -0.6874 -0.2837
vn 0.6896 -0.6939 -0.2074
vn 0.5973 -0.7941 -0.1124
vn -0.6060 -0.6846 -0.4050
vn 0.1406 -0.9349 0.3258
vn -0.0047 -0.9865 0.1635
vn -0.5434 -0.4800 0.6887
vn 0.2363 -0.9280 0.2880
vn -0.3726 -0.9147 0.1568
vn 0.3904 -0.6265 -0.6746
vn -0.4910 -0.8658 0.0966
vn -0.3565 -0.6243 -0.6951
vn -0.4473 -0.6492 -0.6152
vn 0.2919 -0.7458 -0.5988
vn 0.9691 -0.2424 0.0449
vn 0.9048 -0.4211 -0.0634
vn -0.5555 -0.8309 0.0309
vn -0.5775 -0.6495 0.4946
vn 0.8957 -0.3656 -0.2532
vn 0.8681 0.2836 -0.4074
vn -0.1343 0.9890 -0.0626
vn 0.1338 0.9069 -0.3996
vn 0.2343 -0.9703 0.0593
vn -0.3747 0.4075 0.8328
vn -0.2734 -0.2134 0.9379
vn 0.0456 -0.5856 0.8093
vn -0.0180 -0.7015 0.7125
vn -0.1573 -0.8691 0.4690
vn -0.1759 -0.6356 0.7517
vn 0.3187 0.5290 -0.7865
vn -0.5224 -0.7632 0.3803
vn -0.9377 -0.3454 0.0385
vn -0.5822 -0.5631 0.5865
vn -0.2530 -0.9674 -0.0100
vn -0.2277 -0.9730 -0.0370
vn -0.6876 -0.7207 0.0883
vn -0.1398 -0.9899 -0.0238
vn -0.2217 -0.9709 -0.0903
vn -0.2632 -0.9544 -0.1405
vn 0.5872 -0.5411 -0.6020
vn -0.2618 -0.9330 -0.2467
vn 0.8529 -0.1727 -0.4927
vn 0.6202 -0.4319 -0.6548
vn 0.5242 -0.5090 -0.6827
vn 0.7292 -0.6843 -0.0015
vn -0.4156 -0.7072 -0.5719
vn -0.5456 -0.7733 -0.3230
vn -0.7946 -0.5076 -0.3331
vn -0.5697 -0.7260 -0.3852
vn 0.6803 -0.5873 0.4385
vn -0.5055 -0.8476 -0.1614
vn -0.5822 -0.7031 -0.4083
vn 0.7023 -0.6591 0.2690
vn 0.5656 -0.6907 0.4505
vn -0.6863 -0.6439 -0.3381
vn -0.5444 -0.7533 -0.3690
vn 0.7431 -0.6170 0.2590
vn -0.6048 -0.7319 -0.3139
vn -0.6835 -0.6088 -0.4028
vn 0.6777 -0.6289 0.3811
vn -0.6628 -0.6738 -0.3266
vn 0.5184 -0.6924 0.5018
vn -0.6446 -0.7010 -0.3051
vn 0.5946 -0.5431 0.5929
vn -0.7233 -0.6188 -0.3065
vn 0.5971 -0.8016 -0.0300
vn -0.3724 -0.7920 0.4838
vn 0.5747 -0.7488 -0.3303
vn -0.5009 -0.8653 0.0169
vn -0.4055 -0.6225 -0.6694
vn -0.5499 -0.8342 0.0404
vn 0.4320 -0.6215 -0.6535
vn 0.6258 -0.7794 0.0310
vn 0.8943 -0.3146 0.3181
vn 0.3052 -0.7448 -0.5934
vn 0.3008 -0.6050 -0.7372
vn -0.5476 -0.8364 0.0232
vn -0.3546 -0.9338 -0.0470
vn 0.9077 -0.3053 -0.2880
vn -0.6442 -0.3320 -0.6890
vn 0.0115 -0.2823 0.9593
vn -0.3105 -0.9114 -0.2700
vn -0.3498 0.2437 0.9046
vn -0.3589 0.2915 0.8867
vn 0.2227 -0.0430 0.9739
vn -0.4002 0.0752 0.9133
vn -0.6946 -0.7166 -0.0629
vn 0.8043 -0.0672 0.5905
vn 0.7348 -0.5211 -0.4341
vn -0.1114 -0.4248 -0.8984
vn 0.3075 -0.9486 -0.0747
vn 0.6147 -0.7626 0.2015
vn -0.0809 -0.8296 -0.5525
vn 0.5061 -0.7936 0.3377
vn 0.6384 -0.5297 -0.5585
vn 0.5606 -0.7483 0.3547
vn -0.7860 -0.5722 -0.2342
vn -0.4652 -0.8053 -0.3675
vn 0.2365 -0.5569 -0.7962
vn -0.3145 -0.5672 -0.7612
vn 0.6140 -0.7127 0.3392
vn 0.7899 -0.4808 0.3807
vn 0.5672 -0.7541 0.3311
vn -0.3801 -0.6979 -0.6070
vn -0.6934 -0.6773 -0.2461
vn -0.6960 -0.5226 -0.4923
vn 0.5772 -0.7263 0.3733
vn -0.6814 -0.6524 -0.3318
vn -0.7347 -0.4990 -0.4596
vn 0.6712 -0.6239 0.4002
vn 0.6142 -0.7845 0.0857
vn -0.5065 -0.7029 0.4995
vn 0.2125 -0.6172 0.7576
vn -0.0123 -0.6685 0.7436
vn -0.6988 -0.5900 -0.4044
vn -0.7008 -0.5968 -0.3906
vn 0.2327 -0.9512 0.2025
vn 0.4360 -0.8913 0.1245
vn 0.4762 -0.7322 -0.4870
vn 0.2271 -0.6877 -0.6895
vn 0.0099 -0.6603 -0.7509
vn -0.2260 -0.5788 -0.7836
vn -0.1366 -0.6527 -0.7452
vn -0.3774 -0.7479 0.5461
vn 0.2988 0.4050 -0.8641
vn 0.2809 -0.1553 0.9471
vn -0.9155 0.0494 -0.3993
vn -0.0251 0.2467 0.9688
vn -0.1679 0.2912 0.9418
vn 0.4238 0.8262 0.3712
vn 0.0829 -0.5262 0.8463
vn -0.0391 -0.6427 0.7651
vn -0.9576 -0.2703 -0.0993
vn 0.2875 -0.0806 0.9544
vn 0.0562 -0.8558 0.5143
vn 0.0008 -0.8030 0.5960
vn 0.1409 -0.7690 0.6235
vn -0.5423 -0.7423 0.3936
vn 0.7407 -0.4851 0.4648
vn 0.5853 -0.5942 -0.5516
vn -0.3183 0.0360 -0.9473
vn -0.6955 -0.6953 0.1810
vn 0.6830 -0.6713 0.2879
vn -0.6741 -0.4431 0.5909
vn -0.1346 -0.8945 -0.4263
vn 0.3277 -0.8072 0.4909
vn -0.1878 -0.9799 -0.0673
vn 0.6339 -0.7729 -0.0292
vn -0.2019 -0.9733 -0.1089
vn -0.1848 -0.9383 -0.2923
vn -0.3479 -0.9249 -0.1533
vn 0.4722 -0.8085 0.3513
vn 0.4312 -0.7376 0.5197
vn -0.7806 -0.6247 0.0204
vn 0.4678 -0.2754 -0.8398
vn 0.5653 -0.7189 0.4045
vn 0.9021 -0.3578 0.2413
vn -0.4833 -0.7843 -0.3890
vn 0.6413 -0.6829 0.3499
vn -0.4796 -0.6303 -0.6105
vn -0.1361 -0.7180 -0.6826
vn 0.6547 -0.6412 0.4002
vn 0.6968 -0.6315 0.3400
vn -0.4693 -0.8076 -0.3571
vn -0.5739 -0.6027 -0.5545
vn 0.7144 -0.6115 0.3402
vn 0.7552 -0.5632 0.3354
vn 0.6941 -0.5778 0.4293
vn -0.7193 -0.6403 -0.2694
vn -0.7612 -0.6270 -0.1655
vn -0.7216 -0.6344 -0.2773
vn -0.7607 -0.5791 -0.2932
vn 0.6022 -0.7916 0.1032
vn -0.6137 -0.7375 0.2818
vn -0.0237 -0.9830 0.1822
vn 0.1009 -0.9602 0.2605
vn -0.1589 -0.9801 0.1187
vn -0.0037 -0.9831 0.1829
vn 0.2559 -0.8567 0.4479
vn -0.1886 -0.9171 0.3513
vn -0.1971 -0.9182 0.3436
vn 0.2062 -0.9630 0.1738
vn 0.3841 -0.8947 0.2281
vn 0.5824 -0.6995 -0.4141
vn -0.5850 -0.6263 -0.5153
vn 0.4268 -0.8958 0.1245
vn -0.3849 -0.9024 0.1938
vn 0.4025 -0.8765 0.2642
vn -0.4360 -0.8999 0.0028
vn 0.5286 -0.6479 -0.5484
vn -0.4619 -0.6183 -0.6359
vn -0.4016 -0.7189 -0.5674
vn 0.4633 -0.6740 -0.5754
vn -0.1942 -0.6008 -0.7754
vn 0.1231 -0.6161 -0.7780
vn 0.1303 -0.6104 -0.7813
vn -0.4034 -0.9143 0.0372
vn -0.3812 -0.9245 0.0058
vn -0.2845 -0.8404 0.4612
vn -0.4765 -0.8648 -0.1583
vn -0.3979 0.4491 -0.8000
vn 0.1679 -0.7855 0.5956
vn 0.0899 -0.7454 0.6605
vn 0.4467 -0.6394 0.6258
vn -0.3141 -0.8651 -0.3911
vn -0.7663 -0.5625 -0.3104
vn 0.5684 0.5924 0.5710
vn -0.2878 -0.1989 -0.9368
vn 0.3505 0.3250 0.8784
vn -0.1685 -0.5467 0.8202
vn -0.5461 0.8050 -0.2320
vn -0.4563 -0.3364 0.8238
vn 0.6560 0.1600 0.7376
vn -0.2577 -0.8661 0.4284
vn -0.1211 -0.6889 0.7147
vn 0.0761 -0.8155 0.5738
vn -0.9353 -0.2506 -0.2498
vn -0.0979 -0.2113 -0.9725
vn -0.4775 0.2435 -0.8442
vn -0.0230 0.0751 -0.9969
vn -0.0159 0.0867 -0.9961
vn -0.7912 -0.6020 0.1079
vn 0.3331 -0.9113 -0.2419
vn 0.7278 -0.6858 0.0055
vn -0.2352 -0.9694 -0.0710
vn 0.4973 -0.8108 0.3087
vn 0.0014 -0.8960 -0.4441
vn -0.7738 -0.4410 0.4547
vn 0.5550 -0.7154 0.4245
vn -0.3425 -0.8802 -0.3287
vn -0.7636 -0.6322 0.1313
vn -0.6204 -0.7184 -0.3147
vn 0.5602 -0.5473 -0.6218
vn -0.8067 -0.4829 -0.3407
vn -0.4487 -0.8070 -0.3839
vn 0.6028 -0.6809 0.4160
vn -0.6670 -0.6622 -0.3415
vn 0.7319 0.6814 0.0051
vn -0.7239 -0.6423 -0.2518
vn -0.7572 -0.4563 -0.4674
vn 0.7338 -0.6006 0.3175
vn -0.6920 -0.6384 -0.3371
vn -0.6399 -0.6271 -0.4442
vn -0.7447 -0.5632 -0.3581
vn 0.7192 -0.5496 0.4250
vn 0.5534 -0.6261 0.5493
vn 0.6533 -0.6364 0.4101
vn -0.2783 -0.2032 -0.9388
vn -0.6117 -0.7379 0.2853
vn -0.7327 -0.6074 0.3069
vn -0.6000 -0.5030 -0.6221
vn -0.0350 -0.6506 0.7586
vn -0.1038 -0.9633 0.2475
vn 0.2971 -0.9283 0.2235
vn -0.2128 -0.9752 0.0608
vn 0.6041 -0.7236 -0.3339
vn 0.6043 -0.7136 -0.3545
vn -0.4884 -0.8700 0.0680
vn 0.5180 -0.6146 -0.5949
vn -0.4322 -0.9011 0.0337
vn -0.3978 -0.9059 0.1455
vn 0.3367 -0.5858 -0.7372
vn -0.6900 -0.7180 0.0913
vn 0.2940 -0.0756 -0.9528
vn -0.0533 0.0946 -0.9941
vn -0.6669 -0.7409 0.0795
vn -0.1507 0.0543 -0.9871
vn -0.1815 0.2814 0.9423
vn 0.1668 0.6906 0.7037
vn 0.6078 0.5197 0.6004
vn -0.1652 -0.0570 0.9846
vn -0.3658 0.2759 0.8889
vn -0.2811 0.2560 0.9249
vn -0.4253 -0.2784 0.8612
vn 0.0551 -0.8485 0.5264
vn 0.8668 -0.4885 -0.0999
vn 0.7431 -0.6692 0.0031
vn -0.8980 0.1311 -0.4200
vn -0.5467 -0.7062 0.4500
vn -0.5135 -0.7542 0.4092
vn -0.2892 -0.2065 -0.9347
vn 0.8963 -0.3624 -0.2555
vn -0.2271 -0.0022 -0.9739
vn -0.4395 -0.1671 -0.8825
vn 0.4946 -0.5324 0.6870
vn -0.8815 0.0118 0.4720
vn 0.3137 -0.8482 0.4269
vn 0.6869 -0.7261 -0.0299
vn 0.7234 -0.6827 -0.1032
vn -0.8317 -0.5016 0.2380
vn -0.8658 -0.4697 -0.1723
vn 0.4308 -0.6565 -0.6192
vn 0.9592 -0.1457 -0.2421
vn 0.0616 -0.5140 -0.8556
vn 0.5166 -0.4637 -0.7198
vn 0.8337 -0.3645 -0.4148
vn 0.6822 0.5483 0.4837
vn 0.7944 -0.4855 0.3649
vn 0.3312 -0.4379 -0.8358
vn 0.4087 0.6246 0.6655
vn 0.6914 -0.5183 0.5033
vn 0.7518 0.5791 0.3152
vn -0.7396 0.5676 -0.3617
vn -0.5375 -0.4814 -0.6923
vn 0.7733 -0.6248 0.1075
vn 0.7194 -0.6666 0.1954
vn 0.6307 -0.6292 0.4543
vn 0.7595 0.6505 0.0012
vn -0.7036 -0.6228 -0.3421
vn -0.7347 -0.5713 -0.3659
vn -0.7886 -0.5274 -0.3160
vn -0.7815 -0.6090 0.1354
vn 0.5293 -0.6125 0.5871
vn 0.8081 -0.5876 -0.0410
vn -0.5439 -0.5672 0.6184
vn -0.0196 -0.9945 0.1030
vn -0.1018 -0.9747 0.1990
vn 0.0953 -0.9779 0.1860
vn -0.2506 -0.9663 0.0595
vn 0.6864 -0.6917 -0.2245
vn 0.7001 -0.6658 -0.2580
vn -0.5023 -0.5367 -0.6780
vn -0.7677 -0.6026 0.2179
vn 0.6201 -0.6914 -0.3707
vn 0.3701 -0.8991 0.2340
vn -0.6338 -0.6488 -0.4211
vn -0.5281 -0.7171 0.4549
vn -0.2671 -0.6797 0.6831
vn -0.2345 -0.7239 0.6489
vn 0.3685 -0.9266 0.0753
vn -0.5911 -0.5977 -0.5416
vn 0.6260 -0.7683 0.1338
vn -0.4283 -0.9016 0.0614
vn 0.4627 0.6266 0.6271
vn -0.4611 -0.6099 -0.6445
vn 0.5294 -0.6215 -0.5775
vn -0.5839 -0.8112 -0.0336
vn 0.6452 -0.7637 0.0195
vn 0.4579 -0.5838 -0.6704
vn -0.4891 -0.6798 -0.5465
vn -0.2531 -0.6060 -0.7541
vn 0.0567 -0.5541 -0.8305
vn 0.2300 -0.6152 -0.7541
vn 0.1798 -0.5472 -0.8174
vn 0.7161 -0.6963 -0.0479
vn 0.6298 -0.3004 0.7163
vn -0.4966 -0.8680 -0.0040
vn -0.4565 -0.8887 0.0422
vn -0.4619 -0.8330 -0.3046
vn 0.8848 -0.0192 -0.4656
vn -0.8245 -0.4218 -0.3774
vn 0.9410 0.1950 -0.2767
vn -0.4961 0.0397 -0.8674
vn 0.2524 0.3645 -0.8964
vn 0.3604 -0.2339 0.9030
vn -0.2325 -0.7425 -0.6282
vn -0.0779 -0.0665 -0.9947
vn 0.9200 0.3919 -0.0079
vn 0.1358 0.3732 0.9178
vn -0.3220 0.2472 0.9139
vn -0.2635 0.2802 0.9231
vn -0.0726 -0.0273 0.9970
vn -0.2538 0.0570 0.9656
vn 0.1871 -0.0759 0.9794
vn -0.4258 -0.2785 0.8609
vn 0.3688 -0.1437 0.9183
vn -0.2681 -0.7899 0.5516
vn -0.4207 -0.3276 0.8460
vn -0.9898 0.0796 0.1180
vn 0.0338 -0.8349 0.5493
vn 0.1334 -0.7682 0.6262
vn -0.1221 -0.4461 0.8866
vn -0.3345 -0.2052 0.9198
vn -0.0658 -0.4494 0.8909
vn 0.6599 -0.5566 -0.5047
vn -0.6141 0.2291 -0.7553
vn 0.0578 -0.0202 -0.9981
vn -0.6332 -0.6960 0.3387
vn 0.5417 -0.7144 0.4429
vn -0.7916 -0.6015 0.1070
vn 0.5317 -0.8446 0.0632
vn -0.8772 -0.4012 0.2639
vn -0.0140 -0.9380 -0.3465
vn -0.8010 -0.5292 0.2797
vn -0.1171 -0.9555 -0.2706
vn -0.3001 -0.8833 -0.3603
vn -0.3283 -0.7809 -0.5315
vn 0.0608 0.8576 0.5107
vn 0.5975 -0.7255 0.3415
vn -0.8930 -0.4198 -0.1624
vn -0.8175 -0.4961 -0.2924
vn -0.4104 -0.7425 -0.5293
vn 0.5809 -0.7311 0.3578
vn 0.9132 -0.2912 -0.2850
vn -0.4399 -0.7726 -0.4578
vn 0.5072 0.8288 0.2364
vn 0.6377 -0.6901 0.3422
vn -0.2572 -0.8284 -0.4977
vn -0.5683 -0.7101 -0.4156
vn -0.8102 -0.4822 -0.3331
vn 0.6433 -0.6803 0.3512
vn 0.6453 -0.6821 0.3440
vn 0.4879 -0.3656 -0.7927
vn -0.7514 -0.4300 -0.5005
vn -0.8014 -0.4188 -0.4270
vn -0.6103 -0.6557 -0.4446
vn 0.7554 -0.5829 0.2992
vn -0.6626 -0.6131 -0.4302
vn -0.7419 -0.4227 -0.5205
vn -0.6964 -0.6632 -0.2742
vn 0.7233 -0.5877 0.3625
vn -0.7058 -0.6063 -0.3664
vn 0.7200 -0.5712 0.3941
vn -0.8462 -0.5301 -0.0546
vn 0.4834 -0.5911 0.6457
vn 0.7057 -0.5474 0.4497
vn -0.7750 -0.6308 -0.0388
vn -0.8991 -0.3984 0.1814
vn 0.4501 -0.6058 0.6560
vn 0.7799 -0.6252 0.0285
vn -0.7364 -0.6084 -0.2959
vn 0.7917 -0.6075 -0.0635
vn -0.1935 0.5954 -0.7798
vn 0.2983 -0.8742 0.3832
vn -0.6636 -0.6231 -0.4141
vn 0.4344 -0.8068 0.4004
vn -0.3546 -0.9332 0.0577
vn 0.1210 -0.7456 0.6553
vn 0.6196 -0.6300 -0.4681
vn 0.6185 -0.6292 -0.4707
vn -0.5989 -0.6101 -0.5187
vn -0.2966 -0.9548 -0.0186
vn 0.4770 0.6184 0.6246
vn 0.6320 -0.7721 0.0668
vn -0.4107 -0.9111 -0.0344
vn 0.6569 -0.7533 0.0317
vn -0.4466 -0.4885 -0.7496
vn -0.3541 -0.5681 -0.7429
vn -0.0449 -0.5674 -0.8222
vn -0.0107 -0.5701 -0.8215
vn 0.0008 -0.5785 -0.8157
vn -0.3898 -0.8112 0.4359
vn 0.5677 -0.6669 -0.4826
vn 0.8638 -0.3635 -0.3489
vn -0.6773 -0.7334 -0.0584
vn 0.7644 -0.3389 -0.5485
vn 0.3624 -0.2173 -0.9063
vn -0.1026 -0.9737 -0.2037
vn -0.3756 -0.9238 0.0741
vn 0.8840 0.3283 0.3329
vn -0.1668 -0.7100 -0.6842
vn -0.0404 0.6760 -0.7358
vn 0.0128 0.6441 -0.7648
vn 0.2801 -0.0772 0.9569
vn 0.3119 -0.1151 0.9431
vn 0.1370 -0.8249 0.5484
vn 0.1006 0.0971 0.9902
vn -0.0968 -0.1738 0.9800
vn 0.6723 -0.2484 0.6974
vn 0.6557 -0.3894 -0.6469
vn -0.8490 -0.5159 -0.1142
vn -0.8582 -0.5108 0.0511
vn 0.0912 -0.9368 -0.3377
vn 0.5772 0.3482 -0.7386
vn -0.8213 -0.5513 0.1465
vn 0.5128 -0.3403 -0.7882
vn 0.6113 -0.2813 -0.7397
vn -0.8330 -0.5408 -0.1170
vn -0.9123 -0.3816 -0.1487
vn 0.4814 -0.2242 -0.8473
vn -0.5661 -0.6867 -0.4560
vn -0.3084 -0.4679 -0.8283
vn -0.4730 -0.5682 -0.6733
vn -0.7128 -0.5101 -0.4813
vn -0.6713 -0.6095 -0.4218
vn 0.6868 -0.6390 0.3463
vn 0.7428 -0.6242 0.2420
vn 0.6967 -0.6524 0.2983
vn 0.7045 -0.5707 0.4218
vn 0.7478 -0.6129 0.2551
vn -0.7886 -0.5034 -0.3532
vn 0.8119 -0.5738 0.1076
vn -0.7888 -0.6119 -0.0588
vn 0.7640 -0.6259 0.1566
vn 0.2922 -0.6266 0.7225
vn -0.0985 -0.9877 0.1211
vn -0.1435 -0.9758 0.1649
vn -0.0252 -0.9845 0.1737
vn 0.7938 -0.5948 -0.1272
vn -0.2530 -0.9596 0.1227
vn -0.1529 -0.9882 0.0102
vn -0.7313 -0.6429 -0.2276
vn -0.3608 -0.9307 -0.0599
vn 0.7233 -0.6854 -0.0844
vn -0.3801 -0.9243 0.0352
vn 0.5230 -0.8090 0.2681
vn -0.3802 -0.8160 0.4354
vn -0.1674 -0.7149 0.6789
vn 0.5500 -0.8309 0.0843
vn 0.5547 -0.8282 0.0796
vn -0.3367 -0.9406 0.0441
vn 0.2506 -0.5951 -0.7635
vn 0.1053 -0.5272 -0.8432
vn 0.6593 -0.7459 -0.0946
vn -0.4002 -0.8043 0.4393
vn 0.8441 -0.5222 -0.1215
vn 0.5993 -0.2042 -0.7740
vn -0.3911 -0.3075 -0.8675
vn 0.4080 0.3906 0.8252
vn -0.2654 0.3011 0.9159
vn -0.3755 0.2658 0.8879
vn -0.0496 -0.0558 0.9972
vn -0.3468 0.2769 0.8961
vn -0.4773 0.0019 -0.8787
vn 0.1491 -0.8320 0.5344
vn 0.4972 -0.8650 -0.0681
vn -0.3286 0.1254 0.9361
vn -0.2256 0.3890 0.8932
vn 0.1334 -0.7393 0.6601
vn 0.5141 -0.7152 0.4734
vn -0.3662 0.2885 -0.8847
vn -0.0605 0.6209 -0.7816
vn -0.1294 0.3762 -0.9175
vn -0.7940 -0.6070 0.0342
vn 0.4514 -0.7733 0.4452
vn 0.8502 -0.3620 -0.3822
vn 0.9006 -0.4333 -0.0359
vn 0.7477 -0.4298 -0.5063
vn 0.5969 -0.7155 0.3629
vn 0.5086 -0.3163 -0.8008
vn -0.7245 -0.6006 -0.3381
vn 0.6057 -0.3611 -0.7090
vn 0.6454 -0.6836 0.3408
vn 0.6427 -0.6054 0.4695
vn 0.0848 -0.3903 -0.9168
vn -0.6551 -0.6727 -0.3440
vn 0.7685 -0.5206 0.3719
vn -0.7179 -0.4876 -0.4968
vn -0.7836 -0.5087 -0.3568
vn 0.7844 -0.5494 0.2878
vn 0.7028 -0.5213 0.4841
vn -0.7367 -0.5497 0.3937
vn 0.7815 -0.6231 0.0314
vn 0.1264 -0.9319 0.3401
vn 0.3352 -0.8791 0.3388
vn -0.6469 -0.5912 -0.4816
vn -0.6803 -0.6192 -0.3922
vn -0.5208 -0.7119 0.4711
vn -0.4413 -0.6385 -0.6306
vn 0.4011 -0.5565 -0.7276
vn 0.2417 -0.5364 -0.8086
vn -0.1611 -0.4688 -0.8685
vn 0.1307 -0.5556 -0.8211
vn -0.0528 -0.5722 -0.8184
vn 0.8401 -0.2799 -0.4645
vn -0.4343 -0.8998 0.0419
vn 0.4493 -0.2103 -0.8682
vn 0.2343 -0.0945 -0.9676
vn -0.4833 0.2035 0.8515
vn -0.2913 -0.7655 0.5736
vn -0.4129 -0.2914 0.8629
vn 0.5368 -0.6403 0.5494
vn 0.5101 -0.7208 0.4693
vn -0.1388 -0.4980 -0.8560
vn -0.6829 -0.6379 -0.3559
vn 0.3014 -0.6188 0.7254
vn -0.0698 -0.8156 0.5743
vn -0.7460 -0.5094 -0.4289
vn 0.5442 -0.7867 0.2913
vn 0.7366 -0.5726 -0.3600
vn 0.5548 -0.8281 0.0806
vn -0.0234 -0.5791 -0.8149
vn -0.4091 -0.7937 0.4501
vn 0.7748 -0.1767 -0.6070
vn -0.1380 -0.5977 -0.7898
vn -0.1573 -0.9761 -0.1503
vn -0.2062 -0.9567 -0.2055
vn -0.1982 -0.0580 -0.9784
vn -0.0742 -0.7374 0.6713
vn 0.4547 -0.6547 0.6038
vn -0.2795 0.6613 0.6961
vn -0.3294 0.2449 0.9119
vn 0.4096 -0.6944 0.5916
vn 0.6666 -0.7209 -0.1894
vn -0.5196 -0.6533 0.5507
vn 0.5636 -0.6811 0.4675
vn -0.5557 0.7013 -0.4465
vn 0.1134 -0.7232 -0.6813
vn 0.7376 -0.5698 0.3623
vn -0.7827 -0.6223 0.0118
vn -0.3121 -0.9425 0.1192
vn -0.2166 -0.5904 0.7775
vn -0.3202 -0.9452 -0.0636
vn 0.4414 -0.8284 0.3449
vn -0.3917 -0.9201 0.0026
vn -0.3773 -0.8171 0.4360
vn -0.4673 -0.8811 0.0723
vn -0.4553 -0.8885 0.0564
vn -0.4021 -0.5994 -0.6921
vn -0.1764 -0.4371 -0.8819
vn -0.2452 -0.9502 -0.1923
vn -0.4411 -0.8974 -0.0135
vn -0.4659 -0.8848 0.0066
vn 0.0901 -0.9539 0.2864
vn 0.2345 -0.8039 0.5466
vn -0.7085 -0.6204 0.3364
vn 0.5556 -0.7014 0.4465
vn 0.5557 -0.7014 0.4463
vn 0.7348 -0.5462 0.4021
vn 0.6767 -0.6373 0.3687
vn 0.8219 -0.2306 0.5209
vn -0.7539 -0.4447 -0.4836
vn 0.1362 -0.9523 0.2732
vn 0.1483 0.9797 -0.1352
vn 0.0322 -0.9865 0.1606
vn 0.2002 -0.9183 0.3415
vn -0.1743 -0.9749 0.1386
vn -0.1538 -0.9749 0.1607
vn -0.0910 -0.9609 0.2616
vn -0.1882 -0.9820 -0.0137
vn -0.8661 0.3072 -0.3943
vn 0.2988 -0.8798 0.3697
vn -0.3899 -0.9188 -0.0618
vn -0.6675 -0.6524 -0.3590
vn -0.4637 -0.8726 -0.1537
vn -0.3024 -0.8987 0.3175
vn -0.4469 -0.8935 -0.0432
vn 0.3434 -0.5379 -0.7699
vn 0.3180 -0.9428 -0.1002
vn 0.3826 -0.9232 -0.0371
vn 0.2011 -0.6215 -0.7572
vn -0.2936 -0.8285 0.4767
vn -0.4176 -0.8536 -0.3115
vn 0.2493 0.9401 -0.2323
vn -0.2105 -0.5267 0.8236
vn -0.3047 -0.5447 0.7813
vn -0.6132 0.7894 -0.0301
vn -0.0906 -0.6969 0.7114
vn 0.6281 -0.4913 -0.6034
vn -0.7911 -0.5638 0.2373
vn -0.8269 -0.3035 0.4734
vn 0.8628 0.0359 -0.5043
vn -0.9201 -0.3615 -0.1511
vn -0.1326 -0.7430 -0.6560
vn 0.1241 -0.7312 -0.6708
vn 0.2983 -0.7095 -0.6385
vn -0.3620 -0.7487 -0.5553
vn -0.8803 -0.4024 -0.2513
vn 0.9121 -0.1847 0.3659
vn 0.5178 -0.1780 -0.8368
vn -0.8487 -0.4223 -0.3183
vn 0.7384 0.3163 0.5956
vn -0.6348 -0.5793 -0.5114
vn 0.8206 -0.2946 0.4898
vn 0.7651 -0.3389 0.5476
vn 0.7334 -0.5897 0.3382
vn 0.7302 -0.4667 0.4990
vn -0.7431 -0.4981 -0.4469
vn -0.7796 -0.5274 -0.3377
vn -0.4698 0.2934 -0.8326
vn -0.8550 -0.3669 -0.3665
vn -0.7978 -0.4878 -0.3545
vn 0.0419 -0.9544 0.2955
vn -0.7888 -0.5047 -0.3509
vn 0.4528 -0.6611 0.5983
vn 0.4692 -0.7996 0.3749
vn 0.5177 -0.7617 0.3897
vn 0.7558 -0.6038 -0.2532
vn -0.5144 -0.8255 0.2321
vn -0.3096 -0.9502 0.0352
vn 0.4030 -0.8594 0.3145
vn 0.7151 -0.6109 -0.3398
vn -0.4452 -0.8943 -0.0447
vn 0.4605 -0.8782 0.1290
vn 0.4373 -0.8933 0.1040
vn 0.4379 -0.8966 0.0656
vn 0.4035 -0.6346 -0.6592
vn 0.1822 -0.9826 0.0375
vn -0.3495 -0.6073 -0.7134
vn 0.0761 -0.9961 -0.0450
vn 0.3066 -0.6371 -0.7072
vn 0.5859 -0.7169 -0.3779
vn 0.6175 -0.7053 -0.3483
vn -0.4030 -0.8681 -0.2898
vn -0.4033 -0.8374 -0.3690
vn -0.0046 -0.7412 0.6712
vn -0.2274 0.1852 -0.9560
vn 0.5400 -0.3329 0.7730
vn 0.7968 -0.5692 0.2027
vn 0.1719 0.1029 -0.9797
vn -0.2644 0.1168 0.9573
vn -0.1858 -0.3058 0.9338
vn -0.4371 0.2412 0.8665
vn -0.9921 0.1253 -0.0027
vn 0.1851 -0.7064 0.6831
vn 0.1560 -0.0566 0.9861
vn 0.5396 -0.6996 0.4683
vn -0.7024 -0.5484 0.4537
vn -0.5936 0.7713 -0.2296
vn -0.2068 0.1306 -0.9696
vn -0.4105 -0.2698 -0.8710
vn -0.7045 -0.3353 0.6255
vn 0.6734 -0.5370 0.5081
vn -0.8524 -0.4122 0.3218
vn 0.6837 -0.6010 0.4140
vn -0.8553 -0.4072 0.3203
vn -0.1351 -0.7411 -0.6576
vn -0.3719 -0.4856 -0.7911
vn -0.6184 -0.5106 -0.5974
vn 0.6086 -0.2977 -0.7355
vn -0.5877 -0.5051 -0.6320
vn -0.6619 -0.6038 -0.4442
vn -0.7676 -0.3393 -0.5437
vn -0.7972 -0.4885 -0.3547
vn -0.7839 -0.5094 -0.3550
vn 0.7125 -0.4025 0.5747
vn -0.7885 -0.5053 -0.3506
vn 0.6790 -0.5058 0.5320
vn -0.1459 -0.9814 0.1245
vn -0.8989 -0.4222 -0.1170
vn -0.8472 -0.5277 -0.0619
vn -0.0225 -0.9640 0.2651
vn 0.2682 -0.7344 0.6235
vn 0.8886 -0.4586 0.0083
vn 0.5316 -0.5194 0.6691
vn 0.4649 -0.7360 0.4921
vn -0.7963 -0.5415 -0.2696
vn 0.5939 -0.6923 0.4099
vn -0.7271 -0.5769 -0.3722
vn 0.5354 -0.7609 0.3664
vn -0.6428 -0.6800 0.3526
vn -0.6575 -0.5403 -0.5252
vn 0.4627 -0.8843 0.0623
vn 0.6105 -0.5525 -0.5675
vn -0.5140 -0.8553 0.0656
vn 0.3815 -0.9244 0.0009
vn -0.4059 -0.6830 -0.6072
vn 0.6743 -0.7358 0.0625
vn 0.4065 -0.5963 -0.6923
vn -0.2416 -0.3975 -0.8852
vn -0.1720 -0.7321 -0.6591
vn 0.0506 -0.5798 -0.8132
vn 0.1001 -0.6598 -0.7447
vn 0.2082 -0.6524 -0.7287
vn -0.3069 -0.8330 0.4603
vn -0.2093 -0.8467 0.4891
vn 0.3166 -0.9464 -0.0635
vn 0.1749 -0.9588 -0.2238
vn 0.2810 -0.2800 -0.9180
vn -0.0634 -0.6121 -0.7882
vn -0.1588 -0.2722 -0.9490
vn -0.2069 -0.9493 0.2367
vn -0.4206 -0.8759 -0.2364
vn 0.2898 0.9494 0.1207
vn -0.8698 -0.0234 -0.4928
vn 0.0925 -0.9956 -0.0141
vn 0.0249 -0.7834 0.6210
vn -0.1416 -0.6869 0.7129
vn 0.6752 -0.6989 0.2359
vn -0.3974 -0.1313 0.9082
vn -0.4241 -0.2422 0.8726
vn 0.3766 -0.1174 0.9189
vn -0.7314 0.6531 -0.1961
vn 0.4153 0.4730 -0.7770
vn 0.4602 -0.6960 0.5511
vn -0.4097 0.8420 -0.3508
vn 0.5179 -0.6347 0.5735
vn -0.8598 -0.1313 -0.4935
vn -0.0494 0.0781 -0.9957
vn 0.6181 -0.6361 0.4618
vn 0.5362 -0.5438 0.6456
vn 0.5794 -0.6190 0.5303
vn 0.9552 -0.0473 -0.2922
vn 0.6925 -0.4805 0.5381
vn -0.7416 -0.2185 -0.6343
vn -0.6403 -0.4624 -0.6133
vn 0.0496 -0.5492 -0.8342
vn -0.7744 -0.3018 -0.5561
vn 0.7681 -0.4436 0.4617
vn 0.8006 -0.4293 0.4181
vn 0.0576 -0.9619 0.2674
vn 0.0595 -0.9585 0.2788
vn -0.1872 -0.9744 0.1242
vn -0.3016 -0.9526 0.0391
vn -0.1851 -0.9727 0.1399
vn 0.8590 -0.5046 0.0866
vn -0.2915 -0.9564 -0.0201
vn -0.7908 -0.4934 -0.3622
vn 0.8490 -0.5249 -0.0606
vn -0.4857 -0.8413 -0.2372
vn 0.4645 -0.8256 0.3205
vn -0.6937 -0.5797 -0.4274
vn 0.4109 -0.9116 0.0136
vn -0.1695 -0.5771 -0.7989
vn -0.5045 -0.6676 0.5475
vn -0.0521 -0.6511 -0.7572
vn -0.4723 -0.8693 -0.1460
vn 0.0836 -0.0517 -0.9952
vn 0.4922 -0.7961 -0.3520
vn 0.6021 -0.7827 -0.1577
vn 0.6238 -0.4746 -0.6210
vn -0.6454 -0.7025 -0.2998
vn 0.2441 -0.5917 -0.7683
vn 0.2324 -0.5667 -0.7905
vn 0.3346 -0.5559 -0.7609
vn 0.0907 -0.7501 0.6551
vn -0.0692 -0.9946 0.0778
vn 0.1918 -0.1286 0.9730
vn 0.3402 0.9373 0.0761
vn -0.7157 0.0665 -0.6953
vn -0.2376 -0.0052 -0.9714
vn 0.1730 -0.6582 0.7327
vn 0.7390 -0.5976 0.3111
vn -0.4137 -0.4203 0.8076
vn 0.2357 -0.7920 0.5632
vn 0.1924 -0.5256 0.8287
vn 0.5024 -0.6570 0.5621
vn 0.8650 -0.4708 -0.1734
vn 0.6056 -0.6816 -0.4107
vn 0.7023 -0.5130 -0.4936
vn -0.2562 0.4005 -0.8798
vn 0.0444 0.1406 -0.9891
vn 0.6445 -0.6316 0.4309
vn 0.2930 -0.5297 -0.7960
vn -0.8846 -0.4376 -0.1612
vn 0.5024 -0.1787 -0.8459
vn 0.4706 -0.4771 -0.7422
vn -0.8397 -0.3164 -0.4414
vn 0.8060 -0.5013 0.3147
vn 0.7303 -0.4345 0.5271
vn 0.0785 -0.5832 -0.8085
vn -0.8313 -0.2727 -0.4844
vn 0.8230 -0.3510 0.4466
vn 0.7643 -0.5308 0.3661
vn -0.7980 -0.3227 -0.5089
vn 0.8620 -0.4271 0.2732
vn -0.1579 -0.9850 0.0693
vn -0.1546 -0.9835 0.0940
vn -0.2692 -0.9622 0.0402
vn 0.5803 -0.7309 0.3592
vn -0.1944 -0.4018 0.8948
vn 0.6084 -0.6637 0.4351
vn 0.4590 -0.7344 0.5001
vn 0.8260 -0.5636 -0.0085
vn -0.4174 -0.8986 -0.1353
vn -0.7506 -0.5156 -0.4133
vn -0.7304 -0.6402 -0.2382
vn -0.7532 -0.5562 -0.3512
vn -0.5917 -0.7897 -0.1623
vn 0.7461 -0.5801 -0.3269
vn 0.4852 -0.8346 0.2609
vn 0.3947 -0.8403 0.3717
vn 0.7178 -0.5998 -0.3536
vn -0.2285 0.3018 0.9256
vn 0.5958 -0.7606 0.2577
vn 0.6112 -0.5510 -0.5681
vn -0.5600 -0.8267 -0.0548
vn -0.5735 -0.5557 -0.6018
vn -0.4514 -0.5724 -0.6845
vn -0.9217 -0.2145 -0.3233
vn 0.1610 -0.6507 -0.7421
vn -0.1980 -0.7322 -0.6516
vn 0.1954 -0.6640 -0.7218
vn -0.3523 -0.6302 0.6919
vn -0.0234 -0.5739 -0.8186
vn -0.4703 -0.8642 -0.1788
vn -0.5177 -0.8153 -0.2594
vn 0.5116 -0.7205 -0.4682
vn 0.5212 -0.7160 -0.4645
vn -0.0542 -0.9984 -0.0142
vn -0.2847 -0.7350 -0.6154
vn -0.1957 -0.7953 -0.5737
vn -0.5653 -0.7590 -0.3231
vn 0.2634 -0.8099 0.5241
vn -0.0225 -0.5875 0.8089
vn -0.7994 -0.5917 -0.1046
vn 0.3457 0.0409 0.9375
vn 0.3641 0.4577 0.8111
vn -0.2430 -0.8575 -0.4535
vn -0.3348 -0.4315 -0.8377
vn 0.2446 -0.3431 0.9069
vn -0.2417 -0.2630 0.9340
vn -0.5608 -0.5485 0.6202
vn 0.1568 -0.7767 0.6100
vn 0.1443 -0.7840 0.6038
vn 0.1871 -0.0787 0.9792
vn 0.2771 -0.1112 0.9544
vn 0.4077 -0.6956 0.5916
vn 0.5840 -0.6420 0.4967
vn 0.5265 -0.6447 0.5542
vn 0.6290 -0.6281 0.4581
vn -0.8700 -0.4461 0.2099
vn -0.9243 -0.0397 -0.3796
vn 0.7192 -0.6663 -0.1971
vn 0.7443 -0.5866 -0.3193
vn 0.5692 -0.6462 0.5084
vn -0.9178 -0.3206 -0.2341
vn -0.5563 -0.4860 -0.6740
vn -0.0093 -0.9808 0.1949
vn 0.2170 -0.9539 0.2073
vn -0.0589 -0.9748 0.2151
vn -0.0131 -0.9184 0.3954
vn -0.0652 -0.9132 0.4022
vn 0.2939 -0.8588 0.4196
vn 0.8165 -0.2731 0.5087
vn 0.3436 -0.8627 0.3711
vn 0.2867 -0.8772 0.3850
vn 0.3559 -0.8887 0.2890
vn -0.2698 -0.9610 0.0610
vn -0.7853 -0.4716 -0.4011
vn -0.8641 -0.3223 0.3865
vn -0.8060 -0.4688 -0.3613
vn 0.3456 -0.8207 0.4550
vn -0.3574 -0.9339 -0.0059
vn -0.4206 -0.9038 -0.0790
vn -0.5455 -0.7921 -0.2740
vn 0.4747 -0.8241 0.3091
vn 0.7416 -0.6452 0.1839
vn 0.0663 -0.7732 0.6307
vn -0.4431 -0.8873 0.1280
vn 0.7392 -0.6721 -0.0435
vn 0.7617 -0.6477 -0.0165
vn -0.5704 -0.7001 -0.4296
vn 0.6897 -0.5589 -0.4605
vn -0.4452 -0.1880 0.8755
vn 0.6994 -0.6895 0.1883
vn -0.6002 -0.5949 -0.5347
vn 0.0603 -0.8288 -0.5563
vn -0.1008 -0.8312 -0.5468
vn -0.0725 -0.6410 -0.7641
vn 0.5804 -0.7556 -0.3035
vn 0.4414 -0.8106 -0.3848
vn -0.5546 -0.7470 -0.3666
vn 0.5810 -0.5711 -0.5799
vn 0.0051 -0.9997 -0.0238
vn 0.5718 -0.0844 0.8160
vn -0.2397 -0.9585 0.1541
vn -0.2717 -0.9492 0.1589
vn -0.0773 -0.8639 -0.4976
vn 0.8431 0.5317 0.0806
vn 0.1737 0.0334 0.9842
vn 0.0963 -0.2128 0.9723
vn -0.0596 -0.0762 0.9953
vn -0.0534 0.6951 -0.7169
vn 0.1800 -0.7809 0.5982
vn 0.4033 -0.6167 0.6760
vn -0.1659 -0.1021 0.9808
vn -0.5947 -0.5618 0.5751
vn -0.5965 -0.5294 0.6033
vn 0.5578 -0.6535 0.5117
vn 0.6936 -0.5059 -0.5128
vn -0.6767 -0.4444 0.5871
vn 0.5763 -0.6542 0.4898
vn 0.9623 0.0401 -0.2689
vn -0.9370 -0.3268 0.1232
vn 0.1180 -0.6137 -0.7807
vn 0.2319 0.6162 0.7527
vn 0.3156 -0.4784 -0.8195
vn -0.8105 -0.3765 -0.4487
vn -0.8314 -0.2922 -0.4726
vn -0.3063 -0.5500 -0.7770
vn 0.7329 0.5183 0.4406
vn 0.8910 -0.3660 0.2685
vn 0.7317 -0.2997 0.6122
vn 0.8296 -0.3603 0.4265
vn -0.7975 -0.4776 -0.3685
vn -0.8080 -0.4899 -0.3273
vn -0.1712 -0.9801 0.1004
vn -0.2928 -0.9561 -0.0084
vn 0.6306 -0.2828 0.7227
vn 0.6112 -0.2680 0.7447
vn -0.4318 -0.8968 -0.0966
vn 0.2701 -0.3306 0.9043
vn -0.7870 -0.4987 -0.3631
vn -0.3264 -0.9300 -0.1689
vn 0.5425 -0.6847 0.4867
vn 0.7990 -0.5872 -0.1294
vn 0.5704 -0.7047 0.4219
vn 0.8235 -0.5615 -0.0809
vn 0.3958 -0.8521 0.3423
vn -0.6083 0.5165 0.6027
vn -0.5119 -0.6196 -0.5950
vn -0.7002 0.5459 0.4601
vn -0.5591 -0.8280 0.0430
vn -0.4767 -0.8786 -0.0273
vn 0.5177 -0.5970 -0.6128
vn -0.5458 -0.7486 -0.3763
vn -0.2895 -0.6794 -0.6743
vn 0.3937 -0.6363 -0.6634
vn -0.2798 -0.6966 -0.6607
vn 0.5702 -0.6130 -0.5469
vn -0.1250 -0.6643 0.7369
vn 0.1001 -0.9944 0.0339
vn -0.5654 -0.8248 0.0049
vn -0.6597 -0.7506 0.0382
vn 0.0386 -0.9364 0.3488
vn -0.5909 -0.8060 -0.0333
vn 0.0930 -0.9107 -0.4025
vn 0.4099 -0.7177 -0.5630
vn -0.1729 -0.8313 -0.5282
vn -0.1451 -0.1573 -0.9768
vn -0.0771 -0.2299 0.9702
vn -0.2113 -0.0864 0.9736
vn -0.1014 -0.4464 0.8890
vn -0.1823 -0.2680 0.9460
vn -0.5571 -0.2294 0.7981
vn 0.6563 -0.6840 0.3184
vn 0.3368 -0.9415 -0.0143
vn -0.2534 -0.5827 0.7722
vn -0.0444 -0.0127 0.9989
vn -0.4351 -0.2527 0.8642
vn -0.1979 0.1256 0.9721
vn 0.3049 -0.7483 0.5891
vn -0.3220 -0.4404 0.8381
vn -0.5857 -0.5536 0.5920
vn -0.0569 -0.2943 0.9540
vn 0.4610 -0.2565 0.8495
vn -0.9509 -0.0122 0.3093
vn -0.2420 -0.1064 0.9644
vn -0.8979 0.3171 -0.3054
vn 0.6899 -0.4829 -0.5394
vn -0.1707 0.0969 -0.9806
vn -0.0374 -0.0960 -0.9947
vn 0.6215 -0.5727 0.5346
vn -0.8765 -0.4174 0.2399
vn -0.7350 -0.3888 0.5555
vn -0.9130 -0.3818 0.1437
vn 0.6306 -0.6292 0.4543
vn 0.7823 -0.1967 -0.5911
vn -0.8160 -0.3296 0.4749
vn -0.6938 -0.4558 0.5575
vn 0.8016 0.0969 -0.5899
vn -0.8149 -0.5553 0.1660
vn 0.8447 0.1575 -0.5115
vn -0.9240 -0.3630 -0.1202
vn 0.8324 0.1731 -0.5264
vn -0.9273 -0.3132 -0.2050
vn 0.9837 0.1651 -0.0717
vn 0.0704 -0.5701 -0.8185
vn -0.1783 -0.5788 -0.7958
vn 0.3868 -0.6503 -0.6538
vn -0.8656 -0.3083 -0.3947
vn 0.8776 -0.3048 0.3701
vn -0.8643 -0.3104 -0.3958
vn 0.8337 -0.4186 -0.3601
vn -0.6501 -0.5258 -0.5485
vn 0.8315 -0.2304 0.5055
vn -0.6529 -0.5438 -0.5273
vn 0.4033 -0.6396 -0.6544
vn 0.7914 -0.2706 0.5482
vn -0.2631 -0.5057 -0.8216
vn 0.7165 -0.2531 0.6501
vn 0.8168 -0.4523 0.3581
vn 0.8620 -0.4116 0.2959
vn 0.8069 -0.1521 0.5708
vn -0.7330 -0.4950 -0.4666
vn -0.8204 -0.4208 -0.3870
vn -0.7638 -0.5135 -0.3911
vn 0.8514 -0.3728 0.3688
vn -0.0496 -0.9856 0.1616
vn -0.5540 0.7681 0.3210
vn 0.1394 -0.9256 0.3519
vn -0.0544 -0.9854 0.1612
vn 0.8379 -0.3714 0.4000
vn -0.1583 -0.9861 0.0513
vn 0.8622 -0.2378 0.4473
vn -0.1581 -0.9849 0.0700
vn -0.1903 -0.9764 0.1019
vn -0.8432 -0.3670 -0.3928
vn -0.8556 -0.3524 -0.3791
vn 0.8609 -0.4283 0.2747
vn 0.4665 -0.6924 0.5504
vn 0.4850 -0.6910 0.5360
vn -0.8006 -0.4887 -0.3468
vn -0.9276 -0.3637 -0.0857
vn -0.1906 -0.9815 -0.0160
vn -0.8011 -0.4866 -0.3486
vn 0.7538 -0.3067 0.5811
vn 0.8051 -0.2446 0.5403
vn 0.8768 -0.4462 0.1793
vn -0.2927 -0.9540 0.0643
vn 0.5801 -0.7309 0.3595
vn -0.7691 -0.4965 -0.4025
vn 0.5740 -0.6411 0.5094
vn 0.5570 -0.6488 0.5185
vn 0.4726 -0.3459 0.8106
vn 0.2256 -0.3688 0.9017
vn -0.3195 -0.2677 0.9090
vn -0.8051 -0.5002 -0.3189
vn -0.4444 -0.8508 -0.2804
vn 0.5259 -0.6936 0.4922
vn 0.5378 -0.6750 0.5051
vn -0.7319 -0.5697 -0.3739
vn 0.3612 -0.8288 0.4274
vn -0.5538 -0.8326 -0.0073
vn 0.7901 -0.5743 -0.2146
vn -0.5810 -0.7828 -0.2229
vn 0.4673 -0.8080 0.3589
vn -0.5928 -0.7701 -0.2358
vn -0.6915 -0.5765 -0.4353
vn -0.4130 -0.8747 -0.2537
vn 0.7421 -0.5883 -0.3213
vn -0.6179 -0.6185 -0.4855
vn 0.9455 0.3087 -0.1034
vn -0.7080 -0.6241 -0.3306
vn -0.1228 0.9483 0.2927
vn -0.4563 -0.8805 -0.1288
vn 0.9064 0.3857 0.1722
vn -0.5180 -0.7734 -0.3653
vn 0.6540 -0.7537 0.0657
vn 0.9337 -0.2017 -0.2957
vn -0.8671 -0.4185 -0.2701
vn 0.5294 -0.6084 -0.5912
vn -0.5463 0.5956 0.5889
vn -0.1731 -0.6984 -0.6945
vn 0.1629 -0.0360 0.9860
vn 0.6774 0.1527 0.7196
vn -0.3924 -0.3819 -0.8368
vn -0.3186 -0.6165 -0.7200
vn -0.5283 -0.7157 -0.4569
vn -0.9410 -0.3376 0.0222
vn 0.9918 -0.0880 -0.0926
vn 0.5414 0.6220 -0.5656
vn 0.1948 -0.8401 -0.5062
vn -0.4225 -0.1708 0.8901
vn -0.2220 -0.3797 0.8981
vn 0.9936 -0.0991 -0.0538
vn -0.1606 -0.7136 -0.6819
vn 0.9900 -0.0351 0.1365
vn -0.2594 -0.7701 0.5829
vn 0.7269 -0.5010 -0.4697
vn -0.7605 0.4540 0.4643
vn -0.6394 -0.6746 0.3689
vn 0.5298 -0.6903 -0.4928
vn -0.2406 -0.7838 -0.5726
vn 0.0400 0.9149 0.4017
vn 0.0313 -0.8630 -0.5042
vn -0.0634 -0.8141 -0.5773
vn -0.2697 -0.8864 0.3762
vn -0.5399 -0.8369 0.0902
vn 0.9808 -0.1669 -0.1009
vn 0.7312 0.4958 -0.4685
vn 0.3690 -0.6876 -0.6253
vn 0.5033 -0.6456 -0.5744
vn 0.8441 -0.4968 -0.2019
vn -0.0691 -0.3770 -0.9236
vn 0.0159 -0.2655 -0.9640
vn -0.0534 -0.8491 -0.5256
vn 0.0729 -0.1293 0.9889
vn 0.4871 0.0926 0.8684
vn -0.3446 -0.9380 -0.0385
vn 0.2714 0.5271 0.8053
vn 0.0355 -0.9644 -0.2620
vn -0.0886 -0.3387 -0.9367
vn 0.4034 0.8622 -0.3063
vn 0.4352 0.8598 -0.2672
vn -0.1476 -0.0157 0.9889
vn -0.0126 -0.3675 0.9300
vn -0.1817 -0.1536 0.9713
vn 0.3133 -0.6868 0.6559
vn -0.3474 -0.6482 0.6776
vn 0.3119 -0.7177 0.6226
vn 0.3219 -0.6754 0.6635
vn 0.2332 -0.0679 0.9701
vn 0.5152 -0.6364 0.5740
vn -0.4873 -0.3838 0.7844
vn 0.0769 -0.1852 0.9797
vn -0.8123 -0.1169 -0.5714
vn -0.2434 0.1331 -0.9607
vn -0.8924 -0.4448 0.0760
vn -0.4314 -0.8788 0.2041
vn 0.7898 -0.6022 -0.1164
vn 0.6882 -0.4996 0.5261
vn 0.7858 -0.1972 -0.5861
vn -0.9223 -0.3842 -0.0414
vn -0.9289 -0.3694 -0.0263
vn -0.8505 -0.5255 0.0247
vn 0.7030 -0.6182 0.3516
vn -0.9248 -0.3616 -0.1184
vn 0.7136 -0.5398 0.4466
vn -0.9204 -0.3813 0.0867
vn -0.1435 -0.5579 -0.8174
vn 0.2456 -0.4902 -0.8363
vn -0.4540 -0.5716 -0.6835
vn -0.9155 -0.2727 -0.2960
vn 0.8647 -0.1998 0.4609
vn -0.8960 -0.3912 -0.2099
vn 0.6779 -0.4685 -0.5665
vn 0.8287 -0.4269 0.3620
vn -0.6278 -0.5214 -0.5779
vn 0.2174 -0.5269 -0.8216
vn -0.7879 -0.3275 -0.5215
vn -0.7235 -0.5128 -0.4622
vn 0.8267 -0.4391 0.3518
vn 0.8098 -0.4444 0.3830
vn -0.7522 -0.3273 -0.5720
vn 0.8230 -0.3502 0.4473
vn -0.7903 -0.4835 -0.3764
vn 0.8781 -0.3502 0.3261
vn 0.2121 -0.9169 0.3382
vn 0.8662 -0.4305 0.2539
vn 0.8200 -0.3966 0.4126
vn 0.3876 -0.7943 0.4678
vn 0.2973 -0.7815 0.5485
vn 0.8075 -0.2513 0.5336
vn -0.7925 -0.4924 -0.3598
vn -0.9366 -0.3311 -0.1146
vn -0.7819 -0.5545 -0.2849
vn -0.7901 -0.4991 -0.3559
vn -0.7795 -0.4133 0.4707
vn 0.5184 -0.6347 0.5730
vn -0.5154 -0.8301 -0.2131
vn 0.3786 -0.6687 0.6399
vn -0.5461 -0.5249 -0.6529
vn 0.4161 -0.8621 0.2892
vn -0.9203 -0.3078 0.2413
vn 0.4330 0.4219 0.7966
vn 0.0768 -0.1744 0.9817
vn -0.9977 0.0665 0.0108
vn 0.6909 -0.5470 -0.4727
vn -0.4645 -0.8537 -0.2354
vn -0.2939 -0.8626 -0.4118
vn 0.5949 -0.6585 -0.4609
vn -0.4612 -0.8773 -0.1327
vn 0.5306 -0.5965 -0.6022
vn -0.3263 -0.5785 -0.7476
vn 0.4457 -0.6633 -0.6012
vn -0.3231 -0.3808 -0.8664
vn -0.6734 -0.5628 -0.4794
vn 0.0951 -0.6532 -0.7512
vn 0.0346 -0.8118 -0.5829
vn -0.0468 -0.8709 -0.4892
vn -0.2790 -0.9600 -0.0220
vn -0.3485 -0.9298 -0.1185
vn 0.5017 -0.5707 -0.6501
vn -0.5757 -0.6550 -0.4894
vn -0.2802 -0.4466 -0.8497
vn 0.3829 -0.4995 0.7771
vn 0.9283 0.2632 0.2628
vn -0.2844 -0.9178 -0.2772
vn -0.0216 -0.1582 -0.9872
vn -0.1221 -0.0381 -0.9918
vn -0.0742 0.1366 -0.9878
vn -0.3674 -0.3488 0.8622
vn -0.3477 -0.6473 0.6783
vn -0.1934 -0.6976 0.6899
vn -0.4664 -0.2583 0.8460
vn 0.0851 -0.0008 0.9964
vn 0.7154 -0.5737 -0.3988
vn 0.2424 -0.1169 0.9631
vn -0.2888 -0.9572 -0.0165
vn -0.7281 -0.5297 0.4350
vn 0.6881 -0.4876 -0.5374
vn 0.7514 -0.5336 0.3882
vn 0.8066 -0.4528 0.3800
vn 0.5478 0.6222 0.5592
vn 0.8134 -0.4515 0.3669
vn -0.7966 -0.3255 -0.5094
vn -0.7748 -0.3020 -0.5555
vn 0.8286 -0.4550 0.3262
vn 0.6363 -0.7167 0.2854
vn 0.8826 -0.2551 0.3948
vn -0.8015 -0.3055 -0.5140
vn -0.7958 -0.3250 -0.5110
vn 0.1450 -0.9634 0.2255
vn 0.3005 -0.8586 0.4153
vn -0.8430 -0.3284 -0.4259
vn -0.1731 -0.9819 -0.0766
vn -0.2911 -0.9559 0.0397
vn 0.7445 -0.2945 0.5992
vn -0.8965 0.4291 -0.1101
vn 0.8861 -0.4088 0.2186
vn 0.2816 -0.8863 0.3678
vn -0.6731 -0.6597 -0.3343
vn -0.3474 -0.9365 0.0481
vn -0.4200 -0.8979 0.1317
vn 0.4731 -0.6010 -0.6442
vn -0.3012 -0.8102 -0.5028
vn -0.2267 -0.8781 -0.4213
vn -0.0983 -0.7891 -0.6063
vn -0.1240 -0.4568 -0.8809
vn -0.0346 -0.3778 -0.9253
vn -0.0331 -0.4783 -0.8776
vn -0.0599 -0.4512 -0.8904
vn -0.0613 -0.9469 -0.3157
vn -0.1177 -0.9676 0.2232
vn 0.3234 -0.9217 -0.2144
vn -0.2073 -0.7100 0.6730
vn 0.2924 -0.7413 0.6041
vn -0.2810 -0.7907 0.5438
vn -0.7698 -0.5154 0.3767
vn 0.8205 -0.3624 0.4421
vn 0.4155 -0.8545 -0.3117
vn -0.1591 -0.9612 -0.2252
vn 0.0179 -0.9797 -0.1999
vn -0.0059 -0.9842 -0.1771
vn -0.1787 -0.9629 -0.2022
vn -0.0082 -0.9996 -0.0281
vn 0.1131 -0.9935 -0.0154
vn -0.1122 -0.9846 -0.1338
vn 0.0265 -0.9966 0.0780
vn 0.7840 -0.3630 0.5035
vn 0.0824 -0.9695 0.2307
vn 0.0265 -0.9950 0.0965
vn -0.0517 -0.9930 0.1064
vn -0.0847 -0.9963 -0.0107
vn -0.0836 -0.9957 -0.0400
vn -0.1834 -0.9817 0.0514
vn 0.7553 -0.6322 -0.1731
vn -0.3110 -0.9504 0.0008
vn -0.5256 -0.8507 0.0013
vn 0.0690 -0.2216 0.9727
vn -0.1407 -0.8145 -0.5629
vn -0.2153 -0.8050 -0.5528
vn 0.1036 -0.8920 -0.4399
vn 0.1398 -0.7949 -0.5905
vn 0.1985 -0.8225 -0.5330
vn -0.3518 -0.9161 -0.1924
vn -0.0654 0.6193 -0.7825
vn 0.1763 0.8977 -0.4039
vn -0.1550 -0.9654 -0.2099
vn 0.6215 -0.4883 0.6127
vn 0.0974 -0.3951 0.9135
vn -0.4729 -0.8548 0.2138
vn 0.8088 -0.4603 0.3659
vn 0.1126 -0.9894 -0.0922
vn 0.1970 -0.9646 -0.1753
vn 0.8409 -0.3623 0.4019
vn -0.2333 -0.9577 -0.1685
vn 0.1061 -0.9917 0.0727
vn -0.1285 -0.9917 -0.0055
vn -0.8212 -0.4226 -0.3834
vn 0.2410 -0.9168 0.3185
vn -0.1859 -0.9795 -0.0776
vn -0.1820 -0.9775 -0.1069
vn -0.2724 -0.9617 -0.0300
vn 0.4765 -0.7203 0.5041
vn -0.3840 -0.9099 -0.1571
vn -0.4718 -0.8773 -0.0882
vn 0.4297 -0.8768 0.2159
vn -0.6368 -0.7441 -0.2017
vn 0.6046 -0.7020 -0.3764
vn -0.3596 -0.8443 -0.3973
vn -0.3183 -0.8776 -0.3585
vn -0.1550 0.9368 0.3136
vn 0.3097 -0.9469 0.0868
vn -0.2657 -0.9629 -0.0473
vn -0.3249 -0.6939 0.6426
vn 0.2583 -0.7587 0.5981
vn -0.1412 -0.8038 0.5779
vn -0.6472 -0.7223 -0.2438
vn 0.5671 -0.5988 0.5656
vn -0.2945 -0.8516 -0.4337
vn 0.7205 -0.4825 0.4980
vn -0.5757 -0.8084 0.1229
vn 0.4054 -0.6066 -0.6839
vn -0.5562 -0.5075 -0.6581
vn -0.6528 -0.4849 -0.5821
vn 0.3525 -0.8599 -0.3694
vn -0.4300 -0.8726 -0.2319
vn 0.3378 -0.9395 -0.0566
vn -0.3338 -0.9106 -0.2439
vn 0.2842 -0.9221 0.2625
vn -0.1829 -0.9752 -0.1249
vn -0.8651 0.2562 -0.4313
vn -0.2779 -0.9573 -0.0793
vn -0.8259 -0.4163 -0.3803
vn -0.8156 -0.4479 -0.3662
vn -0.2860 -0.9581 -0.0174
vn 0.5720 -0.6284 0.5273
vn -0.3811 -0.9016 -0.2048
vn 0.2762 -0.8419 0.4636
vn 0.2971 -0.8823 0.3650
vn -0.5062 -0.8144 -0.2839
vn -0.6746 -0.5578 -0.4835
vn -0.5276 -0.7874 -0.3188
vn -0.6855 -0.6939 -0.2205
vn 0.7582 -0.6382 -0.1331
vn 0.5925 -0.7366 -0.3261
vn 0.8987 0.4130 0.1476
vn -0.2434 -0.9516 -0.1875
vn 0.9206 0.3783 -0.0967
vn 0.4978 -0.8204 -0.2813
vn 0.2798 -0.7522 -0.5965
vn -0.4932 -0.8463 -0.2015
vn -0.3013 -0.8842 -0.3570
vn 0.3966 -0.8774 -0.2698
vn -0.3060 -0.9058 -0.2931
vn 0.3026 -0.8350 -0.4597
vn 0.2800 -0.7937 -0.5400
vn 0.1952 -0.8232 -0.5332
vn 0.2178 -0.8051 -0.5517
vn -0.2920 -0.7578 -0.5834
vn -0.2405 -0.9680 0.0721
vn 0.0769 -0.8558 -0.5115
vn -0.7476 -0.4298 -0.5063
vn -0.5393 -0.8013 -0.2591
vn 0.7119 0.6549 -0.2537
vn 0.0341 0.7563 -0.6534
vn 0.4243 -0.6479 -0.6326
vn -0.1360 -0.7912 -0.5962
vn 0.4872 0.2461 0.8379
vn 0.3697 0.8487 0.3782
vn -0.3878 -0.9044 -0.1783
vn 0.0452 -0.9508 -0.3064
vn 0.3579 -0.9276 -0.1070
vn -0.3880 -0.9046 -0.1764
vn -0.3632 -0.1358 0.9217
vn -0.3004 -0.7228 0.6224
vn 0.6699 -0.6554 -0.3489
vn -0.9278 -0.2845 0.2414
vn -0.4719 -0.8578 0.2036
vn 0.7972 -0.3708 0.4763
vn -0.6580 -0.7508 0.0576
vn 0.2285 -0.6677 -0.7085
vn -0.5300 -0.3595 -0.7680
vn -0.6627 -0.7422 -0.1000
vn -0.8404 -0.4563 -0.2924
vn -0.4275 -0.8639 -0.2665
vn 0.2849 -0.9584 -0.0180
vn 0.8718 -0.3601 0.3320
vn -0.2377 -0.9676 -0.0852
vn 0.3008 -0.8942 0.3316
vn -0.8561 -0.2771 -0.4362
vn -0.3183 -0.9414 -0.1117
vn -0.7477 -0.5870 -0.3103
vn 0.6433 -0.7616 -0.0777
vn -0.3633 -0.9020 -0.2334
vn -0.4199 -0.8570 -0.2987
vn -0.4277 -0.9017 -0.0627
vn 0.5818 -0.7871 -0.2048
vn 0.4257 -0.7885 -0.4439
vn 0.2547 -0.8479 -0.4649
vn -0.0697 0.2973 -0.9522
vn 0.3437 -0.9300 0.1300
vn -0.5316 -0.7938 -0.2954
vn 0.0143 0.9986 0.0518
vn 0.1318 -0.6239 0.7703
vn 0.4882 -0.5258 0.6965
vn -0.5218 -0.8169 0.2457
vn -0.4216 -0.8828 0.2070
vn -0.5079 -0.8249 -0.2479
vn -0.7587 -0.4413 -0.4793
vn -0.3404 -0.9283 -0.1497
vn -0.8102 -0.1642 -0.5627
vn -0.2225 -0.9702 -0.0962
vn 0.4265 -0.7524 0.5019
vn 0.9002 -0.0968 0.4245
vn 0.3899 -0.8255 0.4081
vn 0.9131 -0.2950 0.2813
vn 0.8014 0.0074 0.5981
vn 0.5754 -0.6226 0.5304
vn -0.3216 -0.9346 -0.1520
vn 0.7810 0.0290 0.6238
vn -0.7743 -0.6262 -0.0910
vn -0.5349 -0.8093 -0.2426
vn 0.5608 -0.8060 -0.1892
vn 0.1605 0.4517 0.8776
vn 0.8796 0.4601 0.1211
vn 0.9427 0.3308 -0.0442
vn 0.2570 0.7285 0.6350
vn -0.5899 -0.7219 0.3618
vn 0.1099 -0.1006 0.9888
vn 0.2142 -0.1964 0.9568
vn 0.3034 -0.3944 0.8674
vn -0.2062 -0.5304 0.8223
vn 0.2953 -0.6736 0.6776
vn -0.5596 -0.3537 0.7495
vn 0.3420 -0.6469 0.6816
vn 0.6966 -0.6447 -0.3149
vn -0.4150 -0.6870 -0.5965
vn -0.4899 -0.8717 0.0081
vn 0.7453 -0.4260 0.5130
vn -0.5421 -0.8286 0.1397
vn 0.7774 0.2435 -0.5800
vn -0.5408 -0.8197 0.1889
vn -0.5758 -0.8080 0.1250
vn 0.7865 0.3615 -0.5007
vn -0.1463 -0.4011 -0.9043
vn -0.5078 -0.8268 -0.2419
vn -0.4990 -0.8284 -0.2544
vn -0.6842 -0.3315 -0.6496
vn -0.4517 -0.8765 -0.1667
vn 0.2245 -0.9375 0.2657
vn 0.3678 -0.8553 0.3649
vn -0.3928 -0.9025 -0.1769
vn -0.4000 -0.9071 -0.1311
vn -0.2382 -0.9652 -0.1078
vn 0.5384 -0.6406 0.5475
vn -0.3896 -0.8894 -0.2390
vn 0.5359 -0.6503 0.5385
vn -0.8730 -0.4397 -0.2113
vn 0.8939 -0.3673 0.2569
vn -0.5396 -0.8310 -0.1354
vn 0.8047 0.0074 0.5936
vn -0.5295 -0.7832 -0.3259
vn -0.7222 -0.6427 -0.2558
vn 0.5342 -0.6695 0.5161
vn 0.5240 -0.6745 0.5201
vn 0.8336 -0.5454 0.0876
vn 0.1870 -0.9252 0.3301
vn 0.9770 0.1201 0.1764
vn -0.4819 -0.8308 -0.2785
vn -0.6497 -0.7077 -0.2776
vn 0.5494 -0.8175 -0.1728
vn 0.5430 -0.8172 -0.1932
vn -0.5221 -0.3083 -0.7952
vn -0.5248 -0.8500 0.0452
vn 0.3802 0.6720 0.6355
vn -0.2234 -0.3323 -0.9164
vn -0.9731 -0.1678 -0.1581
vn 0.8919 0.4259 0.1521
vn 0.4330 -0.4007 -0.8074
vn -0.5919 -0.7897 -0.1612
vn 0.8847 -0.4359 -0.1653
vn 0.2723 -0.2819 -0.9200
vn -0.1817 -0.1990 0.9630
vn 0.8223 0.5506 -0.1442
vn 0.7067 0.6406 -0.3003
vn 0.7143 0.6474 -0.2657
vn 0.0763 0.2746 -0.9585
vn 0.9149 0.3158 -0.2514
vn 0.2109 0.7159 0.6655
vn 0.7793 0.6099 0.1440
vn -0.9032 -0.0495 -0.4264
vn 0.9618 0.2649 0.0698
vn -0.4723 -0.4240 0.7727
vn -0.1324 -0.4310 0.8926
vn -0.0675 -0.1091 0.9917
vn -0.2628 -0.5992 0.7562
vn -0.5924 -0.5888 0.5499
vn -0.0998 -0.1085 0.9891
vn -0.7881 -0.3193 0.5262
vn 0.6297 -0.4620 0.6245
vn 0.5745 -0.3813 0.7243
vn -0.1906 -0.2042 -0.9602
vn 0.7698 -0.4039 0.4943
vn 0.6364 0.1393 -0.7587
vn 0.6760 0.3765 -0.6334
vn -0.5583 -0.8296 -0.0020
vn -0.6420 -0.7645 0.0582
vn 0.8485 -0.2833 0.4470
vn -0.5197 -0.3715 -0.7693
vn 0.4399 -0.7352 -0.5157
vn -0.8628 -0.1786 -0.4730
vn 0.7864 -0.1657 0.5951
vn 0.8719 -0.2844 0.3986
vn 0.8046 -0.2260 0.5492
vn 0.4715 -0.8155 0.3356
vn 0.4912 -0.8119 0.3156
vn 0.8080 0.2287 0.5430
vn -0.3908 -0.8891 -0.2383
vn -0.3936 -0.8982 -0.1959
vn -0.8319 -0.4449 -0.3316
vn 0.8077 -0.0003 0.5896
vn -0.5793 -0.7522 -0.3139
vn -0.8493 -0.2009 0.4882
vn -0.3200 -0.9429 0.0928
vn -0.5451 -0.6518 -0.5273
vn 0.1981 -0.9339 0.2977
vn 0.0548 -0.8835 -0.4653
vn -0.6171 -0.5963 -0.5134
vn -0.0075 -0.9986 -0.0528
vn -0.0430 -0.9990 -0.0149
vn 0.8694 0.4512 0.2014
vn -0.8777 -0.3120 -0.3637
vn -0.6556 -0.6544 -0.3768
vn 0.7380 -0.5099 -0.4420
vn -0.5456 -0.8381 0.0030
vn 0.4088 0.4291 0.8054
vn 0.8935 0.4377 -0.0999
vn 0.9632 -0.2223 -0.1510
vn -0.9878 0.0604 -0.1434
vn 0.2044 -0.0256 -0.9786
vn -0.0023 -0.0523 -0.9986
vn -0.7491 -0.5800 -0.3200
vn 0.5799 -0.0445 -0.8135
vn 0.7222 0.3668 -0.5864
vn -0.1010 -0.9715 -0.2143
vn -0.4696 -0.5427 -0.6964
vn -0.3145 -0.2651 -0.9115
vn 0.5676 0.6885 0.4514
vn -0.9494 -0.2680 -0.1635
vn 0.0210 0.6863 -0.7270
vn -0.1300 -0.2766 0.9522
vn -0.1507 -0.4167 0.8964
vn -0.1642 -0.4905 0.8558
vn -0.1251 -0.1640 0.9785
vn 0.3272 -0.4289 0.8420
vn -0.3489 -0.3993 0.8478
vn -0.1871 -0.5324 0.8255
vn 0.8515 -0.5159 -0.0937
vn -0.2738 -0.6983 0.6614
vn 0.5633 -0.4516 0.6919
vn -0.6177 -0.3456 0.7064
vn -0.4306 -0.2701 0.8612
vn -0.3201 -0.1925 0.9276
vn -0.0562 -0.3122 0.9484
vn -0.2470 0.3549 0.9017
vn -0.2119 0.3124 0.9260
vn -0.1558 -0.7222 0.6739
vn 0.3181 -0.5530 0.7701
vn -0.1859 -0.1040 0.9770
vn 0.7449 -0.5697 -0.3472
vn 0.6490 -0.4411 0.6199
vn 0.7505 -0.5355 -0.3873
vn -0.4375 0.2823 -0.8537
vn -0.7017 -0.3016 0.6455
vn 0.6765 -0.5517 -0.4878
vn 0.5926 -0.4746 -0.6509
vn -0.6704 0.4790 0.5666
vn 0.6988 -0.4514 0.5550
vn -0.8601 0.4515 -0.2377
vn 0.5745 -0.6450 0.5039
vn -0.2585 0.1389 -0.9560
vn -0.2427 0.1255 -0.9619
vn -0.4834 0.1344 -0.8650
vn -0.9381 -0.2649 0.2229
vn 0.8055 -0.3914 -0.4449
vn 0.6493 -0.1485 -0.7459
vn 0.7004 -0.4506 0.5535
vn 0.6902 -0.4420 0.5730
vn 0.7240 -0.4381 0.5329
vn -0.4072 -0.8817 0.2383
vn 0.7945 -0.1437 -0.5900
vn -0.5782 -0.7966 0.1766
vn 0.7951 0.1646 -0.5837
vn 0.6554 0.3342 -0.6773
vn 0.8664 -0.2654 0.4230
vn 0.8575 0.2720 -0.4367
vn 0.8635 -0.2660 0.4286
vn 0.4833 -0.4685 -0.7395
vn 0.4941 -0.4651 -0.7345
vn -0.6065 -0.7883 -0.1036
vn -0.9417 -0.1654 -0.2929
vn -0.5315 -0.3626 -0.7655
vn 0.5366 -0.7865 -0.3059
vn 0.5128 -0.8190 -0.2574
vn -0.7275 -0.3110 -0.6116
vn -0.1958 0.3565 0.9135
vn -0.7715 -0.3568 -0.5268
vn -0.7874 -0.4066 -0.4633
vn -0.8010 -0.1600 -0.5769
vn -0.8083 -0.1818 -0.5600
vn -0.7645 -0.3598 -0.5349
vn 0.8747 -0.2842 0.3926
vn 0.9594 -0.0840 0.2694
vn -0.7723 -0.4166 -0.4796
vn 0.9666 -0.0761 0.2449
vn 0.8905 -0.2089 0.4042
vn 0.8491 -0.2477 0.4666
vn -0.3984 -0.9077 -0.1318
vn -0.7970 -0.4862 -0.3583
vn 0.8616 -0.2432 0.4456
vn 0.5737 -0.6923 0.4377
vn 0.8799 -0.0063 0.4752
vn 0.9093 -0.1018 0.4034
vn 0.8994 -0.2872 0.3297
vn 0.8938 -0.3642 0.2617
vn -0.5494 -0.7653 -0.3354
vn 0.8972 -0.3609 0.2546
vn 0.8450 -0.4851 0.2251
vn 0.4266 -0.7348 0.5273
vn 0.5831 -0.6783 0.4470
vn -0.9807 -0.1243 -0.1506
vn -0.4478 -0.8132 -0.3717
vn -0.8225 -0.4499 -0.3480
vn 0.8777 -0.4453 0.1770
vn -0.9783 -0.1849 -0.0934
vn 0.3881 -0.7875 0.4788
vn 0.2198 -0.8182 0.5313
vn -0.7929 -0.5899 -0.1529
vn -0.8123 -0.1350 0.5673
vn 0.8748 -0.4457 0.1900
vn -0.2025 -0.2024 0.9581
vn 0.5876 -0.8001 -0.1207
vn 0.2999 -0.1353 0.9443
vn 0.1831 -0.3096 0.9331
vn 0.2187 -0.9218 0.3199
vn -0.6822 -0.5678 -0.4606
vn 0.9643 0.0177 0.2643
vn -0.6119 -0.7598 -0.2196
vn 0.7788 -0.6174 0.1106
vn -0.6342 -0.6869 -0.3549
vn -0.7542 -0.6129 -0.2355
vn 0.5406 -0.7168 0.4404
vn 0.9387 0.3357 0.0788
vn 0.5283 0.5192 0.6718
vn -0.9273 -0.3593 -0.1050
vn 0.8583 0.4642 0.2185
vn -0.8688 -0.3779 -0.3199
vn 0.0320 0.2336 0.9718
vn 0.1139 0.2467 0.9624
vn -0.8485 -0.2898 -0.4428
vn 0.6120 -0.5509 -0.5674
vn -0.9253 -0.3231 -0.1986
vn -0.9991 0.0357 0.0209
vn 0.6959 -0.6206 -0.3614
vn 0.6823 -0.6694 -0.2938
vn -0.0904 -0.1621 -0.9826
vn -0.0169 -0.3055 -0.9521
vn 0.8707 -0.4567 -0.1825
vn 0.9425 0.3312 0.0452
vn -0.9916 0.0815 -0.1001
vn 0.8568 -0.1680 -0.4876
vn 0.5429 -0.2567 -0.7996
vn 0.9033 0.4201 -0.0871
vn -0.6940 -0.2472 -0.6763
vn -0.5314 0.5971 -0.6009
vn 0.8900 -0.3718 -0.2638
vn -0.9707 0.2126 0.1122
vn -0.0722 0.0554 -0.9958
vn 0.9650 0.1564 -0.2106
vn -0.9754 0.0051 -0.2205
vn -0.2999 -0.4802 0.8243
vn -0.0217 -0.2051 0.9785
vn 0.9558 -0.2806 -0.0878
vn 0.3362 -0.0049 -0.9418
vn 0.3327 -0.0108 -0.9430
vn -0.7718 -0.5654 0.2907
vn 0.0468 0.2611 -0.9642
vn 0.5667 -0.0471 -0.8226
vn 0.1548 0.6661 -0.7296
vn 0.9975 -0.0613 0.0354
vn 0.2291 0.5681 -0.7904
vn 0.8321 0.4729 -0.2897
vn 0.8956 0.4001 -0.1946
vn 0.2799 0.6085 -0.7426
vn -0.1069 0.1301 -0.9857
vn -0.9041 0.1927 -0.3813
vn 0.8382 0.3609 -0.4089
vn -0.2225 0.6900 -0.6887
vn -0.1276 -0.3659 -0.9219
vn -0.1526 -0.8164 -0.5570
vn -0.3575 -0.6484 -0.6721
vn 0.8338 0.4831 -0.2671
vn -0.1651 0.1637 -0.9726
vn -0.6444 -0.5796 -0.4988
vn 0.9115 0.3141 -0.2656
vn 0.6632 0.5010 -0.5560
vn -0.9160 -0.4010 -0.0114
vn -0.9027 -0.4293 0.0271
vn -0.4499 -0.4662 0.7617
vn -0.8775 -0.4099 0.2490
vn -0.2619 -0.4756 -0.8397
vn 0.9838 -0.1699 0.0573
vn 0.9541 0.1595 0.2536
vn -0.1593 -0.3819 -0.9104
vn -0.0327 -0.2610 -0.9648
vn -0.0344 -0.4895 -0.8713
vn -0.0801 -0.4659 -0.8812
vn -0.6327 -0.3783 -0.6757
vn 0.4151 0.7802 0.4680
vn -0.5554 -0.3805 -0.7394
vn 0.7273 0.6592 0.1911
vn 0.1770 -0.1605 -0.9710
vn -0.1635 0.1549 -0.9743
vn -0.1641 0.1549 -0.9742
vn 0.9791 0.0486 -0.1974
vn 0.9681 -0.0227 -0.2495
vn -0.7713 -0.0474 -0.6348
vn 0.9256 -0.0518 0.3750
vn -0.8139 0.0991 -0.5725
vn -0.1780 0.0900 -0.9799
vn -0.4316 0.5906 -0.6819
vn -0.0924 -0.2809 0.9553
vn 0.3303 0.1978 -0.9229
vn -0.3185 -0.6359 0.7030
vn -0.0101 -0.3217 0.9468
vn 0.2363 -0.6037 0.7614
vn 0.1609 -0.1445 0.9763
vn -0.0105 -0.3156 0.9488
vn -0.1756 -0.4339 0.8837
vn 0.3164 -0.4144 0.8533
vn -0.3939 -0.3507 0.8496
vn 0.3716 -0.6728 0.6397
vn -0.4019 -0.1009 0.9101
vn -0.2515 -0.6814 0.6873
vn 0.3843 -0.6351 0.6700
vn -0.6061 -0.3327 0.7225
vn -0.4942 -0.1045 0.8630
vn 0.2797 -0.6229 0.7306
vn 0.0050 0.2919 0.9564
vn 0.0040 0.3811 0.9245
vn 0.2698 -0.1642 0.9488
vn 0.2256 0.2129 0.9507
vn -0.3280 -0.5010 0.8009
vn -0.9972 0.0076 -0.0748
vn -0.5315 0.7690 -0.3552
vn 0.6655 -0.4709 0.5791
vn -0.8710 -0.2688 0.4112
vn 0.6707 -0.5099 -0.5386
vn 0.7220 -0.4783 -0.5000
vn -0.8085 0.0663 -0.5847
vn -0.3825 -0.8987 0.2147
vn -0.5190 -0.8188 0.2453
vn -0.9665 -0.2502 0.0577
vn -0.9670 -0.2486 0.0561
vn -0.5764 -0.7931 0.1970
vn 0.7347 -0.4114 0.5393
vn 0.8081 -0.3751 0.4542
vn 0.7361 0.2232 -0.6390
vn -0.9642 -0.2355 -0.1222
vn -0.5763 -0.8077 0.1246
vn -0.9654 -0.2210 -0.1384
vn 0.8195 -0.3497 0.4539
vn -0.9533 -0.2259 -0.2004
vn 0.9899 -0.1325 -0.0502
vn 0.0501 -0.3732 -0.9264
vn 0.0842 -0.4066 -0.9097
vn 0.1725 -0.7397 -0.6504
vn 0.8943 -0.0932 0.4377
vn -0.5207 -0.3720 -0.7684
vn 0.8570 -0.2805 0.4323
vn 0.8855 -0.0724 0.4589
vn -0.6159 -0.7684 -0.1738
vn 0.8170 -0.1130 0.5654
vn 0.9042 -0.2483 0.3474
vn -0.6523 -0.3938 -0.6476
vn 0.9054 -0.2628 0.3334
vn -0.5113 -0.8467 -0.1470
vn 0.5374 -0.8433 0.0103
vn 0.8103 -0.1200 0.5736
vn -0.5344 -0.8275 -0.1723
vn 0.4243 -0.8945 0.1408
vn 0.8909 -0.2624 0.3707
vn -0.8577 -0.1970 -0.4750
vn -0.7700 -0.3648 -0.5235
vn -0.8417 -0.3482 -0.4127
vn 0.8500 -0.1714 0.4981
vn -0.8332 -0.1638 -0.5281
vn 0.8325 -0.2276 0.5051
vn -0.8172 -0.1638 -0.5525
vn -0.5260 -0.8102 -0.2586
vn 0.5502 -0.6935 0.4652
vn 0.8322 -0.2800 0.4786
vn -0.8418 -0.1882 -0.5059
vn -0.7511 -0.4499 -0.4832
vn -0.5277 -0.8115 -0.2510
vn 0.5212 -0.6491 0.5541
vn 0.8887 -0.3025 0.3446
vn -0.8242 -0.4266 -0.3726
vn -0.9110 -0.1476 -0.3850
vn -0.8333 -0.1945 -0.5175
vn 0.8659 -0.0064 0.5002
vn 0.5300 -0.6451 0.5504
vn 0.8692 -0.0137 0.4944
vn -0.6421 -0.6699 -0.3728
vn -0.9074 -0.1625 -0.3877
vn -0.6659 -0.6648 -0.3386
vn -0.3427 0.4780 -0.8088
vn -0.6194 -0.5071 -0.5994
vn -0.6580 -0.7493 -0.0749
vn -0.6516 -0.7561 -0.0611
vn 0.3549 -0.6100 0.7085
vn 0.6566 0.0185 0.7540
vn -0.4964 -0.7231 -0.4803
vn -0.6627 -0.6886 -0.2944
vn 0.6740 -0.4873 0.5553
vn 0.4807 0.0194 0.8767
vn 0.1000 0.0595 0.9932
vn -0.3424 -0.1330 0.9301
vn 0.3533 -0.8672 0.3509
vn -0.7167 -0.6069 -0.3435
vn 0.6211 -0.0156 0.7835
vn 0.4169 -0.9080 -0.0408
vn 0.5000 -0.8657 0.0235
vn 0.2712 -0.9299 0.2485
vn 0.8547 0.5024 0.1309
vn 0.5570 -0.8165 0.1518
vn 0.7341 0.5872 0.3409
vn -0.2913 -0.9416 -0.1688
vn -0.0396 -0.9636 -0.2645
vn 0.5763 -0.8052 -0.1398
vn 0.2806 -0.9508 -0.1310
vn 0.8671 0.4929 -0.0716
vn 0.5846 -0.7976 -0.1487
vn -0.8345 -0.4257 -0.3499
vn 0.8563 0.4640 0.2269
vn -0.7850 -0.4277 -0.4481
vn 0.3485 0.4450 0.8249
vn -0.9611 -0.2424 -0.1325
vn -0.9812 -0.0811 0.1749
vn 0.6074 -0.5130 -0.6065
vn 0.9588 0.0254 -0.2831
vn 0.5285 0.7702 -0.3570
vn -0.3260 0.3175 -0.8904
vn -0.8009 0.3842 -0.4593
vn -0.2720 -0.1337 -0.9530
vn -0.4133 -0.2543 -0.8744
vn 0.2942 -0.3135 -0.9029
vn -0.4745 -0.1347 -0.8699
vn -0.7217 0.3631 -0.5894
vn -0.1664 0.1309 -0.9773
vn -0.2995 0.7760 -0.5550
vn 0.2590 0.2864 0.9224
vn 0.9019 0.4152 -0.1189
vn -0.9889 0.1137 -0.0957
vn 0.8177 0.5056 -0.2751
vn 0.0234 0.2974 0.9545
vn -0.4688 -0.7073 0.5291
vn -0.2765 0.7128 -0.6446
vn -0.6720 0.1151 -0.7315
vn -0.2353 -0.9115 0.3373
vn 0.0997 0.6113 -0.7851
vn 0.1533 0.6154 -0.7732
vn 0.2581 0.7224 -0.6415
vn -0.0554 0.8926 -0.4474
vn -0.5454 0.6247 -0.5588
vn -0.0404 0.8517 -0.5226
vn 0.0922 0.1671 -0.9816
vn -0.2648 0.3344 -0.9045
vn -0.5515 -0.6307 -0.5460
vn -0.6768 -0.4920 -0.5476
vn 0.7996 0.4455 -0.4027
vn -0.5262 -0.5275 0.6670
vn -0.3335 -0.6437 -0.6888
vn -0.2463 -0.2665 -0.9318
vn 0.3617 0.1839 0.9140
vn -0.3255 -0.2771 -0.9040
vn 0.0175 -0.4754 -0.8796
vn 0.6247 0.5381 0.5659
vn -0.2319 -0.5527 -0.8005
vn 0.2185 0.9753 -0.0320
vn -0.7119 -0.5063 -0.4867
vn 0.2523 0.9676 0.0019
vn 0.1892 0.5389 -0.8209
vn 0.1470 0.5424 -0.8272
vn -0.9342 -0.2695 -0.2336
vn 0.9579 0.2651 0.1101
vn 0.0033 -0.1273 0.9919
vn -0.0143 -0.1751 0.9845
vn 0.0002 -0.0874 0.9962
vn -0.0804 -0.1803 0.9803
vn 0.1219 -0.4162 0.9010
vn -0.0682 -0.2757 0.9588
vn -0.0243 -0.3214 0.9466
vn -0.1091 -0.4404 0.8911
vn 0.3989 -0.3794 0.8348
vn -0.2807 -0.6379 0.7171
vn 0.9625 -0.2626 0.0675
vn 0.2982 -0.6926 0.6568
vn 0.1536 0.2206 0.9632
vn -0.0908 0.9919 0.0893
vn -0.8749 -0.2631 0.4065
vn 0.6597 -0.5081 -0.5537
vn 0.7576 -0.4109 0.5071
vn -0.9679 -0.2492 -0.0327
vn -0.9710 -0.2333 -0.0525
vn -0.1993 -0.4223 -0.8843
vn -0.6545 -0.7544 -0.0499
vn 0.8495 -0.2730 0.4514
vn 0.7924 -0.0892 0.6035
vn 0.8098 -0.1200 0.5743
vn -0.7921 -0.2103 -0.5730
vn -0.4547 -0.8702 -0.1899
vn -0.8436 -0.4389 -0.3094
vn 0.9265 -0.2071 0.3142
vn -0.8057 -0.4439 -0.3922
vn -0.8502 -0.2410 -0.4681
vn 0.5775 -0.6237 0.5268
vn 0.7980 -0.4783 0.3666
vn -0.5640 -0.6254 -0.5392
vn 0.6621 0.0245 0.7490
vn -0.5400 -0.8195 -0.1922
vn 0.5505 0.1003 0.8288
vn 0.2200 -0.9457 0.2394
vn 0.8488 -0.5287 -0.0058
vn 0.6209 -0.7834 0.0270
vn 0.5737 -0.6918 -0.4384
vn -0.2134 -0.2933 -0.9319
vn 0.6598 0.7268 0.1907
vn -0.6137 -0.6580 -0.4365
vn -0.0978 -0.9729 -0.2094
vn 0.1488 -0.9553 -0.2556
vn -0.3884 -0.0691 0.9189
vn 0.1875 0.7412 0.6445
vn -0.5977 0.0889 0.7968
vn -0.0293 0.1265 0.9915
vn -0.9845 -0.0077 -0.1754
vn 0.0391 -0.9714 -0.2340
vn -0.2962 0.0875 -0.9511
vn -0.9528 0.0894 -0.2902
vn -0.2490 -0.4825 0.8397
vn 0.1578 0.0799 -0.9842
vn -0.0724 0.8246 -0.5611
vn -0.0867 0.8231 -0.5613
vn 0.7819 0.4417 -0.4399
vn -0.8514 -0.4422 0.2822
vn -0.3509 -0.5798 -0.7353
vn -0.1470 -0.3832 -0.9119
vn 0.5562 -0.4759 0.6813
vn 0.3855 -0.4988 0.7762
vn -0.7647 -0.3393 0.5478
vn -0.8512 -0.4142 -0.3223
vn 0.8530 -0.2853 0.4370
vn -0.1286 -0.4174 -0.8996
vn 0.8564 -0.2829 0.4320
vn 0.8122 -0.1107 0.5728
vn -0.8623 -0.1513 -0.4832
vn -0.6932 -0.3506 -0.6297
vn 0.8095 -0.3394 0.4790
vn 0.3884 -0.7900 0.4743
vn -0.1937 -0.9530 0.2329
vn -0.2155 -0.9533 0.2117
vn -0.5389 -0.8203 -0.1914
vn 0.2583 -0.9250 0.2787
vn -0.3195 -0.9430 0.0927
vn -0.6742 -0.5574 -0.4845
vn 0.5319 -0.7095 -0.4622
vn 0.1958 0.4082 0.8916
vn -0.5470 -0.4488 -0.7066
vn 0.2199 -0.9692 -0.1106
vn -0.0164 0.8689 -0.4947
vn 0.0107 0.9231 -0.3844
vn -0.4482 -0.8934 0.0323
vn 0.4380 0.8422 0.3144
vn 0.3104 -0.9469 0.0833
vn 0.6187 -0.5221 0.5870
vn -0.5129 -0.8567 -0.0539
vn 0.7216 -0.3937 0.5695
vn -0.4344 -0.8907 -0.1337
vn -0.9235 -0.2000 -0.3273
vn -0.8728 -0.1652 -0.4592
vn 0.4953 -0.7999 0.3388
vn 0.6032 -0.6231 0.4979
vn -0.8668 -0.2154 -0.4497
vn 0.3525 -0.9157 0.1931
vn -0.2320 -0.9727 -0.0015
vn 0.4889 -0.8260 0.2805
vn -0.3665 -0.9264 -0.0860
vn 0.4046 0.6818 0.6095
vn 0.0279 0.9236 -0.3823
vn 0.0386 0.3153 0.9482
vn -0.0128 0.8056 0.5923
vn -0.0205 0.8508 -0.5252
vn 0.1066 0.8492 -0.5172
vn -0.1469 -0.8322 -0.5346
vn -0.4791 -0.8748 0.0717
vn 0.2056 0.9780 -0.0339
vn 0.7746 -0.5692 -0.2757
vn 0.5854 -0.6315 -0.5085
vn -0.9578 -0.2162 -0.1897
vn 0.9670 0.1280 0.2205
vn -0.7660 -0.4713 -0.4372
vn -0.5309 -0.8260 -0.1894
vn -0.5916 -0.7277 -0.3471
vn 0.3546 -0.9145 0.1948
vn 0.6296 -0.6251 0.4613
vn -0.3451 -0.9324 -0.1076
vn -0.3591 -0.8947 -0.2655
vn -0.2068 -0.9680 -0.1420
vn 0.1400 -0.9163 -0.3752
vn 0.0671 0.9178 0.3914
vn 0.9561 -0.1074 -0.2728
vn -0.1318 -0.8249 -0.5498
vn -0.1703 -0.4427 -0.8803
vn -0.1429 -0.3335 -0.9319
vn -0.2445 0.9043 -0.3500
vn 0.2826 -0.4742 0.8338
vn -0.4041 0.4406 0.8016
vn -0.1209 0.9109 0.3944
vn -0.3542 0.9289 0.1079
vn -0.2908 0.9479 -0.1305
vn -0.3535 0.9124 -0.2063
vn 0.6641 -0.4849 -0.5691
vn 0.6542 0.0386 -0.7553
vn -0.9601 -0.2747 0.0528
vn 0.5981 0.4875 -0.6361
vn -0.6938 -0.7072 0.1359
vn -0.1300 -0.4235 -0.8965
vn 0.0370 -0.7793 -0.6256
vn 0.2702 -0.4187 -0.8670
vn -0.7283 -0.1758 -0.6623
vn -0.6949 -0.5121 -0.5048
vn -0.5660 -0.7912 -0.2317
vn -0.5651 -0.7869 -0.2481
vn 0.6015 -0.6278 0.4941
vn 0.8126 -0.4960 0.3061
vn -0.5579 -0.7800 -0.2833
vn -0.5942 -0.7329 -0.3312
vn -0.8935 0.0721 -0.4433
vn 0.4306 -0.7508 0.5009
vn 0.4212 -0.7143 0.5589
vn -0.5489 -0.7532 -0.3624
vn 0.2576 -0.9150 0.3106
vn 0.2264 -0.9322 0.2825
vn 0.3669 -0.8911 0.2671
vn 0.3518 -0.9012 0.2531
vn 0.5378 -0.7974 0.2738
vn 0.8563 0.4677 0.2188
vn -0.0390 -0.8437 -0.5354
vn -0.1918 -0.8993 -0.3930
vn -0.4230 0.7799 -0.4613
vn -0.4380 0.7826 -0.4423
vn -0.2491 0.8417 -0.4792
vn -0.2525 0.9066 -0.3383
vn -0.4062 0.7765 -0.4816
vn -0.2874 0.8111 -0.5094
vn -0.2407 0.7214 -0.6493
vn -0.2765 0.7117 -0.6458
vn 0.1450 0.9348 -0.3241
vn -0.3858 -0.7598 0.5233
vn 0.0082 0.8226 -0.5686
vn 0.5809 0.8121 0.0551
vn 0.5880 0.8073 0.0510
vn -0.1313 -0.3724 -0.9188
vn 0.4298 0.8405 -0.3299
vn 0.5255 0.7741 -0.3530
vn 0.1541 0.9848 -0.0801
vn 0.4922 0.7573 -0.4291
vn -0.0658 0.8325 0.5501
vn 0.3250 -0.4691 0.8212
vn 0.3981 -0.3728 0.8382
vn -0.1314 -0.0188 0.9912
vn -0.3413 -0.6563 0.6729
vn -0.3091 -0.6341 0.7088
vn -0.5568 -0.4779 0.6795
vn -0.1777 0.9028 0.3917
vn -0.6988 -0.7010 0.1424
vn 0.9736 -0.1077 0.2013
vn -0.7082 -0.7059 0.0094
vn -0.6768 -0.7360 -0.0189
vn -0.6740 -0.7372 -0.0476
vn -0.1578 -0.4516 -0.8781
vn -0.7117 -0.6962 -0.0939
vn -0.6863 -0.7050 -0.1788
vn 0.5166 -0.8169 -0.2567
vn 0.9303 -0.0416 0.3645
vn 0.7865 -0.1642 0.5954
vn 0.6031 -0.6625 0.4444
vn 0.5997 -0.6281 0.4958
vn -0.5583 -0.7893 -0.2556
vn -0.6172 -0.7469 -0.2473
vn 0.5359 -0.6330 0.5586
vn 0.4930 -0.7021 0.5139
vn -0.5239 -0.8443 -0.1125
vn -0.1845 -0.9248 0.3329
vn -0.1328 -0.9530 0.2723
vn -0.6434 -0.6125 -0.4593
vn 0.4852 -0.6743 0.5567
vn 0.6335 -0.0947 0.7680
vn 0.5440 -0.8280 -0.1360
vn 0.2952 -0.9511 0.0908
vn -0.7880 -0.3159 -0.5284
vn -0.2280 -0.8155 -0.5319
vn -0.7631 0.3050 -0.5698
vn 0.1253 -0.9254 -0.3576
vn 0.0365 0.1643 0.9857
vn -0.4355 -0.8931 -0.1130
vn -0.8179 -0.4935 -0.2958
vn -0.3354 0.8651 -0.3729
vn 0.1709 0.9037 -0.3927
vn 0.0858 0.8598 -0.5034
vn 0.1033 0.6994 -0.7072
vn 0.3231 0.8048 -0.4980
vn 0.0505 0.8643 0.5005
vn -0.2793 -0.7957 -0.5374
vn -0.3312 -0.8105 -0.4830
vn 0.7834 0.4710 -0.4056
vn -0.1842 -0.2623 0.9472
vn 0.0556 -0.2104 0.9760
vn 0.1377 -0.6092 0.7810
vn -0.1227 -0.9880 0.0935
vn 0.6689 -0.6981 -0.2556
vn -0.7539 -0.3753 0.5392
vn -0.7965 -0.5978 -0.0909
vn -0.8778 -0.1245 -0.4625
vn 0.9395 0.0032 0.3425
vn 0.2761 0.9541 0.1162
vn 0.7659 -0.5196 0.3786
vn -0.5738 -0.8144 -0.0865
vn 0.7105 -0.6142 0.3435
vn -0.5241 -0.8456 -0.1014
vn -0.7386 -0.4510 -0.5011
vn -0.3276 -0.9154 -0.2339
vn 0.3255 -0.9100 -0.2568
vn 0.2000 -0.9072 -0.3702
vn -0.1343 0.9895 -0.0541
vn -0.5475 -0.8368 0.0028
vn -0.1933 -0.2079 0.9588
vn 0.4161 0.7837 -0.4611
vn 0.3341 0.7120 -0.6176
vn 0.3294 0.6647 -0.6706
vn 0.0486 0.9237 -0.3800
vn 0.1990 0.6128 0.7648
vn -0.4327 -0.7322 0.5259
vn -0.4382 -0.7324 0.5211
vn -0.1445 -0.7915 -0.5939
vn -0.1131 -0.3745 -0.9203
vn 0.4931 0.8012 -0.3392
vn -0.2999 -0.1360 0.9442
vn -0.0418 -0.0414 0.9983
vn 0.0255 -0.1134 0.9932
vn 0.3803 -0.6060 0.6986
vn 0.7547 -0.6287 -0.1874
vn 0.6090 -0.7023 -0.3685
vn 0.7820 -0.2845 0.5545
vn 0.8332 0.0070 0.5530
vn -0.6698 -0.7250 -0.1602
vn 0.6021 -0.7261 -0.3319
vn -0.6827 -0.5530 -0.4776
vn 0.6595 -0.7449 0.1009
vn -0.7488 -0.5545 -0.3632
vn 0.7773 -0.4547 0.4347
vn 0.4822 -0.7498 0.4531
vn 0.2983 -0.5717 0.7643
vn 0.7120 -0.6412 0.2862
vn 0.5752 -0.7541 0.3170
vn -0.5271 0.7506 -0.3984
vn 0.4017 0.7875 -0.4674
vn -0.4976 -0.3920 -0.7738
vn -0.4276 0.7117 -0.5573
vn -0.5502 -0.7680 -0.3278
vn -0.5417 -0.8306 -0.1293
vn -0.6207 -0.2149 0.7540
vn 0.3482 0.6172 -0.7055
vn -0.5353 0.4400 -0.7210
vn -0.2342 -0.8513 -0.4696
vn 0.3609 0.8784 0.3133
vn 0.3947 0.9178 -0.0436
vn -0.1358 0.5314 -0.8362
vn 0.1601 -0.2203 0.9622
vn 0.1545 -0.0284 0.9876
vn 0.2179 -0.6166 0.7565
vn -0.7171 -0.0675 0.6937
vn -0.6161 0.1906 0.7643
vn -0.9730 -0.2245 -0.0533
vn -0.6421 -0.7485 0.1653
vn 0.7462 -0.3494 0.5667
vn 0.6158 -0.7738 0.1486
vn 0.6010 -0.6374 0.4822
vn -0.8259 -0.4772 -0.3003
vn 0.5554 -0.6686 0.4945
vn 0.4644 -0.7504 0.4704
vn 0.9012 0.1843 0.3923
vn 0.7970 -0.1195 0.5920
vn 0.0808 -0.9133 0.3993
vn -0.6908 -0.5508 -0.4683
vn 0.3381 -0.7785 0.5288
vn 0.8202 -0.5457 0.1717
vn -0.8365 -0.0146 -0.5477
vn 0.4887 0.3414 0.8029
vn 0.5701 -0.3712 0.7329
vn -0.2737 0.3456 0.8976
vn 0.1017 0.2063 -0.9732
vn 0.3627 -0.8923 -0.2688
vn 0.2099 -0.8869 -0.4115
vn -0.1855 -0.4819 -0.8564
vn 0.6865 0.7144 -0.1359
vn 0.9643 0.2603 0.0478
vn 0.1091 0.9938 0.0214
vn 0.3447 0.4699 -0.8126
vn -0.0178 0.4354 -0.9001
vn -0.2255 -0.3209 -0.9199
vn 0.5752 0.8179 0.0099
vn 0.2740 0.8135 -0.5129
vn 0.1167 -0.0768 0.9902
vn -0.1674 -0.2412 0.9559
vn -0.2864 0.1687 0.9431
vn -0.3920 -0.2985 0.8702
vn 0.3840 -0.6095 0.6935
vn 0.6101 -0.2717 0.7443
vn 0.7369 -0.2873 0.6120
vn 0.6581 -0.2702 0.7028
vn 0.5934 -0.5363 -0.6002
vn 0.7643 -0.2832 0.5793
vn 0.7515 -0.3671 -0.5481
vn -0.9592 -0.2455 -0.1399
vn -0.6263 -0.6959 0.3513
vn 0.7646 -0.0541 -0.6423
vn -0.6699 -0.7092 0.2199
vn 0.7398 0.3304 -0.5861
vn 0.4995 0.1108 -0.8592
vn -0.9534 0.0185 -0.3012
vn -0.9364 0.1046 -0.3350
vn 0.1371 -0.6300 -0.7644
vn -0.7996 -0.5929 -0.0957
vn 0.2709 -0.4941 -0.8261
vn -0.4947 -0.5423 -0.6792
vn -0.9244 0.1651 -0.3439
vn -0.8178 0.3201 -0.4783
vn -0.5852 -0.5355 -0.6090
vn -0.7128 -0.6824 -0.1622
vn -0.6636 -0.5621 -0.4937
vn -0.7158 0.1823 -0.6741
vn 0.6078 -0.6883 0.3960
vn 0.7410 -0.4900 0.4592
vn 0.6353 -0.6343 0.4406
vn -0.7222 -0.5555 -0.4121
vn 0.7413 -0.4461 0.5015
vn -0.7264 -0.5483 -0.4145
vn 0.5374 -0.6385 0.5509
vn 0.7767 -0.4503 0.4403
vn -0.5910 -0.7091 -0.3845
vn 0.7715 -0.4762 0.4219
vn -0.1475 0.6969 -0.7018
vn -0.9364 -0.2937 -0.1919
vn -0.9311 -0.3544 -0.0866
vn -0.9479 -0.2918 -0.1280
vn 0.1216 -0.8174 0.5630
vn -0.0854 -0.9437 0.3197
vn 0.5369 -0.8437 0.0058
vn -0.1137 -0.9095 0.3999
vn 0.8050 0.2637 0.5314
vn 0.9353 0.1047 0.3380
vn 0.7666 0.2229 0.6023
vn -0.5747 -0.4315 -0.6954
vn -0.9761 -0.0218 -0.2161
vn 0.5557 0.3970 0.7304
vn -0.7861 0.3004 0.5402
vn 0.5359 -0.3894 0.7491
vn 0.7811 -0.4248 0.4576
vn -0.9486 0.2191 -0.2283
vn -0.7837 -0.3226 -0.5308
vn 0.7553 0.5996 0.2645
vn 0.7688 0.6391 -0.0220
vn 0.4882 -0.6493 0.5832
vn 0.7225 0.6793 0.1288
vn -0.7204 -0.4130 -0.5572
vn 0.5713 -0.8102 0.1311
vn -0.8273 -0.2536 -0.5013
vn -0.7883 0.5462 -0.2833
vn 0.9334 0.2795 0.2251
vn -0.4623 0.4828 -0.7438
vn 0.4099 -0.9110 -0.0454
vn -0.5801 0.7178 -0.3850
vn -0.6665 0.4038 -0.6267
vn 0.3326 0.7408 -0.5836
vn 0.1080 -0.8800 -0.4626
vn 0.1207 -0.8686 -0.4806
vn 0.9890 -0.1383 0.0518
vn 0.6263 0.6320 -0.4565
vn -0.4379 0.4007 -0.8048
vn -0.6662 -0.7092 -0.2308
vn -0.5475 -0.7308 -0.4077
vn -0.4310 -0.2934 -0.8533
vn 0.5403 0.6152 -0.5741
vn 0.5460 0.6193 -0.5643
vn -0.3163 0.6992 -0.6412
vn 0.3945 0.4950 -0.7742
vn -0.5745 -0.2993 -0.7618
vn -0.4122 0.2252 -0.8828
vn -0.2831 0.1039 -0.9534
vn -0.9648 0.2390 -0.1096
vn 0.1169 0.6646 -0.7380
vn 0.0229 0.5879 0.8086
vn 0.1886 0.5979 0.7791
vn -0.6792 -0.3710 0.6333
vn -0.0229 0.4201 0.9072
vn 0.0248 0.3706 0.9285
vn 0.4645 0.5393 0.7024
vn -0.5983 0.4467 0.6652
vn 0.0503 -0.8069 -0.5886
vn -0.5708 -0.7928 0.2139
vn -0.1667 -0.7949 -0.5834
vn -0.1522 -0.6763 -0.7208
vn -0.3037 -0.5396 -0.7852
vn -0.1341 -0.5464 -0.8267
vn -0.6181 -0.7853 0.0350
vn -0.6916 -0.2748 -0.6680
vn -0.8701 -0.4928 0.0002
vn -0.5768 -0.0619 0.8145
vn -0.4421 0.2356 -0.8655
vn 0.9927 0.0308 0.1168
vn -0.2338 -0.3205 -0.9179
vn -0.3560 -0.4338 -0.8277
vn -0.3065 -0.4314 -0.8485
vn -0.2649 -0.3210 -0.9093
vn -0.6989 0.5554 -0.4506
vn 0.1647 0.8788 -0.4478
vn 0.4772 0.8251 -0.3024
vn -0.6411 0.6511 -0.4062
vn 0.1153 -0.1800 0.9769
vn 0.0480 0.0095 0.9988
vn 0.2587 0.0777 0.9628
vn 0.0427 0.1950 0.9799
vn 0.1542 0.2003 0.9675
vn -0.2046 -0.2399 0.9490
vn 0.0043 0.1950 0.9808
vn -0.2024 0.1923 0.9602
vn -0.0698 -0.0181 0.9974
vn -0.1317 -0.0185 0.9911
vn -0.1769 -0.3820 0.9071
vn 0.0154 0.4221 0.9064
vn -0.2252 -0.1909 0.9554
vn -0.6125 -0.4505 0.6495
vn 0.9591 -0.2687 0.0890
vn -0.8463 -0.2180 0.4860
vn 0.6297 -0.6935 -0.3500
vn 0.8242 -0.5397 -0.1713
vn 0.7421 -0.2730 0.6121
vn -0.9504 -0.0094 0.3110
vn -0.6421 0.2274 0.7321
vn 0.4789 -0.2394 -0.8446
vn 0.7645 -0.2634 0.5884
vn 0.5167 0.2035 -0.8316
vn -0.9552 0.0043 0.2961
vn 0.7860 -0.2504 0.5653
vn -0.7414 -0.6681 0.0634
vn 0.8758 -0.1808 0.4475
vn -0.9998 0.0221 -0.0003
vn -0.6946 -0.6596 0.2873
vn -0.8048 -0.5722 0.1576
vn 0.8668 -0.2149 -0.4499
vn 0.8670 -0.2665 0.4211
vn 0.9212 -0.0402 0.3870
vn 0.9460 0.0020 0.3243
vn 0.7636 -0.3706 0.5287
vn 0.6924 -0.6396 -0.3340
vn -0.7852 0.2239 -0.5773
vn 0.8154 -0.2982 0.4962
vn 0.6292 -0.4587 0.6274
vn -0.8324 -0.5526 -0.0411
vn -0.8181 0.2587 -0.5137
vn 0.9286 0.0943 0.3589
vn -0.7510 -0.5870 -0.3024
vn -0.8702 0.1655 -0.4640
vn 0.5471 -0.6942 0.4677
vn -0.7220 -0.5788 -0.3792
vn -0.5930 0.6625 -0.4577
vn -0.7600 -0.5571 -0.3347
vn -0.0285 0.5996 -0.7998
vn 0.5831 -0.6643 0.4676
vn 0.4731 -0.5575 0.6821
vn 0.6337 0.6729 -0.3816
vn 0.9271 0.1525 0.3425
vn -0.8763 0.1515 -0.4574
vn 0.8626 -0.4216 0.2797
vn -0.7723 -0.5125 -0.3753
vn -0.8727 0.1528 -0.4637
vn 0.3648 -0.9180 0.1558
vn -0.1397 -0.8100 0.5695
vn -0.6867 -0.5540 -0.4706
vn -0.0301 -0.9484 0.3158
vn 0.8353 0.2621 0.4834
vn 0.9787 0.1456 -0.1446
vn -0.7838 -0.1527 -0.6019
vn -0.7520 -0.4827 -0.4489
vn 0.7860 -0.5480 0.2864
vn 0.6555 0.5091 0.5577
vn -0.9370 0.1096 -0.3318
vn -0.4877 0.1770 -0.8549
vn -0.4891 0.1757 -0.8544
vn 0.1243 0.3373 0.9332
vn 0.1389 0.3218 0.9366
vn 0.7355 0.6095 0.2958
vn -0.8782 0.3208 -0.3548
vn 0.4353 -0.6235 0.6494
vn 0.4712 -0.5872 0.6582
vn -0.7469 0.4738 -0.4665
vn -0.6361 0.7700 -0.0491
vn 0.4403 -0.8106 0.3862
vn -0.4351 0.3984 -0.8075
vn -0.2541 0.9195 -0.2999
vn -0.0790 0.9958 -0.0467
vn 0.4172 -0.8878 0.1941
vn 0.4117 -0.8913 0.1900
vn -0.7613 -0.1342 -0.6344
vn 0.7207 0.5825 -0.3759
vn 0.1638 -0.9371 -0.3083
vn 0.3308 -0.8394 -0.4312
vn -0.1017 -0.2197 0.9703
vn 0.5886 0.6338 -0.5019
vn 0.2384 -0.8691 -0.4334
vn 0.9572 0.2516 0.1433
vn 0.1147 -0.8670 -0.4850
vn -0.7834 -0.5507 -0.2881
vn -0.6280 0.4062 -0.6637
vn -0.6841 0.5677 -0.4580
vn -0.5298 -0.8213 -0.2115
vn -0.2527 -0.7564 -0.6033
vn 0.0251 -0.1987 0.9797
vn 0.5640 0.5851 -0.5827
vn 0.5005 0.8360 -0.2251
vn -0.4709 -0.7602 -0.4476
vn -0.8997 0.2786 -0.3361
vn -0.3999 0.6129 -0.6815
vn -0.5156 0.4621 -0.7215
vn -0.4215 0.2866 -0.8604
vn -0.5151 0.2860 -0.8080
vn 0.0586 0.4897 -0.8699
vn -0.2314 0.0733 0.9701
vn 0.8833 -0.0268 -0.4681
vn -0.0890 0.4197 -0.9033
vn -0.1846 0.0776 0.9798
vn -0.0500 -0.0865 0.9950
vn 0.1661 0.4465 0.8792
vn 0.1906 0.6120 0.7675
vn -0.8305 0.3365 -0.4439
vn -0.2173 -0.6436 0.7339
vn 0.9905 0.0070 -0.1376
vn -0.8548 -0.4353 0.2825
vn 0.7313 0.6760 -0.0907
vn -0.2286 -0.3260 -0.9173
vn -0.8778 0.3976 -0.2672
vn 0.6606 0.6458 -0.3828
vn 0.3532 0.6598 -0.6633
vn -0.1884 0.3432 -0.9201
vn -0.4506 0.8907 -0.0597
vn 0.1976 0.8918 -0.4069
vn 0.0191 0.0185 0.9996
vn -0.0359 0.1257 0.9914
vn -0.2046 0.2192 0.9540
vn 0.0254 -0.0047 0.9997
vn 0.0244 -0.0401 0.9989
vn 0.0743 0.4094 0.9093
vn -0.2392 -0.3257 0.9147
vn -0.4599 0.3771 -0.8040
vn -0.5788 -0.2100 0.7879
vn -0.4059 -0.0201 0.9137
vn -0.4863 -0.1428 0.8620
vn -0.1031 -0.1951 0.9754
vn 0.3396 -0.6138 0.7126
vn -0.2162 -0.5409 0.8128
vn 0.6541 -0.2800 0.7027
vn -0.8702 -0.0364 0.4914
vn -0.1108 0.0173 0.9937
vn 0.7498 -0.2884 0.5955
vn -0.7253 0.1017 0.6809
vn -0.8834 -0.0895 0.4600
vn 0.5517 -0.4917 -0.6737
vn -0.9891 0.1355 -0.0572
vn 0.4455 -0.4775 -0.7573
vn -0.8812 -0.1764 0.4385
vn -0.9053 -0.0995 0.4131
vn 0.6853 -0.1894 0.7032
vn -0.9716 0.0029 0.2367
vn 0.8305 -0.2041 0.5184
vn -0.9710 0.0008 0.2392
vn 0.6327 0.1825 -0.7526
vn 0.4814 0.3717 -0.7938
vn 0.8079 -0.1860 0.5592
vn -0.6064 -0.5963 0.5261
vn -0.7810 -0.6069 0.1474
vn 0.8292 0.1389 -0.5414
vn 0.8374 0.1305 -0.5308
vn -0.9899 0.0818 -0.1156
vn 0.9032 -0.1742 0.3923
vn 0.9820 0.1243 -0.1420
vn -0.8011 -0.5977 0.0325
vn 0.8843 -0.1084 0.4543
vn 0.8871 -0.1030 0.4500
vn -0.8302 -0.5575 -0.0065
vn 0.9025 -0.2760 0.3307
vn 0.8988 -0.1059 0.4253
vn -0.9107 0.1570 -0.3821
vn -0.2252 -0.0175 -0.9741
vn -0.3131 -0.3046 -0.8996
vn -0.7937 -0.5905 -0.1463
vn 0.5816 -0.7071 -0.4021
vn 0.9413 -0.0098 0.3375
vn -0.7849 -0.6069 -0.1248
vn 0.7710 -0.3404 0.5382
vn -0.7532 -0.4109 -0.5137
vn 0.6635 -0.4619 0.5886
vn -0.6797 -0.6477 -0.3442
vn -0.7013 -0.6638 -0.2599
vn 0.7647 -0.3704 0.5273
vn -0.6810 -0.5505 -0.4829
vn 0.9389 0.0192 0.3436
vn 0.9472 -0.0108 0.3205
vn -0.7984 0.1944 -0.5699
vn 0.7445 -0.6509 0.1487
vn 0.9541 0.0257 0.2984
vn -0.6878 -0.5741 0.4442
vn -0.6997 -0.6788 -0.2229
vn -0.7227 -0.5472 -0.4222
vn 0.5454 -0.6941 0.4699
vn -0.8017 0.1891 -0.5671
vn 0.9551 0.1024 0.2779
vn 0.9291 0.1538 0.3364
vn 0.7697 -0.4590 0.4438
vn -0.7912 -0.4840 -0.3738
vn -0.8033 -0.5158 -0.2977
vn 0.5832 -0.7028 0.4075
vn 0.7566 -0.4659 0.4588
vn 0.6683 -0.5864 0.4578
vn 0.7889 -0.2917 0.5409
vn -0.8580 0.1074 -0.5023
vn -0.9193 -0.2118 -0.3316
vn -0.9053 0.1890 -0.3803
vn 0.9272 0.2258 0.2989
vn 0.6299 -0.1526 0.7616
vn 0.7013 -0.3581 0.6164
vn 0.8986 -0.1125 0.4242
vn -0.8996 0.1890 -0.3937
vn -0.8805 0.1307 -0.4557
vn 0.5880 0.1636 0.7921
vn 0.3957 -0.1160 0.9110
vn 0.7817 0.2724 0.5611
vn 0.9410 0.2534 0.2245
vn 0.7037 0.2859 0.6504
vn 0.9401 -0.3328 0.0744
vn -0.4244 0.2364 0.8741
vn -0.6695 -0.4228 -0.6108
vn -0.6438 -0.4105 -0.6458
vn -0.6243 0.3695 -0.6883
vn -0.7158 -0.2403 -0.6557
vn -0.7122 0.6074 -0.3520
vn -0.7720 -0.0988 -0.6279
vn -0.6070 0.6332 -0.4803
vn -0.7903 -0.1005 -0.6045
vn -0.9245 0.1014 -0.3674
vn -0.8518 -0.1454 -0.5034
vn 0.9111 0.3041 0.2782
vn 0.5482 -0.8112 -0.2036
vn 0.3268 0.1696 0.9298
vn -0.5296 -0.4407 -0.7247
vn 0.9138 0.3051 0.2682
vn -0.9195 0.0065 0.3931
vn -0.6251 -0.7767 -0.0769
vn -0.5982 -0.8004 -0.0378
vn 0.2545 -0.8246 -0.5052
vn 0.3583 0.5187 0.7763
vn 0.1369 -0.7940 -0.5923
vn 0.0066 -0.8865 -0.4626
vn -0.6032 0.5841 -0.5432
vn 0.6038 0.6310 -0.4871
vn -0.5648 0.4322 -0.7030
vn 0.5379 0.6022 -0.5899
vn 0.4445 0.5371 -0.7169
vn -0.2448 0.2415 -0.9390
vn -0.3239 0.2173 -0.9208
vn 0.9804 0.1032 -0.1677
vn -0.2465 0.4333 -0.8669
vn -0.6872 -0.2302 -0.6890
vn -0.3908 0.4085 -0.8249
vn 0.9842 -0.0513 -0.1695
vn 0.9966 0.0784 -0.0257
vn -0.0835 0.4191 -0.9041
vn -0.1476 0.3709 -0.9168
vn 0.1248 0.5501 -0.8257
vn 0.9011 -0.0101 -0.4336
vn -0.4523 -0.1396 0.8809
vn 0.1748 0.6183 0.7662
vn -0.3161 -0.6697 -0.6720
vn 0.9636 0.0409 -0.2643
vn 0.8539 0.0139 -0.5203
vn -0.9942 -0.0939 -0.0527
vn 0.7131 0.0291 -0.7005
vn 0.6826 0.0669 -0.7277
vn -0.8043 -0.2392 -0.5439
vn 0.6159 0.5413 -0.5725
vn -0.3024 -0.2424 -0.9219
vn -0.1147 -0.2602 -0.9587
vn -0.3383 0.1507 -0.9289
vn -0.1907 0.1849 -0.9641
vn -0.4420 0.3590 0.8221
vn -0.0383 0.0918 0.9950
vn -0.0271 -0.0098 0.9996
vn -0.4246 -0.2587 0.8677
vn 0.2210 0.4054 0.8870
vn 0.3729 -0.2319 0.8984
vn 0.3129 -0.1662 0.9351
vn 0.0829 0.4155 0.9058
vn -0.0398 0.3338 0.9418
vn -0.2717 0.1678 0.9476
vn 0.4612 -0.2060 0.8630
vn -0.2496 -0.3351 0.9085
vn -0.2884 -0.3814 0.8783
vn 0.5136 -0.2466 0.8218
vn 0.2300 -0.9696 -0.0835
vn 0.6320 -0.2922 0.7178
vn 0.6038 -0.7852 0.1373
vn -0.4298 -0.3420 0.8357
vn -0.7011 -0.1956 0.6857
vn -0.5074 -0.3471 0.7887
vn 0.6650 -0.2772 0.6935
vn 0.7836 -0.2640 0.5624
vn -0.9541 -0.0014 0.2995
vn 0.5847 -0.1164 -0.8029
vn -0.9674 -0.0135 0.2527
vn -0.7838 -0.6051 0.1394
vn -0.6974 -0.6635 0.2711
vn 0.5527 0.3350 -0.7631
vn 0.8742 -0.1771 0.4520
vn -0.9998 -0.0009 -0.0200
vn -0.7733 -0.6299 0.0722
vn -0.9714 0.1232 -0.2032
vn -0.1733 -0.6314 -0.7558
vn -0.0732 -0.5209 -0.8505
vn 0.7531 -0.3034 0.5838
vn 0.6624 -0.3687 0.6521
vn 0.4821 -0.7799 0.3991
vn 0.5511 -0.7688 0.3243
vn -0.8589 0.1077 -0.5007
vn 0.5305 -0.6907 0.4914
vn -0.7669 -0.5578 -0.3174
vn 0.8000 -0.3317 0.5000
vn -0.7298 -0.5946 -0.3374
vn 0.9519 0.2559 0.1689
vn -0.6505 -0.5038 -0.5684
vn -0.8906 0.1859 0.4150
vn -0.5802 -0.4729 -0.6631
vn -0.7053 -0.3101 -0.6375
vn 0.8349 0.3827 0.3956
vn -0.7468 -0.2519 -0.6155
vn 0.8492 0.4009 0.3437
vn 0.4640 0.8571 -0.2239
vn 0.3607 0.2752 -0.8911
vn 0.1874 -0.8765 -0.4434
vn 0.1775 0.1334 0.9750
vn 0.0582 0.0309 0.9978
vn 0.1731 0.1336 0.9758
vn -0.2310 0.0335 0.9724
vn 0.9683 0.2278 0.1022
vn 0.9737 0.2260 -0.0304
vn -0.4954 0.4728 -0.7287
vn -0.2931 -0.0949 -0.9514
vn 0.2896 0.4740 -0.8316
vn 0.3351 0.3512 -0.8743
vn -0.1977 0.5270 -0.8266
vn 0.2361 0.5565 -0.7966
vn -0.0140 0.4349 -0.9003
vn 0.1771 0.4460 0.8773
vn -0.2982 -0.3086 0.9032
vn 0.2103 0.6039 0.7688
vn -0.7267 0.3721 0.5774
vn 0.9171 -0.0900 -0.3883
vn 0.8637 0.0377 -0.5025
vn 0.8060 0.0169 -0.5916
vn 0.8029 0.0128 -0.5960
vn -0.0820 -0.1555 -0.9844
vn 0.2987 0.9200 -0.2538
vn 0.2845 0.9207 -0.2671
vn 0.8683 0.1792 -0.4625
vn -0.0818 0.3345 0.9388
vn 0.7723 -0.2490 0.5845
vn 0.5980 0.0356 -0.8007
vn -1.0000 -0.0076 -0.0065
vn 0.8236 -0.2069 0.5280
vn -0.9999 -0.0008 -0.0138
vn -0.9855 0.0324 -0.1666
vn -0.9449 0.0267 -0.3263
vn 0.8784 -0.1035 0.4665
vn -0.9671 0.0677 -0.2453
vn -0.8122 0.2150 -0.5423
vn 0.6774 -0.7327 0.0652
vn -0.8501 0.1948 -0.4893
vn -0.6995 -0.6064 -0.3780
vn 0.8353 0.2621 0.4833
vn -0.9567 0.2132 -0.1982
vn -0.5961 -0.5837 -0.5513
vn -0.4350 0.8594 -0.2688
vn -0.9779 0.1529 -0.1425
vn 0.2361 -0.9222 0.3064
vn -0.0698 0.9805 -0.1836
vn -0.0113 0.9702 -0.2422
vn -0.6746 0.5078 -0.5359
vn 0.5466 0.7743 -0.3189
vn 0.9239 0.2826 0.2581
vn -0.8470 -0.1339 -0.5145
vn 0.9559 0.2724 0.1099
vn -0.5142 0.1077 -0.8509
vn 0.0555 0.3554 -0.9331
vn -0.4629 -0.6194 0.6341
vn -0.0674 -0.1944 -0.9786
vn -0.0200 -0.1525 -0.9881
vn -0.0825 -0.3331 0.9393
vn 0.9014 -0.1844 0.3918
vn 0.3454 -0.8579 -0.3805
vn -0.3463 -0.8444 -0.4088
vn -0.4123 -0.7647 -0.4953
vn -0.8253 -0.4881 -0.2841
vn 0.7567 -0.4745 0.4498
vn 0.3113 -0.8532 0.4185
vn 0.7228 0.4523 0.5225
vn -0.4941 0.7864 -0.3707
vn -0.5042 0.7744 -0.3821
vn 0.4115 -0.8248 0.3879
vn 0.3895 -0.8470 0.3617
vn 0.7183 -0.4599 0.5221
vn 0.5671 0.8025 -0.1856
vn -0.6849 0.4966 -0.5332
vn 0.3264 -0.8306 -0.4511
vn -0.0411 0.3791 -0.9244
vn 0.4572 -0.8860 -0.0770
vn 0.0960 -0.0986 0.9905
vn -0.7658 -0.5524 0.3293
vn 0.9439 0.1012 0.3145
vn -0.8255 0.2866 -0.4863
vn -0.1687 -0.8796 0.4447
vn -0.1732 0.9615 -0.2133
vn -0.0060 0.9967 -0.0813
vn 0.5070 -0.8352 -0.2130
vn 0.2310 -0.9096 -0.3455
vn -0.5017 -0.7392 -0.4494
vn -0.0522 0.3685 -0.9282
vn 0.1924 0.6822 0.7055
vn 0.2127 0.7018 0.6799
vn 0.2743 0.8754 -0.3981
vn 0.4728 0.8644 -0.1711
vn -0.2228 -0.3488 -0.9103
vn -0.0477 -0.1931 -0.9800
vn -0.0841 0.8857 -0.4565
vn 0.1252 0.9503 -0.2850
vn -0.0593 0.3999 0.9147
vn -0.1414 -0.6560 -0.7414
vn -0.1091 0.3514 0.9298
vn 0.5072 0.1739 -0.8441
vn -0.9438 0.3284 0.0380
vn -0.7869 0.4166 -0.4552
vn 0.2997 -0.8907 -0.3418
vn -0.7835 0.3214 -0.5319
vn 0.4136 -0.9069 0.0801
vn -0.6603 -0.5841 -0.4721
vn -0.7994 0.3216 -0.5074
vn -0.8750 -0.3480 -0.3366
vn -0.2438 -0.8273 0.5060
vn 0.1524 -0.9511 0.2687
vn -0.7190 -0.5744 -0.3912
vn -0.4380 0.8785 -0.1907
vn -0.7733 -0.1935 -0.6038
vn 0.2812 0.9593 0.0276
vn 0.7115 0.5968 0.3709
vn 0.7199 0.6242 0.3035
vn 0.8591 0.3451 0.3781
vn 0.6645 0.6901 -0.2867
vn 0.5016 -0.8482 0.1704
vn 0.3829 -0.9183 -0.1000
vn -0.3941 0.1198 -0.9112
vn 0.1916 0.2854 -0.9391
vn -0.4094 -0.8970 -0.1665
vn -0.3098 -0.7879 -0.5321
vn 0.1702 -0.5790 0.7973
vn -0.0364 -0.0199 0.9991
vn -0.4341 -0.3231 0.8410
vn -0.9828 0.1647 -0.0838
vn 0.9185 -0.0156 0.3950
vn 0.6668 -0.5086 0.5447
vn 0.4236 -0.9016 0.0874
vn 0.6641 -0.4960 0.5594
vn 0.9164 0.2696 0.2958
vn 0.2656 -0.8409 0.4715
vn -0.6735 -0.4525 -0.5845
vn -0.7443 0.2581 -0.6159
vn 0.6019 0.6573 -0.4535
vn 0.6765 0.4913 -0.5485
vn 0.3930 0.3919 0.8318
vn 0.1770 -0.7924 -0.5838
vn -0.2240 -0.8702 -0.4389
vn -0.1645 0.3744 -0.9126
vn 0.8880 -0.4297 -0.1637
vn 0.1671 0.6849 0.7092
vn -0.0237 -0.9885 -0.1491
vn 0.8135 -0.3296 -0.4791
vn -0.2727 0.1017 0.9567
vn 0.1627 0.2432 0.9562
vn -0.0481 0.4039 0.9135
vn 0.8084 -0.5749 -0.1264
vn 0.8315 -0.0558 0.5528
vn -0.8675 0.4372 -0.2372
vn -0.0407 -0.8952 -0.4438
vn 0.0452 -0.9364 -0.3481
vn -0.5854 0.7762 -0.2341
vn 0.1307 -0.9343 0.3317
vn -0.5783 0.7417 -0.3398
vn 0.9882 -0.0898 0.1238
vn 0.9810 -0.0870 0.1736
vn -0.6667 0.5842 -0.4628
vn 0.6430 0.5691 -0.5125
vn -0.8783 0.3014 -0.3711
vn -0.3233 -0.9452 -0.0464
vn -0.6270 0.4075 -0.6640
vn 0.9455 0.3025 0.1208
vn 0.0236 -0.8039 -0.5943
vn 0.5996 0.4636 -0.6523
vn 0.7227 -0.6828 -0.1070
vn 0.3069 0.3704 -0.8767
vn -0.4452 -0.8705 0.2100
vn 0.3758 -0.8996 -0.2224
vn -0.1901 -0.5056 -0.8416
vn 0.1090 -0.0495 0.9928
vn -0.0596 0.4044 0.9126
vn 0.7779 -0.1104 0.6186
vn -0.1068 0.3818 0.9181
vn 0.2218 0.4007 0.8890
vn -0.7132 0.0409 0.6998
vn 0.7899 -0.5185 -0.3274
vn 0.5998 -0.6540 -0.4610
vn 0.4957 -0.6597 -0.5649
vn 0.9277 0.1328 0.3489
vn -0.7825 0.4125 -0.4665
vn -0.5964 0.6825 -0.4225
vn -0.5647 0.5664 -0.6003
vn 0.7535 0.6062 0.2545
vn -0.1766 0.9633 -0.2023
vn -0.4112 0.4566 0.7889
vn 0.8281 -0.4391 0.3484
vn 0.8706 -0.4135 -0.2665
vn -0.6235 0.3891 -0.6781
vn -0.6706 0.4407 -0.5967
vn -0.2927 0.3685 0.8823
vn -0.3681 -0.9286 0.0471
vn -0.9522 -0.2193 -0.2125
vn 0.6842 0.5209 -0.5104
vn 0.1435 -0.1744 0.9742
vn -0.4683 -0.7846 -0.4063
vn 0.2111 -0.0876 0.9735
vn -0.5904 -0.5306 -0.6082
vn 0.3489 0.3809 -0.8563
vn -0.2019 0.2464 -0.9479
vn 0.3067 0.6308 0.7127
vn 0.2063 0.6314 0.7475
vn 0.5133 -0.8556 0.0670
vn 0.4859 -0.8666 -0.1135
vn 0.8800 -0.3357 -0.3359
vn 0.0416 -0.6425 -0.7651
vn 0.2508 -0.8298 -0.4986
vn -0.8908 -0.0112 -0.4543
vn -0.9992 0.0333 -0.0218
vn -0.3010 -0.3154 -0.9000
vn 0.1264 0.9206 -0.3695
vn 0.4109 -0.1961 -0.8904
vn 0.1042 -0.0214 0.9943
vn -0.1120 0.4134 0.9036
vn -0.0673 0.0268 0.9974
vn 0.0470 0.2556 0.9656
vn -0.3022 0.1707 0.9379
vn -0.4227 -0.2905 0.8584
vn -0.7572 0.0411 0.6519
vn 0.6857 -0.1583 0.7105
vn 0.7655 -0.1603 0.6231
vn 0.6988 -0.1313 -0.7032
vn 0.7381 -0.4423 0.5095
vn -0.7360 0.4917 -0.4653
vn -0.9124 -0.3760 -0.1618
vn 0.0817 -0.7243 -0.6847
vn 0.9553 0.2349 0.1795
vn 0.9438 -0.1172 0.3089
vn -0.8796 -0.4064 -0.2474
vn -0.6192 0.6706 -0.4086
vn -0.7842 0.3684 -0.4994
vn 0.1377 -0.8982 0.4175
vn -0.8393 -0.3388 -0.4252
vn -0.5800 0.6807 -0.4475
vn -0.3169 -0.7452 0.5868
vn 0.8972 0.3206 0.3037
vn 0.6710 0.5718 0.4720
vn 0.7956 0.5600 0.2311
vn -0.8001 -0.3313 -0.5002
vn 0.6999 0.6095 0.3725
vn 0.6401 -0.6812 0.3552
vn -0.7023 -0.0391 -0.7108
vn 0.4942 -0.8678 -0.0514
vn 0.6491 -0.6913 0.3174
vn -0.7378 0.4324 -0.5183
vn 0.9095 0.3516 0.2217
vn -0.4921 -0.4023 0.7720
vn -0.4816 -0.3989 -0.7804
vn 0.0418 0.2791 -0.9594
vn 0.4541 -0.8821 0.1254
vn -0.3383 0.2545 0.9060
vn 0.0770 -0.9734 0.2156
vn 0.1024 -0.9880 0.1157
vn 0.0312 -0.9295 -0.3676
vn 0.4894 -0.8436 -0.2212
vn 0.2983 -0.9518 -0.0719
vn 0.2750 -0.9460 -0.1713
vn 0.3647 -0.9193 -0.1479
vn 0.1988 -0.7223 -0.6624
vn 0.7373 -0.3175 -0.5963
vn 0.6628 -0.3106 -0.6814
vn -0.2401 -0.0926 0.9663
vn -0.1310 -0.0237 0.9911
vn -0.0097 0.3025 0.9531
vn -0.1314 -0.0232 0.9911
vn -0.0634 0.2164 0.9742
vn 0.6530 -0.6017 -0.4600
vn -0.8114 -0.3524 0.4664
vn 0.3345 -0.6311 -0.6999
vn 0.1467 0.1285 -0.9808
vn -0.8314 -0.3575 0.4254
vn 0.5069 0.1200 -0.8536
vn 0.6138 0.0041 -0.7895
vn -0.9494 0.3115 0.0405
vn 0.8044 -0.0089 -0.5941
vn 0.8429 -0.1174 -0.5251
vn 0.6163 -0.3222 0.7185
vn -0.2589 -0.3237 -0.9100
vn -0.6752 0.5340 -0.5089
vn 0.7437 -0.2711 0.6111
vn 0.9204 0.2801 0.2727
vn -0.8845 -0.4054 -0.2309
vn -0.4170 0.4144 -0.8089
vn -0.8535 -0.3944 -0.3405
vn -0.8484 0.3736 -0.3751
vn 0.8726 0.2293 0.4314
vn -0.8177 0.4358 -0.3761
vn 0.4397 -0.8259 0.3530
vn -0.7939 0.4452 -0.4140
vn 0.1686 -0.0808 0.9824
vn -0.5559 0.7719 0.3086
vn -0.9169 0.2841 0.2804
vn -0.6730 0.6663 -0.3211
vn 0.4591 -0.8369 0.2980
vn 0.6220 -0.7501 0.2245
vn -0.8615 0.2840 -0.4208
vn -0.6941 -0.3074 -0.6510
vn 0.7310 -0.6509 -0.2049
vn 0.8954 0.3242 0.3052
vn 0.7023 0.6152 0.3582
vn 0.7416 -0.6438 0.1884
vn 0.8209 0.3421 0.4572
vn -0.8762 0.2674 -0.4009
vn 0.7349 0.5169 0.4390
vn -0.9292 0.3260 -0.1741
vn -0.7399 -0.3649 -0.5651
vn -0.4005 0.3367 -0.8522
vn -0.6747 0.5258 -0.5180
vn -0.8636 0.4181 0.2817
vn 0.8132 0.4087 0.4143
vn -0.7823 0.4642 -0.4154
vn 0.7032 0.5007 0.5049
vn -0.5900 -0.2346 -0.7725
vn 0.1228 0.4134 0.9022
vn -0.7467 -0.1946 -0.6361
vn -0.7353 0.4159 -0.5351
vn 0.6927 0.7102 -0.1257
vn -0.7309 -0.1714 -0.6606
vn 0.8634 0.3307 0.3810
vn -0.8211 0.3507 -0.4504
vn 0.7617 0.6148 -0.2046
vn -0.7136 0.4154 -0.5641
vn 0.8834 0.3865 0.2649
vn -0.7753 0.0673 -0.6280
vn 0.0851 -0.2574 -0.9626
vn 0.8882 0.3880 0.2463
vn 0.7156 -0.5819 -0.3864
vn 0.8245 0.4908 -0.2816
vn -0.1374 -0.3690 0.9192
vn 0.4993 -0.2723 -0.8225
vn -0.7594 -0.6492 0.0428
vn 0.3391 0.2822 0.8974
vn 0.4250 -0.7192 -0.5496
vn -0.4475 -0.8030 -0.3936
vn -0.2262 0.1324 0.9650
vn -0.5794 0.4120 -0.7032
vn 0.4396 0.7779 0.4491
vn -0.5743 0.4061 -0.7108
vn 0.5978 0.4620 -0.6552
vn 0.9819 0.1610 0.0997
vn -0.1525 -0.6373 -0.7554
vn 0.2093 -0.5739 -0.7917
vn -0.5203 0.3643 -0.7724
vn 0.4805 0.3889 -0.7860
vn 0.2210 0.4084 -0.8856
vn -0.0080 0.4085 -0.9127
vn -0.1524 0.4078 -0.9003
vn -0.0480 0.3314 -0.9423
vn 0.0745 0.3853 -0.9198
vn -0.5563 0.1457 0.8181
vn -0.1010 0.6061 0.7890
vn 0.3787 -0.8237 0.4220
vn 0.3641 -0.9313 0.0079
vn 0.4508 -0.8868 0.1019
vn -0.2337 0.1842 0.9547
vn -0.6875 -0.4828 0.5425
vn 0.2800 -0.9345 -0.2196
vn 0.1153 -0.9900 -0.0812
vn -0.1604 -0.6396 -0.7518
vn -0.1262 -0.4342 -0.8919
vn 0.2770 -0.8277 -0.4881
vn -0.8724 -0.4683 -0.1399
vn 0.0496 -0.9812 -0.1866
vn 0.1416 -0.6561 -0.7413
vn -0.9975 0.0584 -0.0393
vn 0.4175 0.0022 -0.9087
vn 0.7488 0.2887 -0.5966
vn 0.3931 0.3167 -0.8632
vn -0.3326 -0.2864 -0.8985
vn -0.1766 -0.1578 -0.9716
vn -0.0579 -0.0120 -0.9982
vn -0.2005 0.1422 0.9693
vn -0.7359 0.0645 0.6740
vn 0.1930 0.0316 0.9807
vn 0.1643 0.2672 0.9495
vn 0.3330 0.0570 0.9412
vn -0.2072 -0.2652 0.9417
vn 0.0691 0.3357 0.9394
vn 0.0743 -0.2433 0.9671
vn 0.3126 -0.4307 0.8466
vn -0.0211 -0.1425 0.9896
vn -0.2931 -0.3081 0.9051
vn -0.2463 -0.2631 0.9328
vn 0.1305 0.3388 0.9318
vn -0.2792 0.1407 0.9499
vn 0.0812 0.2930 0.9527
vn 0.1991 0.4032 0.8932
vn -0.2049 -0.0138 0.9787
vn -0.7366 -0.1854 0.6504
vn -0.5755 0.0415 0.8168
vn 0.1357 0.3062 0.9422
vn -0.3507 -0.4117 0.8411
vn 0.6191 -0.1941 0.7609
vn 0.6717 -0.1169 0.7316
vn -0.7623 0.0346 0.6463
vn -0.4877 -0.3492 0.8001
vn -0.8018 0.0605 0.5946
vn 0.7643 -0.1996 0.6132
vn 0.7447 -0.2198 0.6302
vn 0.7515 -0.5351 -0.3859
vn -0.8941 0.1793 0.4105
vn -0.9335 0.1243 0.3363
vn -0.5840 0.4716 0.6607
vn -0.8097 -0.3381 0.4796
vn 0.8050 -0.1408 0.5763
vn 0.7460 -0.5138 -0.4236
vn 0.7939 -0.1564 0.5875
vn 0.0159 -0.3161 -0.9486
vn 0.4713 -0.2980 -0.8301
vn -0.9323 0.3141 0.1794
vn -0.9366 0.2572 0.2378
vn 0.8319 -0.0571 0.5520
vn -0.9204 -0.3182 0.2272
vn 0.8336 -0.0474 0.5504
vn -0.9312 0.3644 -0.0085
vn 0.6863 -0.1328 -0.7151
vn 0.8379 -0.0580 0.5428
vn 0.9154 0.0239 0.4019
vn 0.8858 -0.0489 0.4615
vn -0.9146 -0.3840 0.1266
vn 0.9059 0.0248 0.4228
vn 0.9128 0.0327 0.4071
vn -0.9171 -0.3918 0.0739
vn 0.9448 0.0309 0.3262
vn 0.9263 0.0808 0.3681
vn 0.9798 -0.1993 0.0139
vn -0.8704 0.4333 -0.2336
vn 0.8935 -0.3119 0.3230
vn 0.9979 0.0616 0.0175
vn 0.1772 0.1067 0.9784
vn -0.7400 0.4465 -0.5030
vn 0.9190 0.0669 0.3886
vn 0.8934 0.1127 0.4349
vn -0.7857 0.4979 -0.3671
vn -0.9095 -0.4077 -0.0810
vn -0.8036 0.4863 -0.3430
vn -0.9075 -0.3845 -0.1691
vn 0.5692 -0.1804 0.8022
vn 0.7663 0.2959 0.5703
vn 0.6911 -0.6994 0.1822
vn -0.7422 0.4876 -0.4598
vn 0.6011 -0.2717 -0.7516
vn 0.0890 -0.7164 -0.6920
vn 0.0608 -0.7007 -0.7109
vn 0.0512 -0.1055 -0.9931
vn 0.7270 -0.1596 0.6679
vn 0.2202 -0.8232 -0.5233
vn -0.8908 -0.3738 -0.2583
vn 0.8560 -0.5112 0.0776
vn -0.9945 -0.0349 -0.0991
vn -0.9407 0.1251 -0.3153
vn -0.6794 0.5341 -0.5031
vn -0.8171 0.4290 -0.3850
vn -0.1859 -0.1137 -0.9760
vn -0.8073 0.4302 -0.4040
vn -0.7680 0.4327 -0.4721
vn 0.8653 -0.4899 -0.1060
vn -0.9869 0.1447 0.0713
vn 0.9336 0.2373 0.2684
vn 0.9889 -0.1367 0.0580
vn -0.8586 0.3240 -0.3974
vn 0.8434 -0.4593 0.2789
vn -0.6963 0.5525 -0.4582
vn -0.4748 0.5994 -0.6445
vn -0.9046 -0.3539 -0.2375
vn -0.0801 -0.8312 0.5502
vn 0.6340 -0.2097 0.7443
vn 0.2948 -0.7826 0.5483
vn 0.9061 0.3868 0.1711
vn 0.8393 -0.1448 0.5240
vn 0.6785 -0.1125 0.7259
vn 0.8201 0.2292 0.5243
vn -0.3907 -0.7108 0.5849
vn 0.9299 0.2918 0.2241
vn 0.8322 -0.3599 0.4218
vn -0.2450 -0.8146 0.5257
vn -0.8425 -0.3808 -0.3811
vn -0.7507 0.4987 -0.4334
vn 0.9291 0.2916 0.2273
vn 0.8947 0.3245 0.3069
vn -0.7775 0.3692 -0.5091
vn 0.6317 -0.7742 0.0387
vn 0.8374 -0.4733 0.2735
vn -0.8702 0.2912 -0.3974
vn -0.8076 0.5583 -0.1899
vn -0.9348 0.2914 -0.2029
vn -0.6742 0.6211 -0.3996
vn -0.8069 0.5569 -0.1970
vn 0.8220 0.3423 0.4551
vn 0.7553 0.3978 0.5209
vn -0.8680 0.3161 0.3829
vn -0.7925 -0.2803 -0.5417
vn 0.7041 0.5032 0.5010
vn 0.6855 0.3514 0.6376
vn -0.8042 0.3377 -0.4891
vn -0.7916 0.5291 -0.3056
vn 0.6402 0.7190 -0.2704
vn 0.8812 0.3492 -0.3186
vn 0.3697 0.1804 0.9115
vn 0.0645 -0.0490 0.9967
vn 0.4926 0.3096 0.8133
vn 0.4224 0.3920 0.8172
vn -0.0840 0.1941 0.9774
vn 0.1460 0.4931 0.8576
vn 0.8683 0.3762 0.3234
vn 0.6655 0.7423 -0.0779
vn -0.8833 0.3806 -0.2738
vn 0.9981 -0.0136 -0.0603
vn -0.8008 0.3505 -0.4856
vn -0.6063 -0.1504 -0.7809
vn -0.6390 -0.1797 -0.7479
vn 0.7632 0.6440 0.0529
vn 0.3507 -0.2536 0.9015
vn 0.0740 0.0829 0.9938
vn 0.1203 -0.1973 0.9729
vn -0.8274 0.4960 -0.2635
vn -0.7385 0.5892 -0.3279
vn 0.7518 0.6380 -0.1666
vn -0.7451 -0.0362 -0.6660
vn -0.5595 0.5937 -0.5783
vn -0.7454 0.4392 -0.5015
vn -0.7992 0.0682 -0.5972
vn -0.7393 0.4174 -0.5284
vn 0.8297 0.4952 -0.2574
vn -0.6792 0.7327 -0.0443
vn -0.7446 0.4130 -0.5244
vn -0.7120 0.7014 0.0329
vn -0.7468 0.1011 -0.6573
vn -0.8661 0.1154 -0.4864
vn -0.7211 0.3965 -0.5682
vn -0.1626 0.7413 -0.6512
vn 0.8712 0.4100 0.2700
vn -0.9877 0.1343 -0.0805
vn 0.2831 -0.3430 0.8956
vn 0.7070 0.5430 -0.4530
vn 0.1471 -0.3242 -0.9345
vn 0.8266 -0.4462 0.3429
vn -0.7632 -0.6451 0.0380
vn 0.5081 -0.7980 -0.3240
vn -0.9435 0.1511 -0.2948
vn -0.9820 0.1294 0.1375
vn 0.2116 0.1750 0.9616
vn -0.6372 0.3797 -0.6707
vn 0.6388 0.1584 0.7529
vn 0.1194 -0.1673 0.9786
vn 0.8749 0.4362 0.2105
vn 0.2477 -0.0779 0.9657
vn 0.7637 0.4388 -0.4736
vn -0.4885 0.1469 0.8601
vn -0.8362 0.4920 0.2423
vn 0.0595 -0.0456 0.9972
vn -0.0702 -0.0441 0.9966
vn 0.9177 0.3959 0.0338
vn 0.2414 -0.5091 -0.8261
vn -0.0479 -0.7374 -0.6738
vn -0.6368 0.3764 -0.6729
vn -0.9382 -0.2205 -0.2669
vn 0.5890 -0.5456 -0.5962
vn 0.6812 0.4150 -0.6032
vn -0.4094 -0.1689 -0.8966
vn -0.9382 -0.2197 -0.2674
vn 0.0291 -0.2770 -0.9604
vn -0.1535 -0.0765 -0.9852
vn 0.6851 -0.1468 0.7135
vn -0.4046 -0.5942 -0.6952
vn 0.2843 -0.6622 -0.6933
vn -0.4716 0.4047 -0.7835
vn -0.2521 -0.0812 -0.9643
vn -0.2965 0.0838 -0.9514
vn -0.1923 -0.0164 -0.9812
vn 0.4681 0.3889 -0.7935
vn 0.7995 0.1720 0.5755
vn 0.9429 -0.3320 -0.0257
vn -0.3881 0.4683 -0.7938
vn 0.3934 0.4175 -0.8191
vn -0.4214 -0.4066 -0.8106
vn -0.4017 -0.3866 -0.8302
vn 0.7793 -0.5653 0.2704
vn -0.4796 0.3825 -0.7897
vn 0.3394 0.3823 -0.8595
vn -0.3120 0.4647 -0.8287
vn 0.3275 0.5432 -0.7731
vn 0.2219 -0.9624 -0.1568
vn 0.2248 -0.4681 0.8546
vn -0.1256 0.3905 -0.9120
vn 0.1154 0.4274 -0.8967
vn -0.1119 0.4053 -0.9073
vn 0.1527 0.4022 -0.9027
vn 0.4744 -0.8707 0.1299
vn -0.8427 0.2497 -0.4770
vn 0.2471 0.4266 0.8700
vn 0.0567 -0.9900 0.1292
vn -0.5183 0.1418 0.8434
vn -0.1414 -0.3126 0.9393
vn -0.0452 0.6810 0.7309
vn 0.0695 0.6137 0.7865
vn -0.9510 0.3001 0.0741
vn -0.9695 0.2436 -0.0264
vn 0.1787 -0.8858 0.4282
vn 0.1378 0.5302 0.8366
vn 0.0401 0.4491 0.8926
vn 0.1697 0.3049 0.9371
vn -0.0299 0.3276 0.9443
vn -0.5451 -0.2968 0.7841
vn 0.2011 -0.9752 -0.0919
vn 0.1458 -0.9892 -0.0147
vn 0.2724 -0.9508 -0.1475
vn -0.2607 -0.4636 -0.8468
vn -0.1206 -0.4389 -0.8904
vn -0.6837 -0.2917 -0.6689
vn 0.2466 -0.9620 -0.1173
vn -0.8581 -0.5014 -0.1107
vn 0.3479 -0.8147 0.4639
vn 0.5109 -0.4779 -0.7145
vn 0.0414 -0.9962 -0.0771
vn -0.0539 -0.9924 -0.1111
vn -0.9154 -0.0368 -0.4009
vn -0.8416 0.1075 -0.5293
vn 0.5297 0.0368 -0.8474
vn -0.4295 -0.1708 -0.8868
vn 0.4550 0.3372 0.8242
vn 0.4400 0.5161 -0.7349
vn 0.2998 0.2952 -0.9072
vn 0.0207 0.6000 -0.7997
vn 0.2140 0.1688 -0.9621
vn -0.0724 -0.1222 -0.9899
vn -0.0166 0.0727 -0.9972
vn 0.0681 0.1632 -0.9842
vn 0.2396 0.0797 0.9676
vn -0.0383 0.2430 0.9693
vn -0.0465 0.1985 0.9790
vn -0.3055 0.0319 0.9517
vn -0.0761 -0.8873 -0.4548
vn -0.0569 -0.0671 0.9961
vn 0.4206 -0.0730 0.9043
vn 0.2834 -0.2217 0.9330
vn 0.2366 0.1840 0.9540
vn 0.4042 -0.0723 0.9118
vn 0.4592 -0.1402 0.8772
vn 0.2289 -0.4461 0.8652
vn -0.3183 -0.4091 0.8552
vn 0.0726 0.3022 0.9505
vn 0.0679 0.3082 0.9489
vn -0.1647 0.3070 0.9373
vn -0.4894 -0.3494 0.7990
vn 0.9230 -0.3675 0.1137
vn -0.5088 -0.3638 0.7802
vn -0.8215 0.0410 0.5688
vn -0.6460 -0.4349 0.6273
vn -0.9118 0.2617 0.3163
vn 0.8135 -0.1026 0.5725
vn -0.8229 -0.3492 0.4481
vn 0.5012 0.2285 -0.8346
vn -0.8749 -0.3078 0.3739
vn -0.9053 -0.3408 0.2536
vn 0.6981 -0.1321 -0.7038
vn 0.8710 -0.1948 -0.4509
vn -0.8700 0.4382 -0.2261
vn -0.8663 0.4515 -0.2139
vn 0.9505 -0.2990 -0.0848
vn -0.9105 -0.4034 0.0909
vn 0.8924 0.1128 0.4370
vn 0.8848 0.0899 0.4572
vn -0.9134 -0.4012 -0.0684
vn -0.7859 0.5033 -0.3592
vn 0.9233 -0.1735 0.3426
vn 0.7541 -0.1669 0.6351
vn 0.9348 0.2096 0.2868
vn -0.2505 0.7832 -0.5691
vn 0.9194 0.2078 0.3340
vn -0.7603 0.3962 -0.5147
vn 0.4691 -0.8079 0.3568
vn 0.6398 -0.7494 0.1703
vn 0.9168 0.3187 0.2406
vn -0.8549 -0.3853 -0.3474
vn -0.7668 -0.3622 -0.5300
vn 0.8927 -0.4202 -0.1629
vn -0.8711 0.4334 -0.2309
vn 0.8765 0.2722 0.3971
vn 0.3008 0.9377 -0.1737
vn 0.8729 -0.4161 -0.2547
vn -0.7795 -0.3316 -0.5315
vn -0.6727 -0.2902 -0.6806
vn 0.6886 0.3521 0.6339
vn 0.7319 0.3995 0.5520
vn -0.5073 -0.7873 0.3504
vn 0.7052 0.4072 0.5804
vn -0.7757 -0.2115 -0.5946
vn -0.7956 0.4524 -0.4029
vn 0.6033 0.7466 -0.2804
vn -0.6136 -0.2036 -0.7629
vn -0.7828 0.4556 -0.4238
vn 0.8033 0.3986 0.4425
vn -0.5654 -0.3435 -0.7499
vn 0.2324 0.5435 0.8066
vn -0.4064 0.4502 0.7951
vn -0.7440 0.5293 -0.4077
vn 0.8597 0.3312 0.3889
vn -0.6955 0.4501 -0.5601
vn -0.5313 0.8026 -0.2712
vn -0.3739 0.9214 -0.1059
vn 0.8636 0.3324 0.3791
vn -0.7481 -0.0071 -0.6635
vn 0.8338 0.4904 -0.2534
vn 0.5699 -0.7371 0.3632
vn -0.7241 0.4136 -0.5519
vn 0.7991 0.5148 -0.3104
vn 0.0156 -0.5567 0.8306
vn 0.8811 0.4094 0.2368
vn -0.6590 0.4022 -0.6356
vn 0.2054 -0.0832 0.9751
vn -0.5853 0.4125 -0.6981
vn 0.8548 0.2864 0.4327
vn -0.3160 -0.6155 -0.7220
vn -0.6639 -0.7470 0.0349
vn -0.4211 0.0793 -0.9035
vn 0.3112 -0.6853 -0.6584
vn -0.5180 0.4133 -0.7490
vn 0.3174 0.4080 -0.8560
vn -0.3895 0.3940 -0.8325
vn -0.2220 0.4644 -0.8573
vn 0.0433 0.4366 -0.8986
vn -0.6936 -0.0176 -0.7202
vn -0.6006 0.0084 -0.7995
vn 0.0881 0.5330 0.8415
vn -0.5166 -0.5800 0.6298
vn 0.0757 -0.5025 -0.8612
vn -0.6564 -0.2829 -0.6994
vn 0.0223 -0.5546 -0.8318
vn 0.0203 -0.8750 -0.4837
vn 0.2495 -0.9657 -0.0715
vn -0.1795 -0.8680 -0.4629
vn 0.0367 -0.9959 -0.0825
vn -0.3607 -0.1724 -0.9166
vn -0.2308 -0.3029 -0.9246
vn -0.1987 0.4982 -0.8440
vn 0.0286 0.0734 -0.9969
vn -0.0215 -0.0052 0.9998
vn -0.1861 0.0844 0.9789
vn 0.1787 -0.0569 0.9823
vn -0.2474 0.2627 0.9326
vn -0.0668 0.0152 0.9977
vn -0.5713 -0.3512 0.7418
vn -0.7460 -0.3441 0.5701
vn 0.8233 -0.0979 0.5591
vn 0.3395 0.1120 -0.9339
vn 0.6543 0.1192 -0.7468
vn 0.8750 -0.1142 0.4705
vn -0.9180 -0.3455 0.1947
vn -0.8693 -0.4111 0.2744
vn 0.9319 0.1026 0.3480
vn -0.9118 -0.4105 0.0131
vn 0.9413 0.1263 0.3132
vn -0.8561 -0.3687 -0.3622
vn 0.9345 0.2597 0.2432
vn -0.7180 0.5548 -0.4202
vn -0.2687 -0.7428 0.6132
vn -0.8513 -0.2726 -0.4484
vn -0.8789 0.2854 -0.3823
vn -0.0082 0.9674 -0.2533
vn 0.3244 0.9413 0.0938
vn -0.7418 0.5706 -0.3522
vn 0.7820 0.4532 0.4279
vn 0.4821 0.8755 -0.0336
vn 0.7464 0.5664 -0.3495
vn 0.4374 0.8709 0.2243
vn 0.0440 0.9914 -0.1233
vn -0.6408 -0.1512 -0.7527
vn -0.6765 -0.0164 -0.7363
vn 0.8493 0.3232 0.4173
vn 0.8837 0.2963 0.3623
vn -0.6559 0.6992 0.2845
vn 0.0790 0.9851 -0.1526
vn -0.8326 0.1802 -0.5237
vn 0.6572 0.5167 -0.5488
vn -0.2365 -0.9714 0.0196
vn -0.2788 -0.9602 -0.0156
vn 0.8752 0.0277 0.4830
vn -0.3223 -0.2652 -0.9087
vn 0.1470 0.4019 -0.9038
vn -0.1083 0.5363 -0.8371
vn -0.1682 -0.9848 0.0429
vn -0.2841 -0.9540 -0.0959
vn 0.1761 -0.8533 -0.4908
vn 0.0169 -0.8768 -0.4806
vn 0.3998 0.3096 -0.8627
vn -0.2087 -0.2987 -0.9312
vn 0.0451 -0.0139 -0.9989
vn -0.3559 -0.3132 0.8805
vn -0.1010 0.5122 -0.8529
vn -0.0275 0.0555 0.9981
vn -0.9441 0.2044 0.2585
vn 0.8190 -0.1036 0.5643
vn -0.8820 0.4540 -0.1259
vn -0.9111 -0.4119 0.0148
vn -0.7268 0.5552 -0.4044
vn -0.3999 0.8534 -0.3344
vn 0.4729 0.8809 0.0194
vn 0.8071 0.5864 -0.0691
vn 0.0061 0.9741 0.2262
vn 0.0197 0.9688 0.2469
vn 0.1113 -0.0999 0.9888
vn 0.2723 -0.9609 -0.0503
vn 0.1736 -0.9517 0.2532
vn 0.0636 -0.9364 0.3451
vn 0.0168 -0.9686 0.2479
vn -0.0948 0.2782 0.9558
vn -0.2438 -0.2494 -0.9372
vn -0.1357 -0.1195 -0.9835
vn -0.8233 -0.3096 0.4758
vn -0.9303 0.3645 -0.0411
vn 0.6814 -0.6173 0.3931
vn 0.2602 0.9587 0.1152
vn -0.1648 -0.8759 0.4535
vn 0.7086 0.7041 0.0455
vn 0.0158 0.9978 0.0640
vn -0.3170 -0.7466 0.5848
vn 0.0172 0.9984 0.0534
vn -0.0034 0.9975 0.0703
vn 0.8054 0.5885 -0.0709
vn 0.0150 0.9554 0.2950
vn -0.0148 0.9654 0.2604
vn 0.7805 0.5397 -0.3154
vn 0.0107 0.4459 0.8950
vn 0.0540 -0.0054 0.9985
vn -0.4883 -0.3511 0.7989
vn -0.0605 -0.9016 -0.4283
vn -0.9333 -0.2735 0.2328
vn -0.6870 0.6911 -0.2245
vn -0.8092 0.4916 -0.3218
vn -0.8820 -0.4486 -0.1447
vn 0.2282 0.9720 0.0560
vn -0.7321 0.5130 -0.4481
vn 0.6807 -0.5873 0.4379
vn -0.2295 0.8056 -0.5462
vn 0.2294 0.9646 0.1301
vn 0.2445 0.9627 0.1158
vn 0.6704 -0.4503 -0.5897
vn 0.5417 -0.6458 0.5381
vn -0.5494 0.6875 -0.4748
vn -0.0784 -0.8411 0.5352
vn 0.8980 0.3707 0.2370
vn 0.2592 0.9495 0.1766
vn 0.1794 0.9784 0.1028
vn -0.7129 0.5405 -0.4468
vn -0.2858 -0.7354 0.6144
vn 0.5780 0.7955 0.1818
vn 0.7161 0.6918 0.0932
vn -0.7506 0.5222 -0.4048
vn 0.4922 0.8127 0.3118
vn 0.1809 0.9824 0.0469
vn 0.5839 0.8031 0.1184
vn -0.8227 0.4156 -0.3877
vn -0.8833 0.4147 -0.2185
vn 0.6985 0.4182 0.5807
vn -0.8859 0.4632 0.0230
vn -0.6897 0.6797 0.2496
vn 0.4351 0.4753 0.7647
vn -0.1656 0.8142 0.5565
vn 0.2495 0.9593 -0.1325
vn -0.3598 0.8169 -0.4507
vn -0.2509 0.9636 -0.0926
vn -0.7502 0.3718 -0.5468
vn 0.0472 0.9772 0.2071
vn 0.1007 0.9723 0.2108
vn -0.0853 0.9457 0.3136
vn -0.0056 0.9240 0.3825
vn 0.0488 0.9894 0.1367
vn 0.7021 0.5639 -0.4348
vn -0.8497 0.4519 -0.2715
vn -0.2863 -0.9581 -0.0059
vn 0.2243 -0.0198 0.9743
vn 0.5742 0.6560 -0.4898
vn 0.3345 -0.9018 -0.2737
vn 0.1045 -0.6905 -0.7158
vn -0.2873 -0.6811 -0.6735
vn 0.0942 0.8931 -0.4399
vn -0.4204 -0.6588 -0.6239
vn -0.4484 -0.6671 -0.5949
vn -0.0534 0.4960 -0.8667
vn 0.0654 0.4119 -0.9089
vn -0.6949 -0.5988 -0.3982
vn 0.1856 -0.3727 0.9092
vn -0.1361 0.6880 0.7129
vn 0.5819 -0.3619 0.7283
vn -0.8490 0.3448 0.4005
vn 0.6579 -0.6130 -0.4376
vn -0.1491 -0.9280 -0.3414
vn 0.8979 0.2446 0.3660
vn 0.2079 0.9733 0.0970
vn 0.2584 0.9644 0.0560
vn 0.2439 0.9643 0.1033
vn 0.4728 -0.7890 0.3924
vn 0.8069 0.4788 0.3460
vn 0.0079 0.8863 -0.4630
vn -0.7253 0.4362 -0.5326
vn 0.0526 0.9635 0.2626
vn 0.8374 0.4603 0.2948
vn 0.2732 0.8961 0.3499
vn -0.7334 0.0406 -0.6786
vn -0.4918 0.5366 -0.6858
vn -0.3950 0.5898 -0.7044
vn 0.3665 0.4839 -0.7947
vn 0.2962 0.3324 -0.8954
vn -0.0581 -0.0410 0.9975
vn 0.2222 -0.0239 0.9747
vn 0.7385 -0.4368 -0.5136
vn 0.9225 0.2283 0.3112
vn 0.5617 0.7484 0.3526
vn 0.2244 -0.9548 0.1947
vn -0.7400 0.6572 -0.1428
vn 0.5885 0.6492 0.4819
vn -0.7520 0.5295 -0.3926
vn -0.3547 0.8223 -0.4450
vn -0.2525 0.9676 -0.0067
vn 0.3660 0.9036 0.2228
vn -0.4998 0.8264 0.2595
vn -0.2672 -0.9635 -0.0149
vn 0.5039 0.6065 -0.6150
vn 0.5671 -0.5405 0.6216
vn 0.2600 0.3129 -0.9135
vn -0.1451 0.2905 0.9458
vn -0.7178 0.1346 0.6831
vn 0.5459 -0.0334 0.8372
vn -0.1173 -0.0251 0.9928
vn -0.7154 0.3051 0.6286
vn -0.9230 -0.1255 -0.3638
vn 0.2178 0.9760 0.0059
vn 0.4886 0.8516 0.1898
vn 0.3242 -0.7643 0.5574
vn 0.8510 0.4819 0.2088
vn 0.6617 0.7167 0.2202
vn -0.8456 0.3862 -0.3685
vn -0.7885 0.4123 -0.4564
vn 0.8008 0.5456 0.2470
vn 0.3365 0.7227 0.6037
vn 0.2785 0.9062 0.3182
vn -0.0397 0.9986 -0.0358
vn -0.0320 0.9365 0.3492
vn -0.0574 0.9295 0.3643
vn -0.0822 0.9345 0.3463
vn -0.0250 0.9329 0.3592
vn -0.9473 0.2718 -0.1698
vn -0.5692 0.4964 -0.6554
vn -0.3867 -0.8535 -0.3494
vn 0.4709 0.0601 -0.8801
vn -0.8275 -0.3158 -0.4643
vn 0.3164 0.0542 0.9471
vn -0.1292 -0.2534 0.9587
vn 0.2330 0.2195 0.9474
vn 0.2156 0.1784 0.9601
vn 0.7376 -0.5558 -0.3834
vn 0.7366 -0.5649 -0.3718
vn 0.6470 -0.6315 -0.4273
vn 0.3218 -0.1989 -0.9257
vn 0.5434 -0.4559 -0.7049
vn -0.0122 0.9863 0.1646
vn -0.6272 -0.7065 -0.3278
vn 0.8559 0.1389 0.4981
vn -0.9693 -0.2251 0.0989
vn 0.8932 0.1884 0.4082
vn -0.9702 -0.2252 0.0892
vn -0.7777 0.6173 -0.1189
vn 0.8952 0.2332 0.3797
vn -0.9815 -0.1908 0.0138
vn 0.5649 0.6695 0.4822
vn 0.8833 0.3598 0.3004
vn -0.1394 0.5170 -0.8445
vn 0.6414 0.7433 0.1901
vn -0.3188 -0.8331 0.4520
vn -0.9208 -0.1365 -0.3654
vn -0.2881 -0.4443 0.8483
vn -0.1945 -0.5203 0.8315
vn -0.7198 0.5711 -0.3945
vn 0.7607 -0.6297 0.1572
vn 0.0580 0.0275 0.9979
vn -0.8814 -0.0911 -0.4635
vn 0.9981 0.0510 -0.0340
vn -0.8434 0.3607 -0.3982
vn 0.7886 0.5099 0.3436
vn 0.9814 -0.0784 -0.1752
vn -0.6956 0.6881 -0.2064
vn 0.7513 0.3196 0.5775
vn 0.0743 0.7444 0.6636
vn -0.7174 0.5006 -0.4845
vn 0.8213 0.4931 0.2869
vn 0.0462 0.9751 0.2168
vn -0.0559 0.9494 0.3090
vn 0.1109 0.1048 -0.9883
vn -0.6328 0.5413 -0.5537
vn -0.8465 0.4661 -0.2572
vn -0.5278 0.5197 -0.6719
vn 0.9676 -0.2519 0.0196
vn -0.4495 0.6318 -0.6315
vn -0.4547 -0.8141 -0.3614
vn 0.0526 -0.4297 -0.9014
vn -0.1385 -0.3943 -0.9085
vn -0.2907 0.7139 -0.6371
vn 0.1305 0.5619 -0.8169
vn -0.0620 0.6293 -0.7747
vn 0.9809 0.1508 -0.1228
vn 0.6373 0.1692 0.7518
vn -0.2091 -0.0155 0.9778
vn -0.5856 0.0769 0.8070
vn 0.1105 0.3476 0.9311
vn -0.6014 -0.0618 0.7966
vn 0.9970 0.0583 0.0514
vn -0.0580 -0.0837 -0.9948
vn 0.2323 0.2501 -0.9399
vn 0.5612 -0.4779 -0.6758
vn -0.2027 -0.0030 -0.9792
vn -0.3055 0.0282 0.9518
vn -0.4034 0.1567 0.9015
vn 0.3792 -0.2244 0.8977
vn -0.2567 -0.1234 0.9586
vn -0.3893 0.2499 0.8866
vn 0.2249 -0.2093 0.9516
vn 0.2819 -0.1002 0.9542
vn 0.3329 0.0509 0.9416
vn -0.1381 0.2499 0.9584
vn 0.1134 0.1246 0.9857
vn -0.0230 0.1607 0.9867
vn -0.2600 0.1967 0.9454
vn -0.7311 0.1165 0.6722
vn -0.4601 -0.2506 0.8518
vn -0.5120 -0.1868 0.8384
vn 0.1496 0.1826 0.9717
vn -0.9065 0.1197 0.4048
vn 0.9968 -0.0218 0.0765
vn 0.8183 -0.3925 0.4200
vn -0.6941 -0.2671 0.6684
vn -0.6078 -0.1349 0.7826
vn -0.7672 -0.2654 0.5840
vn 0.7592 -0.0154 0.6507
vn -0.8397 0.3708 0.3967
vn -0.8721 0.3873 0.2991
vn -0.8900 0.3947 0.2283
vn -0.9778 0.2026 0.0538
vn 0.6735 -0.6046 -0.4251
vn 0.8113 0.0162 0.5844
vn 0.6465 -0.6018 -0.4689
vn 0.1591 -0.2059 -0.9656
vn 0.8448 0.0236 0.5346
vn 0.5476 -0.4533 -0.7033
vn 0.6849 -0.6414 -0.3457
vn -0.8924 -0.2484 0.3767
vn -0.5809 -0.6442 -0.4976
vn -0.3084 -0.5394 -0.7836
vn 0.9264 0.1326 0.3525
vn -0.9037 0.4090 -0.1268
vn 0.7971 -0.1955 -0.5714
vn 0.7132 -0.3199 -0.6238
vn -0.7650 0.6085 -0.2111
vn -0.7915 0.5018 -0.3489
vn -0.9595 -0.2564 0.1164
vn -0.9669 -0.2531 -0.0321
vn -0.6932 0.6474 -0.3167
vn 0.9919 0.1231 0.0307
vn 0.8497 0.2976 0.4353
vn 0.2478 0.7439 -0.6206
vn -0.9805 -0.1940 -0.0320
vn -0.9874 -0.1392 -0.0753
vn -0.6267 0.7032 -0.3359
vn 0.5265 0.8500 0.0191
vn -0.6179 0.7056 -0.3469
vn 0.6479 0.7317 0.2119
vn -0.6583 0.7365 -0.1554
vn 0.8823 0.3589 0.3045
vn 0.8800 0.3618 0.3077
vn -0.9692 -0.1718 -0.1765
vn 0.6103 0.7130 0.3451
vn -0.4990 0.7751 -0.3875
vn -0.9962 0.0819 0.0307
vn -0.9372 -0.1710 -0.3038
vn -0.9276 -0.3430 0.1480
vn 0.5134 0.6060 -0.6076
vn 0.8757 0.4155 0.2459
vn -0.7178 0.2463 -0.6512
vn 0.5123 0.8137 0.2745
vn -0.1646 -0.8113 0.5609
vn 0.8224 0.5684 0.0231
vn 0.7315 0.6770 -0.0805
vn -0.3915 -0.7541 0.5274
vn 0.6272 0.6913 0.3586
vn 0.6254 -0.7458 0.2294
vn -0.9278 -0.1751 -0.3294
vn 0.7983 0.5235 0.2979
vn -0.7836 0.3247 -0.5297
vn -0.7058 0.3954 -0.5878
vn -0.9283 -0.1751 -0.3281
vn -0.9406 0.3395 -0.0053
vn -0.7021 -0.3652 0.6114
vn 0.8440 0.4884 0.2217
vn 0.6662 0.6681 0.3313
vn 0.8912 -0.4484 -0.0689
vn -0.7618 0.6101 -0.2176
vn -0.6246 0.6616 -0.4149
vn 0.7663 0.5078 0.3936
vn -0.8297 0.5057 -0.2365
vn 0.5937 0.7511 0.2887
vn -0.7366 0.6763 0.0061
vn 0.7221 0.6669 0.1837
vn 0.6355 0.4334 0.6390
vn 0.7698 0.5130 0.3797
vn 0.8633 -0.2740 -0.4239
vn -0.8063 0.4704 -0.3585
vn 0.7869 0.6002 0.1437
vn -0.8050 0.4719 -0.3596
vn -0.8107 -0.1302 -0.5708
vn 0.7177 0.5761 0.3911
vn -0.8439 0.4981 -0.1994
vn 0.8032 0.3854 0.4543
vn -0.8108 0.4983 -0.3070
vn -0.8225 -0.1200 -0.5559
vn -0.7673 0.4737 -0.4323
vn 0.6849 0.5733 0.4497
vn -0.8997 0.3946 -0.1868
vn 0.9460 -0.0283 -0.3229
vn -0.6944 -0.1109 -0.7110
vn -0.6208 -0.0252 -0.7836
vn -0.7068 0.4619 -0.5358
vn 0.8694 0.3866 -0.3078
vn -0.7641 0.5070 -0.3988
vn -0.8087 0.0541 -0.5857
vn -0.8104 0.4983 -0.3081
vn 0.5866 0.6507 0.4821
vn 0.5882 0.6504 0.4806
vn 0.3338 0.7855 -0.5211
vn -0.5978 0.0280 -0.8012
vn -0.7110 0.5981 0.3699
vn -0.3725 0.6259 -0.6853
vn -0.7090 0.5533 -0.4372
vn -0.4698 0.6856 0.5561
vn 0.8094 0.5829 -0.0714
vn -0.7620 0.1252 -0.6353
vn 0.3274 0.6785 0.6576
vn -0.6068 0.0631 -0.7923
vn -0.6686 0.1291 -0.7323
vn -0.1648 0.8099 0.5629
vn -0.2136 0.7630 0.6100
vn -0.6453 0.0698 -0.7607
vn -0.6703 0.5060 -0.5428
vn -0.7336 0.4645 -0.4961
vn 0.7864 0.5955 -0.1644
vn -0.6724 0.1993 -0.7128
vn 0.7790 0.6072 0.1567
vn -0.7179 0.4644 -0.5186
vn 0.7966 0.5553 -0.2388
vn -0.6780 0.4918 -0.5463
vn -0.6970 0.3181 -0.6427
vn -0.6976 0.5240 -0.4886
vn 0.3826 0.1238 0.9156
vn -0.1125 0.9629 0.2453
vn -0.0588 0.9265 0.3717
vn -0.6413 0.5567 -0.5280
vn 0.5545 0.7150 -0.4258
vn -0.4840 0.8689 0.1040
vn -0.7909 0.3474 -0.5038
vn -0.6424 0.5133 -0.5690
vn -0.5027 0.8641 0.0272
vn 0.7232 0.6690 0.1716
vn 0.7669 0.3775 -0.5190
vn -0.1076 -0.1237 0.9865
vn -0.1275 -0.1233 0.9841
vn -0.7464 0.3927 -0.5373
vn 0.3545 0.8599 -0.3674
vn -0.7681 -0.1144 -0.6301
vn 0.0444 -0.0655 0.9969
vn -0.2978 -0.1737 0.9387
vn 0.5556 0.5878 -0.5880
vn 0.3157 -0.1663 0.9342
vn 0.5042 0.6206 -0.6006
vn -0.6615 -0.2886 -0.6922
vn 0.5641 0.6701 -0.4825
vn 0.5193 0.5786 0.6289
vn 0.2469 0.0644 0.9669
vn 0.4194 0.3776 0.8255
vn -0.5625 0.5043 -0.6552
vn 0.2193 -0.0068 0.9756
vn 0.2115 -0.0065 0.9773
vn 0.0845 0.1193 0.9893
vn 0.9222 -0.2010 0.3303
vn -0.8694 0.4843 -0.0981
vn 0.1243 0.3280 -0.9364
vn 0.6464 -0.4942 0.5813
vn 0.8566 0.2772 0.4352
vn 0.6775 0.0928 0.7297
vn 0.7968 0.2818 -0.5344
vn 0.9972 0.0176 0.0730
vn 0.1594 0.8111 -0.5628
vn -0.6814 0.4033 -0.6108
vn 0.8626 0.1935 -0.4674
vn -0.0651 0.1677 -0.9837
vn -0.8620 0.0528 -0.5041
vn -0.4177 -0.5600 -0.7155
vn 0.1673 -0.6431 -0.7473
vn -0.1686 -0.2419 -0.9555
vn 0.0727 -0.5745 -0.8153
vn 0.3430 -0.0565 0.9376
vn 0.1006 -0.3104 -0.9453
vn 0.0268 0.3029 0.9527
vn -0.6085 0.2670 -0.7473
vn 0.2638 -0.2781 -0.9236
vn -0.3968 0.6149 -0.6815
vn -0.2314 -0.3951 -0.8890
vn -0.3742 -0.5574 -0.7411
vn -0.1349 0.7212 -0.6794
vn 0.2607 0.2786 -0.9243
vn -0.4433 -0.6397 -0.6279
vn 0.1465 0.5549 -0.8189
vn -0.4173 -0.4294 -0.8009
vn 0.3490 0.6341 -0.6901
vn -0.1868 0.6243 -0.7585
vn -0.4196 -0.4300 -0.7994
vn 0.0991 0.5880 -0.8028
vn 0.4367 0.3042 -0.8466
vn 0.1591 -0.0480 -0.9861
vn -0.5849 0.2318 -0.7773
vn -0.7460 0.0572 0.6635
vn -0.0927 0.3940 0.9144
vn 0.5483 -0.6089 0.5733
vn 0.6069 0.2241 0.7625
vn -0.9661 0.2571 -0.0251
vn -0.9689 0.2461 -0.0262
vn -0.9689 0.2472 -0.0124
vn 0.2943 0.1779 0.9390
vn -0.3470 0.1632 0.9235
vn -0.4468 -0.0576 0.8928
vn 0.2513 0.4102 0.8767
vn -0.0407 0.4789 0.8769
vn 0.0481 0.1609 0.9858
vn -0.7428 0.0692 0.6660
vn 0.2154 0.1601 -0.9633
vn -0.5473 0.0993 0.8310
vn -0.6612 0.2474 0.7083
vn 0.1906 0.1071 -0.9758
vn -0.9543 -0.2924 -0.0609
vn 0.9965 0.0336 0.0766
vn -0.4771 -0.3491 0.8066
vn 0.0780 -0.6648 -0.7429
vn -0.1033 -0.6854 -0.7208
vn 0.2488 0.1342 0.9592
vn 0.2248 -0.5429 -0.8092
vn -0.2765 -0.5666 -0.7762
vn 0.0200 -0.5877 -0.8088
vn -0.6264 -0.7559 0.1902
vn -0.6481 -0.5711 -0.5038
vn 0.8943 0.2808 0.3484
vn 0.2028 -0.8569 -0.4740
vn -0.8294 -0.5585 -0.0093
vn 0.2965 -0.4563 -0.8389
vn 0.0332 0.1957 -0.9801
vn 0.4030 -0.1210 -0.9072
vn 0.0560 0.2277 -0.9721
vn -0.8907 -0.2315 -0.3912
vn -0.8663 -0.1527 -0.4755
vn 0.3402 -0.4459 -0.8279
vn 0.2573 -0.2589 -0.9310
vn 0.0762 0.0414 -0.9962
vn -0.4029 -0.0493 -0.9139
vn -0.0301 0.0397 -0.9988
vn 0.3193 0.4277 -0.8457
vn -0.3684 -0.0544 -0.9281
vn -0.1274 0.0659 -0.9897
vn 0.0981 0.2753 -0.9563
vn 0.3401 0.3652 -0.8665
vn -0.0539 0.0715 -0.9960
vn -0.1377 0.1541 -0.9784
vn 0.0409 0.1390 -0.9894
vn -0.3949 0.0157 0.9186
vn -0.0951 0.3130 0.9450
vn 0.2284 0.0134 0.9735
vn -0.2653 0.1598 0.9508
vn -0.0078 0.0879 0.9961
vn -0.1819 0.2042 -0.9619
vn 0.4108 0.0446 0.9107
vn 0.2995 0.2214 0.9280
vn -0.3307 0.0549 0.9421
vn 0.3364 0.0531 0.9402
vn 0.1357 0.0400 0.9899
vn 0.2413 0.1321 0.9614
vn -0.3074 0.1174 0.9443
vn -0.3648 0.0523 0.9296
vn -0.0817 0.3592 0.9297
vn 0.1191 -0.0759 0.9900
vn -0.4370 -0.2599 0.8611
vn 0.7858 0.2344 0.5724
vn 0.9928 0.1195 0.0064
vn 0.8906 -0.4270 -0.1568
vn 0.7520 0.0010 0.6591
vn -0.6899 -0.1517 0.7078
vn -0.8374 -0.2470 0.4876
vn 0.7371 -0.5649 -0.3708
vn 0.8016 -0.0230 0.5974
vn 0.8233 0.0090 0.5675
vn -0.0484 -0.4984 -0.8656
vn 0.8239 0.0567 0.5639
vn -0.8892 -0.2294 0.3959
vn 0.7158 -0.4108 -0.5646
vn -0.5726 -0.5551 -0.6034
vn -0.2233 -0.4376 -0.8710
vn -0.9062 0.4229 -0.0007
vn -0.9063 0.4227 -0.0004
vn -0.9298 -0.2585 0.2621
vn 0.6457 -0.4073 -0.6459
vn 0.6716 -0.3166 -0.6699
vn -0.9178 -0.3262 0.2264
vn 0.9487 0.1911 0.2520
vn 0.9929 0.1191 0.0007
vn 0.9582 -0.1707 -0.2295
vn 0.9074 0.2585 0.3314
vn 0.8839 0.2296 0.4075
vn 0.1800 0.9551 -0.2351
vn 0.9926 0.1181 0.0274
vn 0.1500 0.9648 -0.2161
vn -0.5497 0.6331 -0.5449
vn 0.9189 0.3084 0.2462
vn 0.4069 0.9106 0.0718
vn -0.5530 -0.7649 0.3302
vn 0.0929 0.5046 -0.8583
vn 0.1181 0.5295 -0.8400
vn -0.4429 0.1953 -0.8750
vn -0.8310 0.3430 -0.4379
vn 0.4380 0.7074 0.5548
vn -0.4960 0.4882 -0.7181
vn 0.2391 -0.8420 0.4836
vn -0.9547 -0.1779 -0.2385
vn 0.7014 0.5520 -0.4510
vn -0.6375 0.6701 -0.3803
vn 0.5549 0.7721 0.3098
vn 0.4089 -0.8533 0.3235
vn -0.6491 0.7165 -0.2555
vn -0.5686 0.7170 -0.4031
vn -0.8277 0.3868 -0.4065
vn -0.7854 -0.4955 0.3710
vn 0.7646 -0.6302 0.1347
vn -0.5885 0.6222 -0.5163
vn 0.5814 0.6877 0.4347
vn 0.8598 0.4994 0.1068
vn -0.6791 0.7096 -0.1875
vn -0.8455 0.3607 -0.3936
vn -0.8378 0.3138 -0.4468
vn 0.8432 0.5310 0.0843
vn 0.6806 0.6804 0.2718
vn -0.8844 -0.2305 -0.4058
vn -0.7889 -0.1236 -0.6019
vn 0.8116 0.5135 0.2784
vn -0.8463 0.3899 -0.3629
vn 0.6500 0.6743 0.3505
vn -0.8897 0.3543 -0.2880
vn 0.9518 -0.3064 0.0124
vn 0.7083 -0.4478 -0.5457
vn -0.8323 0.4256 -0.3550
vn 0.7873 0.3851 0.4815
vn 0.7974 0.5121 0.3192
vn 0.7210 0.6633 0.2004
vn -0.7857 -0.0652 -0.6152
vn -0.8440 0.5060 -0.1779
vn -0.8556 -0.0781 -0.5117
vn 0.7984 0.3461 0.4928
vn 0.6951 0.6456 0.3163
vn 0.7669 0.5017 0.4001
vn -0.7883 0.4531 -0.4163
vn 0.8052 0.5882 0.0760
vn 0.8020 0.5931 0.0709
vn 0.8046 0.5923 -0.0419
vn -0.7030 0.5519 -0.4486
vn -0.7592 -0.0069 -0.6508
vn -0.8587 0.5120 0.0239
vn -0.5452 0.6891 -0.4774
vn 0.7140 0.5726 0.4029
vn 0.2695 0.7060 -0.6549
vn 0.7946 0.4290 0.4296
vn -0.1613 0.8052 -0.5706
vn -0.7353 0.6400 0.2228
vn 0.8093 0.4513 0.3759
vn 0.3996 0.6848 0.6094
vn -0.4980 0.7176 0.4869
vn -0.6765 0.4578 -0.5768
vn 0.3612 0.7058 0.6094
vn 0.8208 0.4322 0.3735
vn 0.8124 0.4959 0.3067
vn -0.5864 0.1187 -0.8013
vn -0.6675 0.1998 -0.7174
vn 0.6994 0.6378 -0.3226
vn 0.6373 0.7277 -0.2535
vn -0.0923 -0.0964 0.9911
vn -0.1096 -0.0793 0.9908
vn 0.7190 0.6734 -0.1717
vn -0.0542 0.9564 0.2870
vn -0.0270 0.9351 0.3535
vn -0.0255 0.9351 0.3534
vn -0.0123 0.9274 0.3740
vn 0.0915 0.0805 -0.9926
vn -0.1025 0.9797 0.1721
vn 0.7821 0.6190 0.0714
vn -0.0175 0.9933 0.1142
vn 0.9614 -0.0234 -0.2740
vn 0.7242 0.6041 -0.3324
vn -0.3211 0.9313 0.1721
vn 0.8146 0.5781 0.0474
vn -0.4283 -0.6353 0.6426
vn 0.3030 -0.0563 0.9513
vn -0.5791 0.7995 0.1593
vn -0.3497 0.3965 0.8488
vn -0.9070 0.4193 0.0384
vn 0.7255 0.6751 0.1340
vn -0.8734 0.4839 0.0543
vn 0.2111 -0.1460 0.9665
vn 0.6865 0.6958 0.2112
vn 0.3902 -0.1597 0.9068
vn -0.4054 -0.8755 -0.2629
vn -0.0735 0.1712 0.9825
vn 0.0576 0.7586 -0.6490
vn -0.3675 -0.8439 -0.3908
vn -0.6828 0.5088 -0.5243
vn -0.5138 0.6008 -0.6124
vn 0.5688 0.6149 -0.5462
vn -0.1385 -0.0788 -0.9872
vn -0.2700 0.7266 -0.6318
vn 0.2321 0.5122 -0.8269
vn 0.3841 0.6327 -0.6724
vn 0.2521 0.6605 -0.7072
vn 0.9489 0.2718 -0.1601
vn 0.9260 0.3767 -0.0268
vn -0.3303 0.5900 0.7367
vn 0.3592 0.5164 -0.7774
vn -0.2468 -0.2340 -0.9404
vn -0.1462 0.6265 -0.7655
vn 0.1506 0.5786 -0.8016
vn -0.2685 -0.1004 -0.9580
vn -0.3466 -0.0055 -0.9380
vn 0.9929 0.0959 -0.0700
vn -0.4014 -0.0092 -0.9159
vn 0.2069 0.0573 0.9767
vn -0.0001 0.0630 0.9980
vn 0.3498 0.5506 0.7579
vn 0.0124 0.5773 0.8164
vn 0.0640 0.5559 0.8288
vn 0.5887 0.7919 -0.1622
vn 0.6616 0.7492 -0.0316
vn -0.6226 0.2366 0.7459
vn 0.3527 0.9266 -0.1306
vn 0.2631 0.9634 -0.0510
vn 0.0691 0.1339 0.9886
vn 0.0696 -0.6576 -0.7502
vn 0.4091 -0.6075 -0.6809
vn -0.2045 -0.7611 -0.6155
vn -0.1559 -0.7348 -0.6601
vn 0.5805 0.5368 0.6123
vn 0.5127 -0.7020 -0.4943
vn -0.7975 -0.5946 -0.1020
vn 0.2537 -0.8437 -0.4731
vn -0.1848 -0.6513 -0.7360
vn -0.5483 -0.3357 -0.7660
vn 0.1539 -0.3630 -0.9190
vn 0.0925 -0.3559 -0.9299
vn -0.0294 -0.4504 -0.8923
vn -0.0453 -0.0830 -0.9955
vn 0.8585 -0.2876 -0.4245
vn 0.2164 -0.2628 -0.9403
vn 0.1528 0.3854 -0.9100
vn 0.0700 0.2402 -0.9682
vn 0.0352 0.2376 -0.9707
vn 0.0777 0.0887 0.9930
vn 0.1080 -0.0143 0.9941
vn 0.1760 -0.2561 0.9505
vn -0.0347 -0.0071 0.9994
vn -0.3165 -0.1171 0.9414
vn 0.1776 0.0867 0.9803
vn -0.2432 0.3416 0.9078
vn 0.1511 0.2159 0.9647
vn 0.1498 0.1656 0.9747
vn 0.1717 0.1305 0.9765
vn -0.1451 -0.0847 0.9858
vn -0.0278 0.0932 0.9953
vn 0.0483 0.2392 0.9698
vn 0.6630 -0.0074 0.7486
vn -0.8805 0.3183 0.3514
vn -0.8346 -0.2666 0.4821
vn -0.9003 0.4027 0.1649
vn 0.4832 -0.5600 -0.6730
vn 0.9210 -0.0221 0.3890
vn 0.5650 -0.4520 -0.6902
vn -0.9119 -0.2889 0.2915
vn -0.8911 -0.2972 0.3428
vn 0.8291 -0.5585 0.0260
vn 0.6408 0.6873 0.3420
vn -0.5469 0.7508 -0.3705
vn 0.4750 0.5670 -0.6730
vn -0.5846 0.7739 -0.2436
vn -0.4377 -0.7380 0.5136
vn 0.9084 0.3690 0.1965
vn -0.7859 0.2470 -0.5669
vn 0.5629 0.7257 0.3956
vn -0.4092 -0.7351 0.5406
vn -0.6450 0.6776 -0.3534
vn 0.5690 0.6976 0.4354
vn 0.8193 0.4669 0.3327
vn -0.8983 -0.1261 -0.4210
vn 0.8753 0.4398 0.2011
vn -0.9189 0.2748 -0.2829
vn -0.7706 0.6269 -0.1148
vn 0.7220 0.6917 0.0159
vn -0.7363 0.4058 -0.5414
vn -0.8302 0.5227 -0.1938
vn 0.8927 0.2814 0.3520
vn 0.8076 0.5887 -0.0368
vn 0.3940 0.7164 -0.5758
vn 0.7471 0.4304 0.5065
vn -0.6188 0.0474 -0.7841
vn 0.8046 0.5904 -0.0633
vn -0.6711 0.0301 -0.7407
vn 0.3896 0.4580 0.7990
vn -0.0296 0.9572 0.2880
vn 0.1425 0.0333 0.9892
vn -0.8788 0.4723 0.0683
vn 0.0285 0.9963 0.0811
vn -0.1125 0.9926 -0.0461
vn 0.2159 -0.1412 0.9661
vn -0.4917 0.1205 0.8624
vn -0.2908 0.2637 0.9197
vn -0.0223 0.1213 0.9924
vn -0.3291 0.5350 -0.7781
vn 0.3966 0.5699 -0.7197
vn 0.4780 0.6522 -0.5883
vn -0.9448 -0.1347 -0.2988
vn 0.0637 0.3150 0.9469
vn 0.2261 0.0911 0.9698
vn -0.2494 0.7012 -0.6679
vn -0.2725 0.7177 -0.6408
vn 0.1668 0.6714 -0.7221
vn -0.1345 0.6394 -0.7570
vn 0.0365 0.6513 -0.7580
vn -0.0224 0.4793 0.8774
vn -0.1570 0.3649 0.9177
vn 0.2419 0.1551 -0.9578
vn 0.1285 -0.8740 -0.4686
vn -0.1506 -0.6744 -0.7229
vn 0.2674 0.4158 -0.8693
vn 0.1150 0.1435 -0.9829
vn -0.1510 -0.0278 0.9882
vn 0.0733 0.9958 0.0551
vn -0.1116 0.9802 -0.1634
vn 0.8866 -0.4397 -0.1439
vn 0.7645 -0.5300 -0.3670
vn -0.8432 -0.2752 0.4618
vn -0.8655 0.4537 0.2122
vn -0.8958 0.4210 0.1428
vn 0.0031 -0.9085 -0.4178
vn 0.2339 -0.9564 -0.1751
vn 0.8728 0.0655 0.4836
vn 0.8858 0.1187 0.4487
vn -0.8034 0.5147 -0.2993
vn -0.7090 0.6354 -0.3058
vn -0.9586 -0.1358 -0.2501
vn 0.8869 0.4330 0.1613
vn 0.6462 0.6811 0.3443
vn -0.7876 0.4718 -0.3964
vn -0.7424 0.6687 0.0405
vn 0.7380 0.3386 -0.5838
vn 0.2743 0.7692 -0.5772
vn 0.2391 0.8029 -0.5461
vn -0.8245 0.4501 -0.3431
vn 0.8099 0.4313 0.3975
vn -0.2150 0.7855 0.5803
vn 0.0811 0.7513 0.6550
vn 0.0449 0.7523 0.6573
vn -0.0622 0.7221 0.6890
vn 0.6516 0.7457 -0.1393
vn -0.6313 0.5912 -0.5019
vn -0.0155 0.9579 0.2866
vn -0.2050 0.9387 0.2771
vn -0.0462 -0.0571 0.9973
vn 0.2038 0.0363 0.9783
vn 0.1957 -0.0568 0.9790
vn -0.4742 0.7108 -0.5195
vn 0.6722 0.6100 -0.4196
vn -0.4687 -0.8769 0.1064
vn -0.2788 0.9511 -0.1328
vn 0.1274 -0.5881 0.7987
vn 0.3359 0.7840 -0.5220
vn -0.3053 -0.2291 -0.9243
vn 0.2112 0.9649 0.1560
vn 0.1754 0.9806 0.0872
vn -0.1822 0.8266 -0.5326
vn -0.0884 0.6492 -0.7554
vn -0.4374 -0.2189 -0.8722
vn -0.0721 0.0565 0.9958
vn -0.1113 0.1800 0.9773
vn -0.1126 -0.7806 -0.6149
vn 0.2284 0.9692 0.0917
vn 0.0203 -0.9428 -0.3327
vn 0.2769 -0.8766 -0.3936
vn -0.2567 -0.0050 -0.9665
vn 0.1986 0.3470 -0.9166
vn 0.2259 -0.7518 -0.6195
vn -0.1983 -0.9707 -0.1358
vn 0.0230 0.1565 -0.9874
vn -0.0642 0.0156 0.9978
vn -0.2685 -0.1667 0.9487
vn 0.3699 -0.0073 0.9291
vn 0.2006 0.9524 0.2294
vn -0.0333 -0.6574 -0.7528
vn -0.4625 0.8443 -0.2705
vn -0.9513 -0.1418 -0.2736
vn 0.8846 -0.4459 -0.1363
vn 0.6865 0.7016 0.1907
vn -0.7098 0.6640 -0.2352
vn -0.1690 0.9102 -0.3780
vn -0.8329 0.5522 -0.0369
vn 0.5648 0.6265 0.5371
vn 0.0929 0.7425 0.6634
vn 0.0537 -0.8173 -0.5737
vn 0.8025 0.5787 -0.1454
vn -0.5787 0.7405 -0.3417
vn 0.5367 0.7679 -0.3496
vn -0.0253 0.9469 0.3205
vn 0.0111 0.9591 0.2828
vn -0.0417 0.9471 0.3183
vn -0.1943 0.9799 -0.0456
vn -0.1682 -0.9595 -0.2260
vn -0.2770 0.9601 0.0398
vn 0.0197 0.9954 -0.0934
vn -0.1428 -0.0185 0.9896
vn 0.2216 -0.7893 -0.5726
vn -0.3230 -0.1239 -0.9383
vn 0.2692 -0.0913 -0.9588
vn -0.9188 0.3002 0.2563
vn 0.5977 -0.3258 -0.7325
vn 0.7042 -0.3499 -0.6178
vn 0.6295 0.7729 -0.0801
vn 0.4963 0.8376 0.2284
vn -0.4138 -0.7380 0.5331
vn -0.3058 -0.8902 0.3378
vn 0.5612 0.7581 0.3322
vn 0.7976 0.5597 0.2249
vn 0.8014 0.5562 0.2200
vn 0.7583 0.2625 -0.5967
vn -0.3491 0.7744 -0.5276
vn 0.4563 0.7794 0.4294
vn 0.3608 0.7830 0.5067
vn 0.6748 0.7195 -0.1642
vn 0.7379 0.6063 0.2964
vn -0.4921 0.6586 -0.5693
vn -0.5645 0.6386 -0.5230
vn -0.0761 -0.9893 0.1244
vn -0.0846 0.9956 0.0399
vn -0.0373 0.9989 -0.0291
vn 0.1684 0.9612 0.2186
vn 0.1614 0.9611 0.2243
vn -0.0524 0.9883 -0.1431
vn -0.2611 0.7788 -0.5704
vn 0.3579 0.5976 0.7175
vn 0.3750 0.6088 0.6991
vn 0.2748 0.8407 -0.4666
vn 0.1339 -0.9900 -0.0443
vn -0.3361 -0.6346 -0.6959
vn -0.3136 -0.1014 -0.9441
vn 0.2499 0.9659 -0.0685
vn 0.2861 0.9518 -0.1104
vn 0.1470 0.4896 -0.8594
vn -0.1391 0.1455 -0.9795
vn 0.0515 -0.9920 0.1150
vn 0.4065 -0.8915 -0.2000
vn 0.1667 -0.3295 0.9293
vn 0.7585 -0.5292 0.3804
vn -0.2605 -0.8067 -0.5304
vn 0.1612 0.8714 -0.4634
vn -0.4508 0.8139 -0.3665
vn 0.0662 -0.8784 0.4733
vn 0.2470 -0.9151 0.3188
vn -0.3253 -0.8783 0.3504
vn -0.5334 0.8255 -0.1846
vn 0.5439 0.7408 0.3941
vn -0.9341 0.3183 -0.1617
vn 0.7748 0.4102 0.4810
vn -0.7156 0.5543 -0.4250
vn 0.7685 0.5431 0.3381
vn -0.2934 0.7616 0.5778
vn 0.5099 0.7970 -0.3238
vn 0.3299 0.8813 -0.3383
vn -0.3626 -0.9075 -0.2119
vn -0.3468 -0.8762 -0.3347
vn -0.3097 -0.8866 -0.3435
vn -0.2262 0.8362 -0.4996
vn 0.1054 0.8065 -0.5818
vn 0.2871 0.9423 0.1724
vn -0.5622 0.8264 0.0331
vn 0.2709 0.9497 0.1573
vn 0.0713 0.8574 0.5096
vn -0.0688 0.5224 0.8499
vn -0.2053 -0.8790 -0.4304
vn 0.0193 -0.9153 -0.4024
vn 0.2043 0.9508 0.2328
vn 0.4483 0.8933 0.0322
vn -0.5607 0.7168 -0.4146
vn -0.3173 -0.8266 0.4647
vn -0.4655 0.8502 -0.2459
vn 0.8093 0.4148 -0.4159
vn -0.4186 -0.7497 0.5126
vn -0.5335 0.8261 -0.1817
vn 0.7363 -0.6644 0.1281
vn 0.8602 -0.5097 -0.0139
vn 0.5861 0.7236 0.3645
vn -0.6171 0.7613 -0.1989
vn -0.7965 0.4478 -0.4063
vn 0.6936 0.6926 0.1983
vn -0.6891 0.6000 -0.4063
vn 0.6845 0.7215 0.1046
vn 0.7819 0.4750 0.4038
vn 0.7001 0.7129 -0.0396
vn 0.6698 0.7376 -0.0858
vn -0.6200 0.7264 -0.2968
vn 0.7796 0.5727 0.2534
vn 0.2670 0.7322 0.6266
vn 0.4314 0.8855 0.1727
vn -0.2266 0.9731 -0.0427
vn -0.3124 0.7940 -0.5215
vn -0.1987 0.8413 -0.5027
vn 0.2345 0.8496 -0.4723
vn -0.3233 0.7885 -0.5233
vn -0.1259 0.8379 -0.5311
vn -0.1513 0.8197 -0.5524
vn 0.4037 0.9107 0.0873
vn 0.0945 0.7956 -0.5983
vn 0.1877 0.7882 -0.5861
vn 0.3271 0.9293 0.1717
vn -0.0774 0.8219 -0.5643
vn 0.0584 0.8056 -0.5896
vn 0.0028 0.8597 -0.5109
vn 0.5292 0.8477 -0.0359
vn 0.3276 0.9317 0.1567
vn 0.2411 0.9565 0.1642
vn 0.2698 0.8376 0.4751
vn -0.1374 0.2801 0.9501
vn 0.3580 0.9310 0.0716
vn 0.3967 -0.8720 -0.2866
vn -0.2091 -0.7000 -0.6829
vn 0.0709 -0.8891 -0.4523
vn 0.0444 -0.9930 -0.1093
vn -0.7382 0.4371 0.5138
vn 0.8303 0.3791 0.4086
vn 0.2764 0.9037 -0.3269
vn -0.6774 0.6674 -0.3094
vn 0.6102 0.7602 0.2233
vn -0.3861 0.1594 -0.9086
vn 0.8068 0.5476 0.2219
vn 0.8954 0.4350 -0.0953
vn 0.4591 0.8344 0.3048
vn 0.3108 0.9097 -0.2754
vn -0.6000 0.7380 0.3088
vn -0.7091 0.6629 -0.2403
vn 0.6965 0.7082 0.1160
vn 0.6375 0.6482 0.4165
vn 0.6939 0.6288 0.3509
vn 0.6681 0.7405 -0.0727
vn -0.7170 0.5789 -0.3882
vn 0.6720 0.7359 -0.0836
vn -0.5382 0.4609 -0.7056
vn -0.4829 0.8039 0.3472
vn 0.2171 0.9758 0.0249
vn 0.1963 -0.0798 0.9773
vn 0.4071 0.8176 -0.4072
vn -0.1967 -0.9491 -0.2459
vn -0.2175 -0.9514 -0.2179
vn 0.0157 0.9766 0.2147
vn -0.3615 -0.8651 -0.3477
vn 0.4312 0.8971 0.0965
vn -0.3558 -0.6269 -0.6931
vn -0.1101 0.8419 -0.5282
vn 0.1185 0.9351 0.3340
vn 0.2604 0.9605 -0.0985
vn 0.2723 0.9560 -0.1087
vn 0.2710 0.9612 -0.0519
vn 0.1810 0.9685 -0.1711
vn 0.2427 -0.7058 -0.6656
vn -0.1133 0.2651 -0.9576
vn 0.1429 0.3549 -0.9239
vn -0.2988 -0.6923 -0.6568
vn -0.3673 -0.6408 -0.6741
vn 0.1302 -0.0291 0.9911
vn 0.2248 -0.1052 0.9687
vn -0.0706 -0.9970 0.0319
vn 0.0003 -0.9985 -0.0552
vn 0.8242 -0.0153 0.5661
vn 0.1989 0.9396 0.2786
vn 0.4731 0.8774 0.0793
vn 0.8142 0.5456 0.1987
vn 0.9007 0.3696 0.2284
vn 0.6774 0.5565 0.4810
vn 0.2756 0.6958 -0.6632
vn 0.5460 0.8356 -0.0599
vn -0.4534 0.7555 -0.4730
vn 0.5162 0.8143 -0.2656
vn -0.6544 0.6485 -0.3889
vn 0.5607 0.8266 0.0488
vn -0.2148 0.8433 -0.4927
vn -0.0892 0.2798 0.9559
vn 0.2783 0.9594 -0.0452
vn 0.2524 -0.8545 -0.4539
vn -0.1102 -0.8071 -0.5801
vn -0.8919 -0.3380 0.3004
vn -0.9282 -0.1601 -0.3360
vn -0.7027 -0.4219 0.5729
vn 0.8879 0.2608 0.3790
vn -0.2322 -0.8921 0.3877
vn 0.5087 0.8011 0.3154
vn -0.4787 0.8104 0.3377
vn 0.5885 0.7279 0.3518
vn 0.8072 0.4942 0.3228
vn -0.9210 0.3556 -0.1592
vn 0.5625 0.5738 -0.5953
vn -0.3490 0.8809 -0.3198
vn -0.6211 0.6506 -0.4370
vn 0.6771 0.0094 0.7359
vn 0.4726 0.7454 0.4701
vn -0.5638 0.4284 -0.7061
vn -0.6294 0.6059 -0.4866
vn -0.4724 0.7032 -0.5313
vn -0.2670 0.8390 -0.4741
vn -0.5434 0.8393 -0.0158
vn 0.2887 0.9138 -0.2856
vn 0.2861 0.8095 -0.5127
vn 0.1684 0.9793 0.1125
vn 0.1436 0.8600 -0.4897
vn 0.5979 -0.1388 -0.7894
vn -0.3249 0.0927 -0.9412
vn 0.4970 0.8500 -0.1746
vn -0.1588 -0.0253 0.9870
vn 0.2709 0.9578 -0.0958
vn 0.1503 0.3651 -0.9188
vn -0.0162 0.2584 -0.9659
vn -0.0892 0.3473 -0.9335
vn 0.0512 0.3760 -0.9252
vn 0.8683 0.4902 0.0764
vn -0.1027 0.2459 0.9638
vn 0.1209 0.0549 0.9911
vn 0.2865 -0.3165 0.9043
vn 0.1645 -0.1985 0.9662
vn 0.3238 -0.0278 0.9457
vn -0.3567 -0.1625 0.9200
vn 0.1790 -0.0218 0.9836
vn -0.2517 0.2565 0.9332
vn -0.6956 0.0445 0.7170
vn 0.5717 0.5849 0.5754
vn 0.7645 -0.5298 -0.3673
vn 0.8075 -0.4296 -0.4043
vn -0.0575 0.9941 0.0920
vn -0.8476 0.5228 0.0907
vn 0.5063 -0.4445 -0.7389
vn -0.9844 -0.1751 -0.0179
vn 0.6666 -0.4060 -0.6251
vn 0.8477 0.4263 0.3157
vn -0.9236 -0.3358 -0.1848
vn 0.3141 0.4415 -0.8405
vn 0.5712 0.5894 -0.5713
vn -0.6879 0.5387 -0.4864
vn 0.6166 0.6968 -0.3663
vn 0.7275 0.6860 0.0092
vn 0.4043 0.9110 0.0818
vn -0.7884 -0.5492 -0.2773
vn 0.4396 -0.8151 0.3773
vn 0.4585 0.8561 0.2384
vn -0.4433 0.2176 -0.8696
vn 0.4841 0.1452 -0.8629
vn 0.7770 0.6035 0.1789
vn 0.8481 0.4060 -0.3405
vn 0.7777 0.6026 0.1790
vn 0.7771 0.6030 0.1805
vn -0.7666 0.3492 -0.5389
vn 0.8417 0.5391 -0.0309
vn 0.3701 0.8794 0.2997
vn -0.9928 0.1176 -0.0227
vn -0.9668 0.2312 -0.1091
vn 0.8012 0.5777 0.1559
vn -0.0272 -0.1545 -0.9876
vn 0.9137 0.3453 0.2144
vn 0.9017 0.3664 0.2295
vn -0.6125 0.7755 -0.1529
vn 0.3544 0.8960 0.2674
vn -0.5038 0.8501 -0.1533
vn 0.5639 0.7601 0.3228
vn -0.9269 0.3643 -0.0906
vn 0.5113 0.8592 0.0202
vn -0.5745 0.8108 -0.1120
vn 0.5002 0.8558 0.1322
vn -0.7122 0.5829 -0.3912
vn 0.7118 0.5948 -0.3735
vn -0.5882 0.7976 -0.1333
vn 0.5034 0.7411 0.4442
vn -0.6066 0.2826 -0.7431
vn -0.4537 0.7226 -0.5214
vn -0.4761 0.3275 -0.8161
vn -0.6510 0.6955 -0.3042
vn 0.5233 0.8348 -0.1710
vn -0.5155 0.7736 -0.3685
vn -0.2865 0.8060 0.5179
vn 0.3014 0.8593 0.4133
vn 0.0714 0.8438 0.5319
vn -0.6621 0.4636 -0.5888
vn 0.4356 -0.8274 0.3545
vn -0.5701 0.7293 -0.3783
vn -0.5473 0.5183 -0.6572
vn -0.6405 0.5778 -0.5059
vn -0.2308 0.7619 -0.6051
vn -0.3135 0.8711 -0.3781
vn 0.3681 0.8693 -0.3300
vn 0.1395 0.0747 0.9874
vn 0.2030 -0.0511 0.9778
vn 0.4864 0.8723 0.0498
vn 0.4965 0.8335 0.2425
vn 0.2219 0.8855 -0.4083
vn -0.1873 0.9426 -0.2766
vn -0.3376 -0.7346 -0.5886
vn -0.0070 0.9529 -0.3031
vn -0.1921 0.8474 -0.4950
vn 0.0170 0.8990 -0.4376
vn -0.1193 0.9469 -0.2986
vn 0.0496 0.9477 -0.3152
vn 0.0506 -0.3023 -0.9519
vn -0.4194 0.2245 -0.8796
vn -0.3944 0.2198 -0.8923
vn 0.5771 0.7925 0.1974
vn -0.7501 0.2577 -0.6090
vn -0.2034 -0.0842 0.9755
vn -0.1938 0.0036 0.9810
vn 0.2384 0.9121 0.3335
vn 0.0217 0.6745 0.7380
vn 0.3041 0.9348 0.1836
vn 0.5658 0.8048 -0.1796
vn 0.1273 0.3958 -0.9095
vn -0.0945 0.6458 -0.7577
vn 0.2555 -0.6899 -0.6773
vn 0.7681 0.4354 -0.4696
vn 0.9489 0.1547 -0.2750
vn 0.3657 -0.7476 -0.5545
vn -0.1027 -0.5549 -0.8256
vn -0.0370 0.2932 -0.9553
vn -0.4543 -0.0917 -0.8861
vn -0.2932 0.0043 0.9561
vn 0.0792 -0.0244 0.9966
vn 0.0014 -0.0354 0.9994
vn -0.3786 0.2589 0.8886
vn -0.1589 0.0196 0.9871
vn -0.3315 0.0478 0.9423
vn 0.3694 0.0374 0.9285
vn -0.0646 -0.1976 0.9782
vn 0.1495 -0.0291 0.9883
vn 0.1331 0.0180 0.9909
vn -0.1864 0.1881 0.9643
vn 0.0264 -0.0840 0.9961
vn 0.6231 0.3318 0.7083
vn -0.0061 -0.1663 0.9861
vn -0.9201 0.2389 0.3105
vn -0.6792 0.0239 0.7335
vn -0.9151 -0.3466 -0.2061
vn 0.8721 0.3345 0.3571
vn 0.7677 0.2224 0.6010
vn -0.2368 -0.4079 -0.8818
vn 0.7519 -0.5760 -0.3209
vn 0.7956 0.2900 0.5318
vn 0.2265 0.7411 0.6320
vn 0.3789 0.7937 0.4758
vn 0.4889 -0.5310 -0.6921
vn 0.5100 -0.1647 -0.8443
vn -0.9318 -0.0200 0.3624
vn -0.9993 0.0074 0.0371
vn -0.9873 0.0157 0.1583
vn 0.8354 0.4437 0.3245
vn -0.7135 0.5394 -0.4472
vn -0.4256 0.8218 -0.3788
vn 0.8465 0.4602 0.2677
vn -0.4349 0.8291 -0.3512
vn -0.9987 0.0113 -0.0500
vn -0.1840 -0.8879 0.4217
vn 0.3166 0.9486 -0.0039
vn 0.2264 -0.8868 0.4028
vn -0.3343 0.8647 -0.3749
vn 0.0638 -0.5419 0.8380
vn -0.4715 -0.7636 0.4411
vn -0.3372 0.9034 -0.2647
vn 0.3074 0.9451 0.1112
vn 0.0943 0.1986 -0.9755
vn -0.4450 0.8836 -0.1455
vn -0.3814 0.9105 -0.1598
vn 0.3334 0.3157 -0.8884
vn 0.7142 -0.6480 0.2647
vn 0.7684 0.6075 0.2013
vn 0.2519 0.9327 0.2579
vn -0.4306 -0.7333 0.5261
vn -0.2431 -0.8350 0.4936
vn -0.7081 -0.6920 0.1405
vn -0.6621 0.2776 -0.6961
vn -0.4137 -0.7968 0.4405
vn -0.6874 0.3443 -0.6395
vn -0.9953 0.0960 0.0159
vn -0.3287 -0.4385 0.8365
vn -0.4426 0.8815 -0.1643
vn 0.3775 0.9021 0.2092
vn 0.8054 -0.4256 0.4125
vn -0.3711 0.9113 -0.1782
vn 0.6481 0.7001 0.2996
vn -0.7445 0.4862 -0.4574
vn 0.4482 0.8557 0.2586
vn 0.9700 -0.2415 -0.0286
vn -0.7637 0.4737 -0.4386
vn 0.4186 0.8332 0.3612
vn -0.9482 0.2464 -0.2006
vn 0.9782 -0.0734 -0.1940
vn -0.8327 0.1296 -0.5383
vn 0.7848 0.3784 0.4908
vn 0.7167 0.6627 0.2170
vn 0.5354 0.8193 0.2054
vn -0.7079 0.5849 -0.3960
vn 0.7321 0.6498 0.2044
vn -0.6917 0.5895 -0.4172
vn -0.6290 0.6481 -0.4294
vn 0.3556 0.6507 -0.6709
vn 0.6898 0.6510 0.3168
vn 0.5842 0.8047 0.1056
vn -0.5270 0.6669 -0.5268
vn 0.1903 0.7458 -0.6384
vn 0.2007 0.6258 -0.7537
vn 0.5060 0.8611 0.0499
vn -0.6347 0.6540 -0.4118
vn -0.6613 0.6248 -0.4150
vn 0.7104 0.6678 0.2221
vn -0.6473 0.7614 -0.0345
vn 0.5013 0.8640 -0.0481
vn 0.5284 0.7732 0.3506
vn 0.5478 0.8331 -0.0764
vn -0.7448 0.6614 -0.0889
vn 0.6758 0.5737 0.4628
vn 0.5633 0.7092 0.4240
vn -0.6376 0.3086 -0.7059
vn -0.5580 0.7240 -0.4056
vn 0.7843 0.5767 0.2289
vn 0.6622 0.6754 0.3245
vn -0.4541 0.7467 0.4861
vn -0.5678 0.7615 0.3127
vn 0.4635 0.7342 0.4962
vn 0.4239 0.8046 0.4158
vn -0.4720 0.8107 0.3463
vn 0.4493 0.8672 -0.2146
vn 0.6213 0.7533 0.2159
vn -0.5274 0.4855 -0.6972
vn 0.2813 0.8428 0.4588
vn -0.3327 0.7371 -0.5883
vn -0.4307 0.8321 -0.3494
vn 0.0471 0.8272 0.5599
vn -0.2945 0.8182 0.4937
vn 0.4521 0.8699 -0.1972
vn -0.3671 0.8620 0.3496
vn 0.2100 0.8596 0.4659
vn -0.5910 0.5115 -0.6238
vn -0.0462 0.8789 0.4748
vn -0.9781 0.2067 -0.0224
vn 0.0264 0.9652 0.2601
vn -0.0904 0.9008 0.4247
vn -0.3368 -0.8830 -0.3269
vn -0.6454 0.5771 -0.5004
vn 0.2422 0.8902 -0.3859
vn -0.6319 0.7146 -0.3001
vn 0.4028 0.8838 -0.2378
vn 0.0182 0.3531 0.9354
vn 0.1107 0.2413 0.9641
vn -0.2047 0.8246 -0.5274
vn -0.2730 0.8911 -0.3625
vn 0.4004 0.8817 -0.2495
vn 0.0921 0.1908 0.9773
vn -0.0618 0.3615 0.9303
vn -0.1663 0.1480 0.9749
vn -0.2074 0.8677 -0.4517
vn -0.8117 0.4666 0.3512
vn -0.9929 -0.0241 0.1161
vn -0.6133 0.7832 -0.1020
vn -0.0327 0.8799 -0.4740
vn -0.0922 0.9274 -0.3625
vn 0.2176 0.8862 -0.4091
vn 0.5717 0.6464 0.5054
vn 0.2894 0.8912 -0.3494
vn 0.4106 0.8494 -0.3315
vn 0.2542 0.8669 -0.4289
vn 0.4277 0.6218 0.6561
vn -0.1828 0.8920 -0.4135
vn -0.4008 -0.8141 -0.4202
vn 0.6943 -0.6733 0.2543
vn 0.4555 0.8510 -0.2615
vn 0.0506 0.9629 -0.2650
vn -0.0392 0.9525 -0.3021
vn 0.0089 0.8994 -0.4370
vn 0.5290 -0.7756 0.3445
vn -0.0451 0.9537 -0.2974
vn 0.1097 0.9365 -0.3331
vn 0.0714 0.9188 -0.3882
vn 0.0434 0.8760 -0.4804
vn 0.1741 0.7289 0.6621
vn 0.3219 0.7861 0.5277
vn 0.3240 0.9314 0.1660
vn -0.1391 -0.1401 -0.9803
vn 0.3843 0.8504 0.3594
vn -0.7218 0.6480 -0.2432
vn 0.6892 0.7200 0.0811
vn -0.4387 -0.4785 -0.7606
vn -0.2626 -0.0196 -0.9647
vn -0.1876 0.4321 -0.8821
vn 0.5249 0.8248 0.2102
vn -0.5092 0.5835 -0.6327
vn 0.6546 0.7235 -0.2189
vn -0.7302 0.5179 0.4456
vn 0.4057 0.8688 -0.2840
vn -0.4294 0.5639 0.7054
vn -0.6482 0.4472 0.6163
vn 0.4116 0.8756 -0.2528
vn -0.0396 0.0591 0.9975
vn 0.3359 0.9316 -0.1387
vn -0.2902 0.2486 0.9241
vn -0.0763 0.4562 0.8866
vn -0.2859 0.2919 0.9127
vn 0.3642 0.9272 -0.0879
vn -0.6848 0.5665 0.4585
vn -0.0047 0.6751 0.7377
vn 0.3654 0.9293 -0.0541
vn 0.4505 0.8917 0.0425
vn 0.3769 0.9256 -0.0340
vn -0.6081 0.4919 0.6231
vn -0.9997 0.0082 0.0219
vn 0.2710 0.9443 0.1869
vn 0.3492 0.5889 -0.7289
vn -0.9866 -0.0166 -0.1623
vn -0.4210 -0.6395 -0.6433
vn 0.6564 -0.4576 -0.5998
vn 0.3746 -0.7175 -0.5873
vn 0.0096 -0.7039 -0.7103
vn -0.1529 0.4009 -0.9033
vn -0.1568 0.3961 -0.9047
vn 0.0085 0.4316 -0.9020
vn 0.0745 0.3144 -0.9464
vn 0.8464 0.5270 0.0766
vn 0.9254 0.2569 0.2785
vn -0.8454 -0.0583 -0.5310
vn 0.3171 -0.1052 0.9425
vn 0.0211 -0.0293 0.9993
vn 0.0119 0.0267 0.9996
vn 0.2469 -0.2387 0.9392
vn -0.2681 0.1954 -0.9434
vn -0.5546 0.1073 0.8252
vn -0.0803 0.2470 0.9657
vn 0.3277 0.3093 0.8927
vn 0.2281 0.2161 0.9493
vn -0.2214 -0.0924 0.9708
vn -0.2759 0.0251 0.9609
vn -0.3427 0.3248 0.8815
vn 0.3014 -0.0036 0.9535
vn 0.3349 -0.0071 0.9422
vn 0.1019 -0.0017 0.9948
vn -0.1136 -0.1149 0.9869
vn -0.4407 0.0130 0.8976
vn -0.4523 0.0232 0.8916
vn 0.1041 -0.1021 0.9893
vn -0.1574 0.0243 0.9872
vn 0.6587 0.1226 0.7423
vn -0.8597 0.2575 0.4411
vn 0.9729 0.1272 0.1930
vn -0.5492 0.0393 0.8348
vn 0.6931 0.1906 0.6952
vn -0.8395 0.4131 0.3529
vn -0.6935 0.0443 0.7191
vn -0.8232 0.4201 0.3819
vn -0.8004 0.4057 0.4414
vn -0.8600 0.3786 0.3423
vn 0.9849 -0.1419 -0.0991
vn 0.0611 -0.0032 -0.9981
vn -0.8470 0.0408 0.5301
vn -0.4406 -0.5711 -0.6926
vn -0.8885 0.0068 0.4588
vn 0.8189 0.2113 0.5337
vn -0.9429 0.2267 0.2440
vn -0.8353 0.3704 0.4063
vn -0.8865 0.0025 0.4626
vn -0.9548 -0.2097 -0.2106
vn 0.9112 0.3088 0.2727
vn -0.9031 0.2336 0.3605
vn 0.5537 0.5180 0.6520
vn -0.2840 -0.5110 -0.8113
vn -0.9169 -0.2818 -0.2827
vn 0.8632 0.1992 0.4640
vn -0.8972 0.2306 0.3767
vn -0.9966 -0.0351 0.0739
vn 0.7639 0.5440 0.3471
vn 0.7608 -0.3546 -0.5436
vn -0.9217 0.0002 0.3878
vn -0.2833 -0.5885 -0.7572
vn 0.0221 -0.2887 -0.9572
vn 0.8934 0.2987 0.3357
vn -0.9954 -0.0355 0.0888
vn -0.2468 -0.2737 -0.9296
vn 0.0984 0.9680 0.2309
vn 0.6056 -0.4408 -0.6626
vn 0.7953 0.3323 0.5071
vn 0.5622 -0.3988 -0.7245
vn 0.9151 0.3377 0.2202
vn 0.7241 -0.3754 -0.5787
vn 0.4064 0.2491 -0.8791
vn 0.0339 -0.0977 -0.9946
vn 0.1345 0.2331 -0.9631
vn -0.9349 0.0236 -0.3542
vn 0.5739 0.4408 -0.6902
vn 0.8570 0.4407 0.2670
vn -0.5092 0.3585 -0.7824
vn 0.0189 0.8095 -0.5868
vn -0.4908 0.5441 -0.6805
vn 0.8184 0.5217 0.2410
vn 0.3278 0.9067 -0.2653
vn 0.3454 0.9179 0.1952
vn -0.9982 -0.0573 0.0170
vn 0.1600 -0.9235 0.3487
vn -0.1902 0.9413 -0.2790
vn -0.4049 -0.8509 0.3346
vn -0.9670 -0.0300 -0.2531
vn 0.8068 0.5673 0.1655
vn 0.0932 0.1973 -0.9759
vn -0.5291 -0.7371 0.4204
vn -0.1145 0.9924 -0.0457
vn 0.1763 -0.9544 -0.2409
vn 0.3092 0.9441 0.1142
vn 0.6748 0.2533 -0.6932
vn -0.5232 0.1991 -0.8286
vn -0.9554 0.1076 -0.2750
vn -0.4038 0.9087 -0.1062
vn 0.1847 0.9685 0.1671
vn 0.2979 0.9298 0.2160
vn -0.3510 0.8727 -0.3394
vn -0.6969 0.4035 -0.5929
vn 0.7910 0.6017 0.1110
vn 0.2456 0.8844 0.3968
vn -0.9301 0.1401 -0.3396
vn 0.3237 0.9200 0.2209
vn -0.8839 0.3399 -0.3214
vn 0.9614 -0.2534 -0.1073
vn -0.4513 0.8900 -0.0658
vn -0.4499 0.8653 -0.2209
vn -0.9280 0.1404 -0.3451
vn -0.9580 0.2156 0.1891
vn -0.9962 -0.0278 -0.0820
vn -0.9766 0.0455 -0.2103
vn 0.8036 0.5621 0.1959
vn 0.4524 0.8603 0.2351
vn 0.2740 0.8676 0.4150
vn -0.2251 -0.6875 -0.6904
vn 0.9280 -0.1089 -0.3563
vn -0.8073 -0.0249 -0.5896
vn -0.7447 0.5722 -0.3435
vn 0.7962 0.5615 0.2252
vn -0.8916 0.0338 -0.4516
vn 0.7515 0.6447 0.1401
vn 0.4676 0.8512 0.2385
vn 0.8329 0.1748 -0.5251
vn -0.7925 0.1323 -0.5953
vn -0.7776 0.1578 -0.6086
vn -0.7000 0.5910 -0.4009
vn 0.3813 0.8845 0.2689
vn 0.5211 0.3120 -0.7944
vn -0.3803 0.4916 -0.7834
vn -0.6365 0.6494 -0.4162
vn 0.0361 0.7481 -0.6626
vn -0.8132 0.1614 -0.5592
vn 0.7007 0.6440 0.3069
vn 0.3634 0.9298 0.0582
vn -0.5029 0.0735 -0.8612
vn -0.6387 0.1834 -0.7472
vn 0.7494 0.5857 0.3087
vn -0.5137 0.8127 -0.2751
vn -0.7467 0.1633 -0.6447
vn 0.7063 0.6145 0.3516
vn -0.6325 0.7725 -0.0557
vn -0.6179 0.2307 -0.7516
vn 0.6047 0.7714 0.1982
vn -0.6319 0.7743 0.0348
vn -0.5691 0.7034 -0.4259
vn 0.3427 0.9315 0.1222
vn 0.3421 0.9389 -0.0388
vn -0.5267 0.8335 0.1670
vn 0.5266 0.8473 -0.0693
vn -0.4422 0.3607 -0.8212
vn 0.3076 0.9454 -0.1074
vn 0.2408 0.9395 0.2436
vn 0.6743 0.7361 0.0587
vn -0.4679 0.4193 -0.7780
vn 0.6729 0.7174 0.1802
vn 0.3747 0.9017 -0.2159
vn 0.1318 0.9726 0.1913
vn -0.4926 0.8065 -0.3270
vn 0.2850 0.9394 -0.1906
vn -0.0051 0.9560 0.2934
vn -0.2386 0.9176 0.3178
vn 0.4965 0.8665 -0.0511
vn -0.0223 0.0766 0.9968
vn -0.4263 -0.8813 0.2039
vn 0.3475 -0.0674 0.9352
vn -0.7398 0.6724 0.0213
vn -0.0685 0.9651 -0.2526
vn -0.1561 0.9186 -0.3631
vn 0.2538 0.0422 0.9663
vn 0.3662 -0.0759 0.9274
vn 0.2330 0.0496 0.9712
vn 0.3100 0.0586 0.9489
vn 0.3400 0.0378 0.9397
vn -0.4499 0.3973 0.7999
vn 0.5187 0.5981 0.6110
vn 0.2163 0.0703 0.9738
vn 0.1037 0.2026 0.9737
vn -0.1072 0.9456 -0.3071
vn -0.0383 0.9516 -0.3050
vn 0.0170 0.8993 -0.4369
vn -0.0218 0.1592 0.9870
vn -0.2745 0.4171 0.8664
vn 0.8644 0.4537 0.2168
vn -0.1287 0.9442 -0.3032
vn -0.4480 -0.7602 -0.4704
vn 0.2227 0.8486 -0.4799
vn -0.5725 -0.7173 -0.3972
vn -0.0293 0.9884 -0.1488
vn -0.3026 0.9151 -0.2666
vn -0.4278 -0.7804 -0.4559
vn 0.0870 -0.1694 -0.9817
vn -0.2109 -0.6321 -0.7456
vn 0.0492 0.1949 0.9796
vn 0.0133 -0.2210 -0.9752
vn 0.2069 -0.5347 -0.8193
vn -0.1261 -0.1483 -0.9809
vn 0.5425 0.8382 -0.0558
vn -0.2357 -0.1422 -0.9614
vn -0.1820 -0.1001 -0.9782
vn -0.2036 -0.0192 -0.9789
vn -0.2577 0.0893 -0.9621
vn 0.4549 0.8554 -0.2478
vn 0.3044 0.9314 -0.1994
vn -0.8859 0.4582 0.0717
vn 0.3670 0.9225 -0.1194
vn -0.1166 -0.0181 0.9930
vn -0.1105 -0.0727 0.9912
vn -0.6694 0.0898 0.7375
vn -0.2451 0.4617 0.8525
vn 0.2410 0.9207 0.3071
vn -0.1825 0.7870 0.5893
vn -0.6609 0.0880 0.7453
vn -0.8093 0.4624 0.3623
vn -0.6239 0.4750 0.6206
vn -0.5425 0.3832 -0.7475
vn 0.1677 -0.2039 -0.9645
vn -0.9955 0.0276 -0.0903
vn 0.6416 0.5373 0.5474
vn -0.4090 -0.6279 -0.6622
vn -0.8466 0.4003 -0.3509
vn -0.8368 0.3378 -0.4308
vn -0.4704 -0.1789 -0.8641
vn 0.0872 -0.5306 -0.8432
vn 0.5834 -0.4694 -0.6628
vn -0.1997 0.1055 -0.9742
vn -0.3409 0.3378 -0.8773
vn -0.2917 0.3898 -0.8735
vn -0.0248 0.4480 -0.8937
vn -0.0613 0.4324 -0.8996
vn 0.0243 0.3865 -0.9220
vn -0.0938 -0.5728 -0.8143
vn -0.0795 -0.8287 -0.5540
vn -0.5623 0.0608 -0.8247
vn 0.4630 0.8848 0.0517
vn -0.2792 -0.0851 -0.9565
vn -0.1940 0.0048 -0.9810
vn -0.9402 0.0782 -0.3314
vn 0.8340 0.5302 0.1527
vn -0.2773 0.0098 -0.9607
vn -0.2635 0.0279 -0.9643
vn -0.1618 0.0640 0.9847
vn 0.4112 -0.0760 0.9084
vn -0.2786 0.2557 0.9257
vn 0.1822 0.0596 0.9815
vn -0.0790 -0.0877 0.9930
vn 0.7004 0.4846 0.5240
vn -0.5844 0.0137 0.8113
vn -0.7684 0.3593 0.5296
vn 0.8531 0.0023 0.5217
vn 0.7522 0.1888 0.6314
vn -0.7042 0.0558 0.7078
vn 0.7463 0.1990 0.6352
vn 0.6883 0.3108 0.6555
vn -0.8519 -0.5156 -0.0924
vn 0.9795 -0.1485 -0.1364
vn 0.8655 -0.4962 0.0687
vn -0.9158 -0.0142 0.4013
vn 0.3779 -0.3011 -0.8755
vn -0.9300 -0.0144 0.3672
vn -0.1684 -0.1982 -0.9656
vn -0.7997 -0.0726 -0.5959
vn 0.8630 0.4333 0.2599
vn -0.9976 0.0111 -0.0681
vn 0.7008 0.4395 0.5618
vn 0.8037 0.5640 0.1898
vn 0.1155 0.9933 -0.0098
vn -0.1363 -0.6278 0.7664
vn 0.6135 -0.7247 0.3139
vn -0.2232 0.1179 -0.9676
vn 0.1109 0.9910 0.0746
vn -0.1772 0.9842 -0.0011
vn 0.8351 0.2835 -0.4715
vn 0.7694 0.6108 0.1866
vn 0.2410 0.9616 0.1312
vn -0.2598 0.9634 -0.0657
vn -0.1772 0.9842 -0.0010
vn 0.8213 -0.1919 -0.5372
vn 0.8021 0.5637 0.1974
vn -0.5577 0.8300 -0.0085
vn -0.7621 0.4892 -0.4241
vn -0.7410 0.0649 -0.6683
vn 0.8495 0.3209 0.4187
vn -0.6268 0.4270 -0.6518
vn 0.8859 0.3141 0.3415
vn 0.8181 0.3920 0.4208
vn -0.7161 0.5885 -0.3754
vn -0.5595 0.7961 -0.2307
vn 0.8494 0.3358 -0.4072
vn 0.8039 0.1661 -0.5711
vn -0.5799 0.7850 -0.2178
vn 0.8135 0.4532 0.3644
vn -0.8566 0.1168 -0.5026
vn -0.6471 0.7606 -0.0526
vn 0.3142 0.9479 -0.0523
vn -0.6481 0.2548 -0.7177
vn 0.3434 0.9389 -0.0246
vn -0.5884 0.2362 -0.7733
vn -0.4480 0.6403 -0.6239
vn 0.3105 0.9484 -0.0650
vn 0.6823 0.7106 0.1721
vn 0.5627 0.8266 -0.0099
vn 0.0176 0.9916 0.1279
vn -0.0251 0.9951 0.0951
vn -0.1461 0.9596 -0.2403
vn 0.1534 0.9671 -0.2030
vn 0.1681 0.9671 -0.1910
vn -0.4618 0.6782 -0.5716
vn -0.0773 0.1409 0.9870
vn 0.0457 -0.0146 0.9988
vn -0.1898 0.1720 0.9666
vn 0.0450 0.9926 -0.1131
vn -0.1014 0.9618 -0.2541
vn -0.0205 0.9842 -0.1759
vn -0.1682 0.6074 0.7764
vn 0.2476 0.0341 0.9683
vn 0.3184 0.9479 0.0132
vn -0.1545 -0.0717 0.9854
vn -0.1468 -0.0793 0.9860
vn -0.1924 0.0603 0.9795
vn 0.3064 0.9195 -0.2461
vn -0.2381 0.2582 0.9363
vn 0.0226 0.6740 0.7384
vn 0.3984 0.6100 0.6849
vn 0.4628 0.8444 0.2700
vn -0.0453 -0.5136 -0.8569
vn 0.6408 -0.4703 -0.6068
vn 0.1904 0.2722 -0.9432
vn 0.2791 0.1548 -0.9477
vn -0.0496 -0.6919 -0.7203
vn 0.0624 -0.6684 -0.7412
vn -0.1500 0.0112 0.9886
vn -0.0647 0.0728 0.9952
vn 0.0998 0.2308 0.9679
vn -0.2812 0.0193 0.9594
vn 0.4198 0.1061 0.9014
vn 0.0234 -0.1175 0.9928
vn -0.2902 -0.0864 0.9531
vn -0.4618 0.3069 0.8322
vn 0.9817 0.1210 0.1473
vn -0.8037 0.0061 0.5950
vn -0.3257 -0.9009 -0.2868
vn 0.4336 -0.4729 -0.7671
vn -0.9992 0.0054 0.0394
vn -0.9849 0.0022 0.1730
vn -0.9974 0.0069 -0.0719
vn 0.8691 0.4379 0.2300
vn 0.2215 0.9648 -0.1414
vn -0.4362 -0.7704 0.4650
vn -0.3123 -0.8842 0.3475
vn 0.0879 0.9491 -0.3026
vn -0.1068 0.9859 -0.1286
vn 0.0943 0.9939 0.0570
vn -0.9367 0.0918 -0.3378
vn 0.1009 0.9867 0.1271
vn -0.9827 0.0378 -0.1813
vn 0.8414 -0.4678 0.2706
vn 0.7460 -0.6659 0.0113
vn 0.9596 0.2812 -0.0087
vn -0.8585 0.4756 -0.1915
vn -0.9048 0.3680 -0.2144
vn -0.9051 0.0468 -0.4226
vn 0.9697 0.2429 -0.0271
vn 0.1795 0.9592 0.2183
vn 0.9701 -0.2325 -0.0690
vn 0.7021 0.6874 0.1859
vn 0.9443 -0.2995 -0.1367
vn 0.2917 0.9455 0.1444
vn 0.2521 0.9510 0.1792
vn -0.6239 0.6735 -0.3963
vn 0.7497 0.4546 0.4809
vn 0.5159 0.8455 0.1379
vn 0.3125 0.9498 0.0174
vn -0.5651 0.4279 -0.7054
vn -0.3251 0.8836 -0.3369
vn -0.3904 0.8943 0.2188
vn -0.2466 0.9669 0.0658
vn 0.2395 0.9600 -0.1449
vn -0.1577 0.9649 0.2100
vn -0.1380 0.9586 -0.2492
vn -0.0048 0.9907 0.1357
vn -0.1677 0.9737 0.1544
vn -0.0408 0.9940 0.1012
vn -0.0839 0.9768 -0.1969
vn -0.0710 0.9778 -0.1971
vn 0.0260 0.9933 -0.1122
vn 0.0140 0.9972 -0.0737
vn -0.0303 0.9965 -0.0782
vn 0.1664 -0.0516 0.9847
vn -0.0279 0.9840 -0.1759
vn -0.0184 0.9964 -0.0832
vn 0.1589 0.9619 -0.2225
vn -0.2755 0.9603 0.0444
vn -0.0319 0.9925 -0.1178
vn -0.0791 0.9861 -0.1461
vn 0.1656 0.9590 -0.2300
vn -0.0249 0.9962 -0.0830
vn -0.0024 0.9788 -0.2046
vn 0.0868 0.0654 0.9941
vn 0.0286 0.1629 0.9862
vn -0.0703 0.2818 -0.9569
vn -0.2464 0.0034 0.9692
vn 0.2416 0.9677 -0.0717
vn -0.5521 0.6718 0.4937
vn 0.3164 -0.1843 -0.9306
vn 0.2937 0.9362 0.1929
vn 0.1828 0.1948 0.9637
vn 0.6789 0.5287 0.5095
vn -0.3940 -0.9032 -0.1702
vn -0.2719 -0.9406 -0.2033
vn -0.1768 -0.9433 -0.2808
vn 0.7711 0.6033 0.2037
vn -0.9302 0.0986 -0.3536
vn -0.0417 0.9991 -0.0096
vn -0.0424 0.9990 0.0158
vn 0.0867 0.9874 0.1322
vn -0.1600 0.9794 0.1236
vn -0.1652 0.9821 -0.0899
vn -0.3112 0.9461 0.0891
vn 0.2361 0.9652 0.1127
vn 0.1481 0.9676 0.2043
vn -0.3699 0.9258 -0.0782
vn -0.3177 0.9481 -0.0168
vn -0.3698 0.9273 -0.0579
vn 0.7849 0.4870 0.3830
vn 0.2064 0.7284 -0.6534
vn -0.3639 0.8570 -0.3649
vn -0.4352 0.8513 -0.2930
vn -0.1911 0.9556 -0.2242
vn 0.2402 0.9651 -0.1046
vn 0.2386 0.9653 -0.1063
vn -0.5307 0.5888 -0.6097
vn -0.1685 0.9475 -0.2717
vn -0.1902 0.9381 -0.2894
vn 0.2130 0.9762 0.0416
vn 0.0986 0.9763 0.1925
vn -0.0383 0.9706 -0.2375
vn 0.1046 0.9941 0.0289
vn 0.0505 0.9982 0.0328
vn 0.1296 0.9859 0.1055
vn -0.0314 0.9931 -0.1128
vn -0.0656 0.9975 0.0256
vn -0.1934 -0.9805 -0.0358
vn -0.3502 0.2566 -0.9008
vn -0.0062 0.9765 -0.2155
vn 0.0547 0.9873 -0.1494
vn -0.0901 0.9947 -0.0502
vn -0.1859 -0.0997 -0.9775
vn 0.2123 0.9212 -0.3259
vn 0.1832 0.9396 -0.2890
vn 0.0379 0.1881 -0.9814
vn 0.1433 0.3154 -0.9381
vn 0.0118 -0.1017 0.9947
vn 0.7653 0.5942 0.2475
vn 0.4731 0.6228 -0.6232
vn 0.0511 -0.9924 0.1118
vn -0.2938 0.7992 -0.5244
vn 0.4483 0.8008 -0.3973
vn -0.6621 0.6188 -0.4227
vn 0.0115 0.9975 0.0695
vn 0.0868 0.9870 0.1349
vn -0.5420 0.7802 -0.3124
vn 0.2027 0.9699 0.1347
vn 0.4988 0.5979 -0.6275
vn 0.2517 0.9642 0.0837
vn -0.5135 0.8118 -0.2780
vn 0.2045 0.9780 0.0414
vn -0.3612 0.8242 -0.4362
vn 0.3243 0.9438 0.0636
vn 0.5012 0.8362 0.2225
vn 0.2409 0.9670 -0.0825
vn 0.1474 0.9889 0.0160
vn 0.3455 0.9096 0.2308
vn -0.0811 0.9910 -0.1066
vn -0.3982 0.7725 -0.4947
vn 0.4640 0.8857 -0.0113
vn 0.1436 0.9876 -0.0639
vn -0.1482 0.9744 -0.1692
vn 0.0721 0.9812 -0.1788
vn -0.0410 0.9963 -0.0753
vn 0.0347 0.9983 0.0474
vn -0.2420 0.9485 0.2043
vn 0.1114 0.9873 -0.1133
vn 0.1544 0.9760 -0.1534
vn -0.1188 0.9916 0.0507
vn 0.0823 0.9902 -0.1130
vn -0.4506 0.7671 -0.4567
vn 0.3963 0.9177 -0.0281
vn -0.3641 0.8594 -0.3589
vn -0.1180 0.9927 0.0263
vn 0.1643 0.9677 -0.1911
vn -0.0110 0.9946 -0.1030
vn 0.1679 -0.0133 0.9857
vn -0.2254 0.9696 0.0951
vn -0.0161 0.8826 0.4699
vn -0.2210 -0.1755 -0.9594
vn -0.1881 0.4226 -0.8866
vn -0.1882 0.4228 -0.8865
vn 0.1743 0.9008 0.3977
vn -0.2918 0.0373 0.9557
vn 0.6674 0.3312 0.6669
vn -0.8396 0.3923 0.3756
vn -0.8408 0.1958 0.5047
vn 0.8757 -0.0180 -0.4825
vn 0.3553 -0.6226 -0.6973
vn 0.7787 0.5728 0.2560
vn 0.5638 -0.5152 -0.6455
vn -0.4832 -0.3878 -0.7850
vn 0.1556 -0.9653 0.2099
vn 0.0851 0.9255 -0.3691
vn 0.6522 -0.6917 0.3101
vn -0.2493 -0.8227 0.5109
vn 0.6350 -0.6872 0.3528
vn -0.5243 0.7155 -0.4618
vn -0.7572 0.5812 -0.2981
vn -0.5311 0.7953 -0.2923
vn 0.6849 0.7097 0.1650
vn 0.0109 0.9964 0.0840
vn 0.0906 0.9835 0.1569
vn 0.6809 0.7309 0.0461
vn -0.0695 0.9975 -0.0115
vn 0.1449 0.9849 0.0946
vn 0.5954 0.7912 0.1396
vn -0.0766 0.9959 0.0484
vn -0.2333 0.9713 -0.0470
vn 0.7309 0.5888 0.3451
vn -0.6156 0.5398 -0.5742
vn 0.7226 0.6035 0.3370
vn -0.2357 0.9705 -0.0498
vn 0.1851 0.9824 0.0259
vn -0.3007 0.9537 0.0070
vn -0.2351 0.9700 -0.0627
vn 0.1869 0.9822 -0.0207
vn 0.1614 0.9859 -0.0433
vn 0.5816 0.7906 0.1916
vn 0.0134 0.9998 -0.0147
vn -0.3007 0.9537 -0.0069
vn 0.6450 0.7541 0.1235
vn -0.2208 0.9721 0.0790
vn 0.0209 0.9998 -0.0063
vn 0.1613 0.9868 -0.0155
vn 0.5978 0.8013 -0.0248
vn 0.1965 0.9804 0.0152
vn -0.0825 0.9933 0.0812
vn 0.1022 0.9947 -0.0065
vn 0.0194 0.9951 -0.0969
vn 0.4594 0.8798 0.1220
vn -0.2187 0.9731 -0.0723
vn -0.4600 0.5479 -0.6987
vn -0.0282 0.9809 -0.1924
vn 0.0682 0.9899 -0.1245
vn 0.0857 0.9918 0.0951
vn -0.0275 0.9568 -0.2894
vn 0.3957 0.9137 -0.0927
vn 0.3884 0.9208 -0.0352
vn 0.1265 0.7145 0.6881
vn 0.3851 0.7880 0.4804
vn 0.4962 0.7738 0.3938
vn 0.1466 0.9784 0.1458
vn 0.3700 0.9261 0.0734
vn 0.3692 0.9274 0.0606
vn -0.1180 -0.5620 -0.8187
vn 0.2736 0.9494 0.1545
vn 0.2683 0.9631 0.0217
vn 0.2525 0.9589 -0.1295
vn 0.2905 0.9537 -0.0777
vn 0.3753 0.9129 -0.1604
vn -0.0191 0.7824 0.6225
vn -0.3790 0.8782 0.2917
vn 0.2245 0.7794 0.5849
vn 0.2628 0.9621 -0.0725
vn 0.2084 0.9677 -0.1419
vn 0.4447 -0.6814 -0.5813
vn -0.3904 0.8054 -0.4461
vn 0.4454 0.8937 -0.0546
vn 0.2904 0.9001 -0.3248
vn -0.4154 -0.6788 -0.6056
vn 0.5784 -0.4267 -0.6953
vn 0.4710 0.8258 0.3101
vn -0.2143 0.2551 0.9429
vn -0.1521 0.1001 0.9833
vn -0.0151 -0.8651 0.5014
vn 0.7510 0.2005 0.6291
vn 0.7939 0.4010 0.4571
vn -0.0136 -0.9998 -0.0138
vn -0.2315 -0.9516 0.2023
vn 0.0507 -0.9987 0.0033
vn 0.2579 -0.9546 0.1489
vn -0.1795 0.8248 -0.5362
vn 0.7560 0.6254 0.1931
vn -0.4030 -0.8344 0.3759
vn -0.3989 -0.7743 0.4913
vn 0.8127 -0.5447 0.2070
vn 0.8433 0.4111 0.3462
vn 0.0782 0.9961 0.0403
vn -0.2336 0.9679 -0.0927
vn 0.0590 0.9966 0.0583
vn -0.0373 0.9964 -0.0757
vn 0.0609 0.9975 0.0347
vn -0.0357 0.9985 -0.0423
vn 0.0137 0.9998 0.0153
vn 0.1979 0.9802 -0.0074
vn -0.1912 0.9555 -0.2246
vn 0.3264 0.9375 0.1211
vn -0.1709 0.9590 -0.2261
vn -0.1441 0.9695 -0.1981
vn 0.0351 0.9914 -0.1261
vn -0.3017 0.8818 -0.3625
vn 0.0120 0.9991 0.0399
vn -0.4474 -0.7465 -0.4924
vn 0.2548 0.9669 0.0093
vn 0.2384 0.9682 -0.0761
vn 0.3020 0.9399 -0.1593
vn -0.2630 0.5206 0.8123
vn 0.4246 0.8819 0.2051
vn 0.3403 -0.9262 -0.1621
vn -0.0121 -0.9955 0.0944
vn -0.3734 -0.9276 -0.0096
vn -0.1059 0.8871 -0.4492
vn -0.3149 -0.9297 0.1912
vn 0.7390 0.6641 0.1135
vn 0.9740 -0.2218 0.0461
vn 0.5240 0.5541 -0.6468
vn 0.5961 0.7808 0.1874
vn -0.3615 0.8829 -0.2995
vn -0.1395 0.9508 -0.2768
vn 0.0371 0.9993 -0.0056
vn -0.4129 0.6424 -0.6456
vn -0.1425 0.9674 -0.2093
vn 0.0208 0.9981 -0.0582
vn -0.0955 0.0726 0.9928
vn 0.1615 0.0226 0.9866
vn 0.2943 0.1317 0.9466
vn 0.2221 0.9648 -0.1410
vn -0.2458 0.9170 -0.3141
vn 0.0256 0.9785 -0.2045
vn 0.3122 0.8101 -0.4962
vn -0.2808 0.1445 0.9488
vn 0.5884 0.7932 0.1566
vn 0.7325 0.5603 0.3867
vn 0.3416 -0.9324 -0.1180
vn 0.8443 0.3641 -0.3932
vn 0.4703 -0.6695 -0.5749
vn 0.2587 -0.9603 0.1042
vn 0.1745 0.6145 -0.7694
vn 0.1609 0.8713 -0.4635
vn -0.3335 -0.9194 0.2085
vn 0.3315 0.1619 -0.9295
vn 0.9403 0.3316 -0.0772
vn -0.5272 0.7496 -0.4001
vn -0.6901 0.6089 -0.3911
vn 0.4833 0.8738 0.0541
vn -0.3800 0.6715 -0.6362
vn -0.0241 0.7372 -0.6753
vn 0.2881 0.9570 -0.0343
vn 0.4735 0.8693 0.1417
vn -0.3030 0.9208 -0.2456
vn -0.1412 0.9552 -0.2601
vn 0.1541 0.9850 0.0780
vn -0.0275 0.9748 -0.2212
vn 0.1607 0.9791 -0.1246
vn -0.1515 0.9815 -0.1172
vn -0.3539 0.7930 -0.4959
vn 0.1709 0.9662 -0.1928
vn -0.2232 0.0893 0.9707
vn 0.2947 0.5181 0.8030
vn -0.0630 -0.1327 -0.9892
vn -0.4094 0.8972 0.1653
vn 0.0949 0.9921 0.0823
vn -0.5846 0.7822 0.2153
vn 0.5688 0.2013 -0.7975
vn 0.6370 0.4721 0.6094
vn 0.1524 -0.0976 -0.9835
vn -0.0986 0.2645 0.9593
vn -0.2185 -0.2209 0.9505
vn 0.2043 -0.1349 0.9696
vn 0.2448 -0.0848 0.9659
vn 0.1136 -0.0917 0.9893
vn 0.4087 0.2766 0.8697
vn 0.1027 0.0333 0.9942
vn 0.7102 0.3776 0.5941
vn -0.4940 0.1442 0.8574
vn -0.9065 0.1971 0.3734
vn -0.9057 0.1931 0.3775
vn -0.9121 0.1970 0.3595
vn 0.1068 -0.6706 -0.7341
vn 0.7597 0.5956 0.2610
vn -0.2525 -0.9626 -0.0979
vn -0.6380 -0.7658 -0.0811
vn -0.9571 0.2265 0.1805
vn -0.9807 0.1927 -0.0319
vn -0.1382 -0.9191 0.3691
vn -0.9191 0.2010 -0.3389
vn -0.3887 0.3299 -0.8603
vn 0.7738 0.6139 0.1562
vn -0.9988 0.0411 0.0253
vn -0.5479 0.6287 -0.5519
vn 0.9808 -0.0295 -0.1928
vn -0.5746 0.7594 -0.3053
vn -0.6907 0.3644 -0.6247
vn -0.6343 0.4238 -0.6466
vn 0.3506 0.9352 -0.0496
vn -0.6687 0.4051 -0.6235
vn 0.6894 0.7177 0.0980
vn 0.2863 0.9556 -0.0690
vn -0.1081 0.9687 -0.2237
vn -0.0275 0.9744 -0.2230
vn -0.5759 0.5202 -0.6307
vn -0.4073 0.5730 -0.7112
vn -0.2912 0.8618 -0.4154
vn 0.1645 -0.9077 0.3859
vn 0.1642 0.0226 0.9862
vn 0.2760 0.1380 0.9512
vn 0.3306 0.1358 0.9339
vn -0.0015 -0.5055 -0.8628
vn 0.1835 0.9818 0.0488
vn -0.6432 -0.4665 -0.6072
vn -0.6431 -0.3811 -0.6642
vn 0.1481 0.9850 0.0888
vn -0.4589 -0.2568 -0.8506
vn -0.0533 -0.1205 -0.9913
vn 0.1833 0.9828 0.0237
vn 0.0720 0.9944 -0.0776
vn 0.3131 0.9490 -0.0373
vn 0.2594 0.9654 0.0281
vn 0.2088 0.4797 0.8522
vn 0.0823 0.5620 -0.8230
vn 0.7067 -0.0592 -0.7050
vn -0.9664 0.2568 -0.0049
vn -0.2593 0.4977 -0.8277
vn 0.6821 -0.0578 -0.7290
vn -0.3636 0.6731 -0.6439
vn 0.3133 -0.3245 0.8925
vn 0.0180 -0.0057 0.9998
vn 0.2977 -0.1320 0.9455
vn 0.1207 0.0111 0.9926
vn 0.2962 -0.3005 0.9066
vn 0.3132 0.2709 0.9102
vn -0.4744 0.2223 0.8518
vn -0.1418 0.1100 0.9838
vn 0.1299 -0.0622 0.9896
vn -0.1010 -0.2350 0.9667
vn 0.4783 0.3805 0.7915
vn 0.0963 -0.2542 0.9623
vn 0.4582 -0.2775 0.8444
vn 0.0914 -0.2795 0.9558
vn 0.4288 0.2528 0.8673
vn 0.0116 -0.1974 0.9803
vn 0.0300 -0.1974 0.9799
vn -0.0815 -0.2193 0.9723
vn 0.3329 0.3791 0.8634
vn 0.6109 0.4295 0.6651
vn -0.5910 0.2144 0.7777
vn -0.7251 -0.1107 -0.6797
vn 0.9430 -0.1833 -0.2776
vn -0.4202 0.4319 0.7980
vn 0.5188 0.5578 0.6478
vn 0.7878 0.3906 0.4762
vn -0.7796 0.4588 0.4262
vn 0.9919 0.1251 0.0234
vn 0.6746 0.4430 0.5905
vn 0.5969 0.3668 0.7136
vn -0.6838 0.1990 0.7020
vn 0.6786 0.4135 0.6071
vn -0.6743 0.2047 0.7095
vn 0.7929 0.3496 0.4992
vn 0.9274 -0.2106 -0.3093
vn 0.7191 0.4489 0.5304
vn -0.8241 0.4350 0.3628
vn -0.7938 0.4634 0.3938
vn 0.9527 0.2606 0.1565
vn 0.8658 0.1240 0.4848
vn 0.7829 0.4898 0.3837
vn 0.9052 0.2905 0.3101
vn -0.9053 0.0453 0.4225
vn 0.8871 -0.4319 -0.1629
vn 0.9349 0.0910 0.3431
vn -0.8334 0.2318 0.5017
vn -0.6848 -0.2372 0.6890
vn -0.8292 0.2048 0.5202
vn 0.6411 0.5393 0.5460
vn 0.7308 0.5623 0.3869
vn 0.7090 0.6265 0.3237
vn -0.8914 -0.4468 0.0754
vn 0.9096 -0.4018 0.1055
vn 0.6403 -0.7052 0.3044
vn 0.7235 0.6206 0.3022
vn -0.9489 -0.0718 0.3074
vn 0.3680 -0.3945 -0.8420
vn 0.4436 -0.5123 -0.7354
vn 0.6539 -0.7189 0.2357
vn 0.7609 0.5757 0.2994
vn -0.9947 0.0619 0.0823
vn -0.9926 -0.1049 -0.0611
vn -0.1508 -0.6756 -0.7217
vn -0.1605 -0.9687 -0.1894
vn -0.3244 -0.6475 -0.6895
vn -0.6934 -0.6547 -0.3011
vn -0.5732 -0.8086 -0.1329
vn 0.7475 0.0983 -0.6569
vn 0.0905 -0.7016 -0.7068
vn 0.3485 -0.7203 -0.5998
vn 0.3324 -0.7528 -0.5681
vn 0.5162 -0.6977 -0.4968
vn 0.7126 -0.6006 0.3625
vn 0.7841 0.5754 0.2325
vn -0.9723 0.0556 -0.2272
vn 0.0317 0.2238 -0.9741
vn 0.1340 0.1124 -0.9846
vn 0.4553 -0.7524 -0.4760
vn -0.1881 -0.0766 -0.9792
vn 0.7660 0.5968 0.2389
vn 0.7725 0.5905 0.2337
vn 0.7800 0.5767 0.2431
vn 0.6396 0.4612 -0.6150
vn -0.7245 -0.0304 -0.6886
vn -0.7242 -0.0301 -0.6889
vn 0.4159 0.6766 -0.6076
vn -0.4957 -0.0210 -0.8682
vn 0.1649 0.7215 -0.6725
vn -0.4329 -0.1068 -0.8951
vn 0.1460 0.7155 -0.6832
vn 0.3506 0.4182 -0.8380
vn 0.3995 0.4140 -0.8179
vn 0.0733 -0.0663 -0.9951
vn -0.4289 -0.8761 0.2204
vn -0.9686 0.2418 -0.0577
vn 0.7698 -0.5914 0.2402
vn -0.9793 0.2002 -0.0311
vn -0.4927 -0.8469 0.2002
vn 0.7245 -0.6293 0.2811
vn 0.7637 0.6239 0.1661
vn 0.7055 -0.6061 0.3673
vn -0.4072 -0.8481 0.3390
vn -0.9796 0.1992 -0.0277
vn -0.1370 -0.9122 0.3861
vn 0.8929 -0.4144 0.1764
vn -0.9888 -0.1487 -0.0145
vn -0.2141 0.1563 -0.9642
vn 0.8925 -0.4099 0.1884
vn -0.1847 0.1728 -0.9675
vn 0.3484 0.1808 -0.9197
vn 0.9555 -0.2899 0.0545
vn -0.9016 0.2294 -0.3667
vn -0.9826 0.0158 -0.1851
vn 0.6473 0.7533 0.1163
vn 0.6853 0.1825 -0.7051
vn -0.4861 0.5028 -0.7148
vn -0.5699 0.5190 -0.6371
vn 0.9201 0.2038 -0.3344
vn 0.6886 0.6930 0.2136
vn 0.7266 0.6620 0.1836
vn -0.9229 0.2177 -0.3176
vn 0.8733 0.2642 -0.4093
vn -0.6380 0.6183 -0.4590
vn -0.8304 0.3273 -0.4509
vn -0.9634 0.1780 -0.2003
vn -0.8663 0.2847 -0.4104
vn -0.5174 0.6890 -0.5075
vn 0.7323 0.6703 0.1203
vn 0.6530 0.7559 0.0463
vn -0.5564 0.7300 -0.3969
vn -0.9634 0.1860 -0.1933
vn 0.4716 0.8640 0.1764
vn -0.8811 0.3787 -0.2831
vn 0.6522 0.7559 0.0570
vn 0.9195 0.3041 -0.2490
vn -0.3042 0.7109 -0.6341
vn -0.4251 0.8635 -0.2715
vn -0.7833 0.3331 -0.5249
vn 0.4992 0.8655 0.0405
vn 0.4417 0.8972 0.0014
vn -0.9027 0.3814 -0.1994
vn -0.8012 0.3140 -0.5095
vn -0.7503 0.5426 -0.3776
vn -0.7609 0.3166 -0.5664
vn -0.5281 0.5790 -0.6212
vn 0.5151 0.4664 -0.7191
vn 0.4037 0.6164 -0.6761
vn -0.7534 0.3102 -0.5798
vn 0.7718 0.5090 0.3812
vn -0.2978 0.8039 -0.5148
vn 0.4334 0.8997 0.0526
vn 0.7537 0.5975 0.2739
vn 0.3486 0.9373 -0.0023
vn -0.3099 0.7260 -0.6139
vn -0.3232 0.8885 -0.3257
vn -0.3846 0.8841 -0.2655
vn 0.1896 0.5982 -0.7786
vn -0.6180 0.3487 -0.7046
vn -0.1923 0.9571 -0.2167
vn -0.0971 0.9610 -0.2588
vn 0.2714 0.9591 -0.0803
vn 0.5770 0.7469 0.3306
vn -0.1966 0.9258 -0.3228
vn -0.3028 0.9302 -0.2075
vn 0.1255 0.9255 -0.3574
vn -0.1034 0.9727 -0.2078
vn 0.1327 0.9686 -0.2102
vn -0.5797 0.4827 -0.6565
vn 0.0759 0.9951 -0.0628
vn -0.3167 -0.9264 0.2036
vn 0.6524 0.6891 0.3155
vn -0.4742 0.4367 -0.7645
vn 0.5864 0.8004 0.1247
vn 0.4247 0.9046 -0.0376
vn -0.3614 0.4958 -0.7897
vn -0.3008 0.7337 -0.6093
vn -0.1995 0.5713 -0.7962
vn -0.4368 0.7662 -0.4714
vn -0.2136 0.7485 -0.6278
vn 0.4250 0.9050 -0.0200
vn 0.5287 0.8402 0.1206
vn -0.2134 0.8060 -0.5521
vn 0.2802 0.9598 0.0170
vn 0.3573 0.8826 -0.3055
vn 0.1920 0.9541 -0.2297
vn 0.1757 0.9818 -0.0716
vn -0.1379 0.9583 -0.2503
vn -0.0787 0.0902 0.9928
vn -0.1873 0.1365 0.9728
vn -0.1082 0.2937 0.9497
vn -0.0655 0.2609 0.9631
vn -0.9678 -0.2192 0.1235
vn -0.0521 0.1137 0.9922
vn 0.3518 0.1488 0.9242
vn 0.4740 0.6504 0.5935
vn 0.9775 -0.1474 -0.1508
vn 0.3692 0.1357 0.9194
vn -0.9312 -0.3018 0.2046
vn -0.3918 0.3539 0.8493
vn -0.0862 0.2430 0.9662
vn 0.4900 0.6720 0.5553
vn -0.3091 0.1830 0.9333
vn -0.1235 0.0291 0.9919
vn 0.2513 0.1336 0.9586
vn -0.8778 -0.3215 -0.3551
vn 0.0853 0.1123 0.9900
vn 0.0238 0.1701 0.9851
vn 0.8412 0.5329 -0.0918
vn -0.4389 -0.5759 -0.6898
vn 0.7944 0.6071 -0.0215
vn -0.7606 -0.4838 -0.4329
vn 0.1302 -0.3892 -0.9119
vn 0.9747 0.1212 -0.1878
vn 0.3004 0.9432 -0.1417
vn 0.7888 0.6137 -0.0353
vn 0.3731 -0.6542 -0.6579
vn -0.2488 -0.5190 -0.8178
vn 0.0374 -0.3448 -0.9379
vn -0.4053 -0.2341 -0.8837
vn 0.3614 0.9288 -0.0822
vn -0.0611 -0.0622 -0.9962
vn -0.1260 -0.1368 -0.9826
vn 0.1868 -0.4033 -0.8958
vn -0.0523 -0.2946 -0.9542
vn 0.0226 0.2772 -0.9605
vn -0.1769 0.0945 -0.9797
vn -0.0783 0.4020 -0.9123
vn -0.2019 0.3937 -0.8968
vn -0.6329 0.0282 -0.7737
vn 0.3611 0.9297 -0.0721
vn -0.4989 0.6312 -0.5939
vn 0.4321 0.8424 -0.3219
vn 0.6647 0.7444 -0.0626
vn 0.0508 0.9683 0.2445
vn -0.1125 -0.0526 0.9923
vn -0.9949 0.0595 -0.0819
vn -0.3816 -0.9223 0.0611
vn 0.5250 0.1539 0.8371
vn 0.1395 0.8652 0.4817
vn -0.1639 -0.1547 0.9743
vn -0.1381 -0.2147 -0.9669
vn -0.2441 -0.1195 0.9624
vn 0.9958 -0.0861 -0.0319
vn 0.4382 0.8668 -0.2380
vn -0.2581 -0.0523 0.9647
vn -0.3355 0.2534 0.9073
vn 0.4493 0.8888 0.0905
vn 0.6923 0.7205 -0.0399
vn -0.4344 0.3526 0.8288
vn 0.3223 0.8582 -0.3994
vn 0.2792 0.8851 -0.3723
vn -0.1219 0.7178 -0.6855
vn -0.6740 0.6041 0.4252
vn -0.5165 0.7107 0.4776
vn 0.2931 0.5664 -0.7703
vn -0.0116 0.6626 -0.7489
vn -0.7048 0.5892 -0.3951
vn 0.5100 0.8577 0.0644
vn 0.4666 0.8794 0.0941
vn 0.3783 0.2351 -0.8954
vn 0.1561 0.8054 -0.5718
vn 0.3151 0.7684 -0.5570
vn -0.6928 0.6645 0.2801
vn -0.7208 0.6133 -0.3229
vn 0.4096 0.8280 0.3831
vn 0.8641 0.4341 0.2547
vn 0.9227 0.2551 -0.2889
vn -0.2410 0.4126 -0.8785
vn -0.4223 0.1121 -0.8995
vn -0.0565 0.4644 -0.8838
vn 0.1488 0.2177 -0.9646
vn 0.3184 0.4556 -0.8313
vn -0.1773 0.2260 -0.9578
vn 0.0143 0.2453 -0.9693
vn 0.0407 0.2175 -0.9752
vn -0.0545 0.4643 -0.8840
vn 0.0128 0.3943 -0.9189
vn -0.4765 -0.5370 -0.6961
vn -0.2030 -0.5813 -0.7879
vn 0.6449 -0.1189 -0.7550
vn -0.5830 -0.1527 -0.7980
vn -0.3825 0.2448 0.8909
vn 0.0071 0.1081 0.9941
vn -0.0224 -0.0136 0.9997
vn 0.2912 -0.2238 0.9301
vn -0.2587 0.2321 0.9377
vn -0.3504 0.3209 0.8799
vn -0.2449 -0.3955 0.8852
vn -0.2416 -0.3956 0.8861
vn -0.6658 0.4691 0.5802
vn 0.0505 0.2117 0.9760
vn 0.1749 0.2280 0.9578
vn -0.1897 0.1626 0.9683
vn -0.4365 0.1661 0.8842
vn -0.4536 0.1455 0.8792
vn -0.6413 0.1751 0.7470
vn -0.7671 0.4691 0.4377
vn 0.7397 -0.5667 0.3629
vn -0.6699 0.1855 0.7189
vn -0.6911 0.1903 0.6973
vn 0.5913 0.5133 0.6220
vn 0.6721 0.4109 0.6161
vn -0.6752 -0.2378 0.6983
vn -0.9131 -0.0608 0.4031
vn 0.6665 0.5800 0.4684
vn -0.9162 0.2413 0.3199
vn -0.6744 -0.6685 -0.3134
vn -0.9729 -0.1228 0.1959
vn -0.0537 -0.6025 -0.7963
vn 0.7549 -0.6359 0.1604
vn 0.6336 -0.5100 -0.5817
vn -0.6124 0.1273 -0.7802
vn -0.8819 0.2027 0.4257
vn 0.1352 0.1898 0.9725
vn 0.2828 -0.6355 -0.7184
vn -0.9867 0.1575 0.0405
vn -0.5765 -0.8117 -0.0940
vn 0.8603 -0.4515 0.2367
vn -0.6449 -0.7624 -0.0538
vn -0.9851 0.1702 0.0263
vn -0.0097 0.1105 -0.9938
vn -0.1516 -0.0774 -0.9854
vn 0.2661 0.1972 -0.9436
vn 0.4486 0.4034 -0.7975
vn -0.4442 -0.8951 0.0401
vn 0.7619 -0.5881 0.2713
vn 0.7196 0.5551 0.4171
vn 0.8264 0.5360 0.1725
vn 0.7607 0.5992 0.2496
vn -0.4558 -0.8568 0.2413
vn -0.4400 -0.8151 0.3769
vn -0.3445 -0.9328 0.1061
vn 0.7355 0.6492 0.1936
vn -0.7870 0.0189 0.6166
vn -0.7148 -0.6194 0.3247
vn 0.7014 0.7099 0.0640
vn 0.0963 0.1603 -0.9824
vn 0.1151 0.1429 -0.9830
vn -0.9234 0.2797 -0.2629
vn 0.6618 0.2034 -0.7215
vn -0.4659 -0.4218 -0.7778
vn -0.9360 0.2701 -0.2259
vn -0.5121 0.5487 -0.6608
vn -0.9105 0.3160 -0.2666
vn 0.9594 -0.2818 -0.0114
vn 0.9738 -0.2015 -0.1053
vn 0.9266 0.3742 -0.0381
vn -0.8819 0.2964 -0.3666
vn -0.5950 0.7237 -0.3495
vn -0.9788 0.1915 -0.0727
vn 0.9326 0.3452 0.1047
vn 0.8781 0.4252 0.2195
vn 0.8220 0.5369 0.1896
vn -0.4952 0.8304 -0.2553
vn 0.7479 0.4388 -0.4981
vn 0.8406 0.4181 0.3445
vn 0.2676 0.9635 0.0003
vn -0.6711 0.6944 -0.2597
vn -0.1775 0.7576 -0.6281
vn 0.4304 0.6127 -0.6628
vn -0.1524 0.9443 -0.2916
vn 0.3927 0.6255 -0.6742
vn -0.2032 0.9448 -0.2572
vn 0.1161 0.9866 -0.1145
vn 0.0208 0.9991 -0.0375
vn 0.0011 0.9834 -0.1813
vn -0.0521 0.9927 -0.1083
vn -0.5066 0.3973 -0.7652
vn -0.6589 0.4456 -0.6060
vn 0.5251 0.8200 0.2278
vn -0.3741 0.5302 -0.7609
vn 0.4109 0.9113 -0.0265
vn -0.5427 0.5354 -0.6471
vn -0.1850 0.8569 -0.4811
vn -0.2422 0.8054 -0.5410
vn -0.3926 0.7107 -0.5837
vn 0.2907 0.9078 -0.3024
vn -0.2700 0.9250 -0.2672
vn 0.0511 0.9074 -0.4171
vn 0.0427 0.0366 0.9984
vn 0.1729 0.0353 0.9843
vn 0.0949 0.6189 0.7797
vn 0.3165 0.5153 0.7964
vn -0.3606 0.4676 0.8071
vn -0.2518 0.6354 0.7299
vn -0.1825 0.3842 0.9050
vn -0.9657 0.1116 0.2345
vn 0.3064 0.1432 0.9411
vn 0.2452 0.1423 0.9590
vn 0.0332 0.0366 0.9988
vn -0.3243 0.0182 0.9458
vn -0.3312 0.0264 0.9432
vn -0.5815 -0.5939 -0.5560
vn -0.3874 -0.1417 -0.9110
vn -0.0422 -0.5322 -0.8455
vn -0.1863 -0.0726 -0.9798
vn -0.3073 0.1554 -0.9389
vn -0.0519 0.2740 -0.9603
vn -0.1458 -0.0434 -0.9884
vn -0.2786 0.1537 -0.9480
vn -0.6651 0.0117 -0.7467
vn -0.5045 0.0064 -0.8634
vn 0.4535 0.8909 0.0250
vn -0.3045 0.2310 -0.9241
vn -0.1395 0.2494 -0.9583
vn -0.9148 0.3974 0.0718
vn 0.0808 -0.0399 0.9959
vn -0.5124 0.6237 0.5903
vn -0.1700 -0.1477 0.9743
vn -0.1816 -0.1232 0.9756
vn -0.2051 -0.1481 0.9675
vn -0.3046 -0.0530 0.9510
vn -0.3042 0.0077 0.9526
vn -0.2677 0.0095 0.9635
vn -0.4506 0.1966 0.8708
vn 0.2318 0.9601 -0.1564
vn -0.4536 0.4446 0.7723
vn -0.2717 0.3717 0.8877
vn -0.3232 0.4273 0.8443
vn 0.0199 0.6624 0.7489
vn -0.6003 0.7190 0.3502
vn -0.1879 0.4965 -0.8474
vn 0.3043 0.4748 -0.8258
vn -0.2417 0.3067 -0.9206
vn 0.0366 0.0555 -0.9978
vn 0.7923 0.1611 0.5885
vn -0.9142 0.3080 -0.2635
vn -0.3513 0.3012 -0.8865
vn 0.1170 -0.1998 -0.9728
vn -0.1976 0.0639 -0.9782
vn -0.1431 -0.0346 0.9891
vn 0.2090 0.0463 0.9768
vn -0.2138 0.2369 0.9477
vn -0.0029 -0.2320 0.9727
vn 0.1021 0.1304 0.9862
vn 0.7788 0.5600 0.2827
vn -0.1361 -0.9747 -0.1775
vn 0.0979 -0.8253 -0.5562
vn -0.9747 0.0638 -0.2142
vn -0.8094 0.0467 -0.5854
vn 0.8724 -0.4661 0.1474
vn -0.1584 -0.1545 -0.9752
vn -0.2549 -0.0502 -0.9657
vn 0.2095 0.1326 -0.9688
vn -0.3463 0.3346 -0.8764
vn -0.9369 0.2326 -0.2608
vn 0.4614 0.8863 0.0398
vn -0.3922 0.8445 -0.3645
vn 0.4004 0.9155 0.0396
vn 0.9691 -0.0350 -0.2442
vn 0.4603 0.8877 -0.0124
vn 0.3942 0.9190 0.0007
vn 0.3698 0.9288 0.0239
vn 0.8544 0.2122 -0.4743
vn 0.7398 0.3582 -0.5695
vn 0.3649 0.9279 -0.0761
vn 0.2633 0.9587 -0.1075
vn -0.0257 0.8283 -0.5597
vn -0.2149 0.9291 -0.3009
vn 0.1224 0.9925 -0.0074
vn 0.7831 0.5929 0.1878
vn 0.5365 0.8423 0.0522
vn 0.2065 0.9652 -0.1603
vn 0.0132 0.0687 0.9976
vn -0.0760 0.4083 0.9097
vn -0.0399 0.1202 0.9919
vn -0.0469 0.1006 -0.9938
vn 0.0016 -0.1676 0.9859
vn -0.1583 -0.1551 0.9751
vn -0.1531 -0.1605 0.9751
vn -0.4498 0.1963 0.8713
vn -0.0728 0.9873 -0.1411
vn 0.1596 0.8103 -0.5639
vn 0.0419 -0.1164 -0.9923
vn -0.3029 0.1286 0.9443
vn -0.2814 0.1005 0.9543
vn 0.1953 -0.1673 0.9664
vn 0.1477 -0.1654 0.9751
vn 0.0428 -0.2750 0.9605
vn 0.2863 -0.8850 -0.3671
vn -0.1466 -0.9888 -0.0263
vn 0.1664 -0.8657 -0.4720
vn -0.8654 -0.0409 -0.4995
vn -0.9840 0.1509 0.0948
vn 0.7249 0.6644 0.1818
vn -0.4572 -0.8695 0.1870
vn -0.4315 -0.8761 0.2150
vn -0.8516 0.3365 -0.4020
vn -0.2539 0.9411 -0.2235
vn -0.0101 0.8201 -0.5722
vn -0.1073 0.9734 -0.2026
vn -0.0006 0.9923 -0.1239
vn 0.0877 0.9739 -0.2095
vn -0.2799 0.7466 -0.6036
vn -0.2934 0.7532 -0.5887
vn 0.0511 0.9450 -0.3230
vn 0.4408 0.8964 0.0468
vn -0.2847 -0.9553 0.0796
vn -0.0984 0.9871 0.1260
vn -0.1244 0.9822 -0.1410
vn 0.2729 0.7825 -0.5597
vn -0.4911 -0.6709 0.5556
vn 0.0779 -0.9950 -0.0621
vn 0.6435 0.6820 0.3477
vn 0.6740 0.6734 0.3038
vn -0.3601 -0.9014 -0.2404
vn -0.8837 0.2976 -0.3613
vn -0.2750 0.9042 -0.3268
vn -0.3344 0.8984 -0.2848
vn -0.2553 0.9404 -0.2248
vn 0.2545 0.9519 -0.1705
vn -0.1869 0.8566 -0.4810
vn 0.2903 0.9516 -0.1010
vn 0.1807 0.9828 0.0390
vn 0.3724 0.8919 -0.2564
vn 0.3088 0.9364 -0.1667
vn 0.1177 0.9625 -0.2446
vn 0.1939 0.8565 -0.4784
vn -0.0050 -0.1687 -0.9857
vn -0.4633 -0.7139 -0.5251
vn -0.3883 -0.1325 -0.9120
vn 0.2214 -0.9689 0.1104
vn -0.6799 0.2262 0.6976
vn 0.7042 0.5738 0.4181
vn -0.2328 -0.8753 -0.4239
vn 0.0636 -0.9844 -0.1640
vn -0.3523 -0.9350 0.0402
vn 0.4690 0.4976 -0.7297
vn -0.4505 -0.8902 -0.0668
vn 0.7301 -0.6215 0.2840
vn 0.6556 0.7383 0.1585
vn -0.9320 0.2505 -0.2618
vn -0.3224 0.7818 -0.5337
vn -0.7649 0.3907 -0.5122
vn -0.5025 0.7503 -0.4295
vn -0.0365 0.9756 -0.2165
vn -0.1080 0.9842 -0.1402
vn 0.0883 0.9844 -0.1523
vn 0.1365 0.9848 -0.1072
vn -0.0078 0.9465 -0.3227
vn 0.0550 0.9754 0.2136
vn 0.0619 -0.6731 -0.7370
vn -0.0306 0.9990 0.0340
vn 0.2934 0.9540 -0.0610
vn -0.7392 0.4726 0.4799
vn 0.3261 0.9447 0.0354
vn 0.6441 0.3877 -0.6594
vn 0.1234 0.9912 0.0487
vn -0.2492 -0.0196 0.9683
vn 0.0807 0.9696 0.2309
vn -0.5012 0.3956 0.7696
vn -0.0771 -0.9643 -0.2532
vn -0.6583 0.5912 0.4660
vn 0.6784 0.6671 0.3079
vn -0.0296 -0.9687 -0.2466
vn 0.3977 0.4672 -0.7897
vn 0.6640 0.7385 0.1172
vn -0.3465 -0.9363 0.0573
vn -0.8895 0.4537 -0.0542
vn 0.3219 0.9457 0.0462
vn 0.3221 0.9466 -0.0141
vn -0.3386 0.8669 -0.3659
vn -0.2552 0.9427 -0.2151
vn 0.2373 0.9682 -0.0787
vn 0.1296 0.9915 0.0065
vn 0.6780 0.7059 0.2051
vn 0.5309 0.8458 0.0522
vn 0.3743 0.9267 -0.0320
vn -0.1760 0.7825 -0.5973
vn -0.2185 0.7933 -0.5682
vn 0.2540 0.9500 -0.1817
vn -0.3157 0.1299 0.9399
vn 0.3823 0.9203 -0.0828
vn 0.3875 0.9185 -0.0788
vn -0.1551 -0.8320 -0.5326
vn -0.4347 -0.4068 -0.8034
vn 0.1731 0.9845 0.0278
vn 0.1743 0.9827 0.0628
vn 0.3351 0.9318 0.1398
vn 0.2415 0.9379 -0.2491
vn 0.2068 0.9528 -0.2224
vn -0.0456 0.9586 0.2810
vn -0.2039 -0.9750 -0.0885
vn 0.9140 -0.3042 0.2683
vn 0.0489 -0.9506 -0.3064
vn 0.1517 -0.8957 -0.4180
vn -0.8829 0.4614 0.0874
vn -0.1258 -0.9584 0.2561
vn 0.4991 0.8648 0.0554
vn 0.4466 0.8947 -0.0092
vn -0.1367 0.4461 -0.8845
vn -0.3809 0.7621 -0.5235
vn 0.4458 0.8917 -0.0783
vn 0.2390 0.9656 -0.1021
vn -0.8782 0.2180 -0.4257
vn -0.1499 0.9350 -0.3213
vn -0.0313 0.9949 -0.0955
vn -0.6442 0.5561 -0.5251
vn 0.4325 0.7129 -0.5520
vn 0.5261 0.8352 0.1602
vn 0.3856 0.9131 -0.1329
vn -0.1773 0.8646 0.4702
vn 0.3801 0.9191 -0.1037
vn 0.3828 0.9205 -0.0783
vn 0.4035 0.9117 0.0773
vn 0.4069 0.5872 -0.6997
vn 0.0714 0.8778 -0.4737
vn -0.5362 -0.3846 0.7514
vn 0.4760 0.6328 0.6107
vn 0.6001 0.5476 0.5831
vn 0.0487 -0.9859 -0.1600
vn -0.0399 -0.9874 -0.1531
vn -0.1890 -0.9748 0.1188
vn -0.2868 -0.9380 -0.1949
vn -0.7971 0.3225 0.5104
vn 0.6897 0.6814 0.2450
vn 0.1786 -0.9727 -0.1482
vn -0.0167 -0.9984 0.0547
vn 0.5048 0.8631 -0.0180
vn 0.9924 -0.1144 -0.0461
vn -0.2004 0.8992 -0.3890
vn -0.2216 0.9433 -0.2470
vn -0.1441 0.9549 -0.2596
vn 0.0627 0.9772 -0.2031
vn 0.6792 0.7337 -0.0199
vn -0.3527 0.6968 -0.6246
vn -0.1896 0.9091 -0.3709
vn 0.3798 0.9107 -0.1626
vn -0.2945 -0.1874 0.9371
vn -0.7448 0.5874 0.3165
vn 0.2694 0.4094 0.8717
vn -0.2207 -0.9305 -0.2924
vn 0.8181 -0.0321 0.5741
vn 0.6884 0.5329 0.4921
vn -0.0699 -0.9832 0.1689
vn -0.3323 -0.9354 -0.1208
vn 0.8700 -0.0778 0.4868
vn -0.9503 0.3106 -0.0227
vn 0.7174 0.6401 0.2751
vn -0.1126 -0.9922 -0.0537
vn -0.2323 -0.9717 0.0429
vn -0.0174 -0.9986 0.0506
vn 0.2971 0.0273 -0.9545
vn -0.0022 0.9871 -0.1601
vn 0.1237 0.9862 -0.1104
vn 0.0619 0.9843 -0.1652
vn -0.3932 0.7071 -0.5877
vn -0.3725 0.7071 -0.6010
vn 0.0198 0.8426 -0.5381
vn 0.2114 0.9600 -0.1837
vn -0.0064 0.9199 -0.3922
vn 0.0550 0.9788 0.1972
vn 0.3016 0.9433 0.1383
vn 0.6256 0.3699 -0.6869
vn 0.2077 0.1310 0.9694
vn -0.3370 0.2388 0.9107
vn 0.0914 -0.2828 0.9548
vn -0.2046 0.0364 0.9782
vn -0.2354 -0.0848 0.9682
vn 0.6464 -0.0034 0.7630
vn -0.5355 0.2499 0.8067
vn 0.5026 0.2492 0.8278
vn 0.3570 -0.7794 0.5149
vn -0.4320 -0.4228 -0.7966
vn -0.7970 0.3495 0.4925
vn -0.6778 -0.2666 0.6852
vn -0.6765 0.2427 0.6953
vn -0.9580 0.2821 -0.0518
vn 0.8785 -0.4114 0.2427
vn -0.6837 -0.7079 -0.1775
vn -0.9115 0.4107 0.0244
vn -0.8411 0.2907 -0.4562
vn -0.1885 -0.0653 -0.9799
vn -0.1575 -0.0841 -0.9839
vn 0.2359 -0.3954 -0.8877
vn -0.9023 0.4298 -0.0343
vn 0.9965 0.0001 0.0840
vn 0.9624 0.1384 -0.2338
vn 0.2295 0.9714 -0.0605
vn 0.9991 -0.0229 -0.0355
vn -0.7214 0.3984 -0.5664
vn 0.9315 0.2008 -0.3033
vn 0.9622 0.1383 -0.2346
vn -0.7828 0.4869 -0.3875
vn 0.2620 0.3967 -0.8798
vn 0.4780 0.6295 -0.6125
vn 0.0015 0.7520 -0.6592
vn -0.6379 0.5105 -0.5767
vn 0.2770 0.1653 0.9466
vn -0.0729 0.3927 0.9168
vn 0.2912 0.0958 0.9519
vn 0.2223 0.0982 0.9700
vn -0.4480 0.0554 -0.8923
vn -0.4395 0.0661 -0.8958
vn -0.0997 0.9815 -0.1634
vn 0.0316 0.8846 0.4653
vn -0.3296 -0.1815 0.9265
vn -0.3902 -0.1011 0.9152
vn 0.2454 0.9370 -0.2487
vn -0.7057 0.5882 -0.3951
vn 0.6355 0.4038 -0.6581
vn 0.1129 0.7371 -0.6663
vn -0.1930 0.5082 -0.8394
vn 0.3257 -0.1817 0.9279
vn -0.0946 0.1345 0.9864
vn -0.1094 -0.0939 0.9895
vn 0.3699 -0.3167 -0.8734
vn 0.0288 0.9961 0.0830
vn 0.4396 -0.4114 0.7985
vn 0.1824 -0.2370 0.9542
vn 0.1030 0.4269 0.8984
vn -0.0040 -0.2862 0.9582
vn -0.2983 0.1989 0.9335
vn 0.0442 -0.2409 0.9695
vn -0.0037 -0.3442 0.9389
vn -0.2612 0.2036 0.9436
vn 0.4591 -0.0195 0.8882
vn -0.2980 0.2119 0.9307
vn -0.3795 0.2886 0.8790
vn 0.2748 0.4141 0.8678
vn -0.0378 -0.1037 0.9939
vn 0.0126 -0.2892 0.9572
vn 0.1738 -0.2011 0.9640
vn 0.5933 0.3636 0.7182
vn -0.8767 0.2786 0.3921
vn 0.4323 0.6643 0.6098
vn -0.7361 0.4690 0.4881
vn 0.5919 0.3127 0.7429
vn 0.6741 0.0665 0.7357
vn 0.3138 -0.1771 0.9328
vn -0.6584 0.3085 0.6866
vn 0.7998 0.2116 0.5617
vn -0.8616 0.2835 0.4211
vn -0.6721 0.2882 0.6821
vn -0.9947 -0.0026 -0.1023
vn -0.9586 0.2811 0.0450
vn 0.7308 -0.6780 -0.0793
vn 0.6706 0.2845 0.6851
vn 0.8429 -0.0292 0.5372
vn 0.0783 -0.4159 0.9060
vn 0.8805 -0.0786 0.4675
vn -0.8124 0.3449 0.4701
vn 0.8946 0.2166 0.3907
vn -0.7455 -0.3989 -0.5339
vn -0.8658 -0.2716 -0.4202
vn -0.4565 -0.2180 -0.8626
vn -0.1878 0.2027 -0.9611
vn -0.0358 -0.1566 0.9870
vn -0.9503 0.3068 -0.0524
vn 0.5931 0.2308 0.7714
vn 0.9367 0.2058 0.2832
vn 0.8964 -0.2523 0.3645
vn 0.8832 -0.1787 0.4336
vn 0.8998 -0.2297 0.3710
vn -0.8825 0.3560 0.3073
vn -0.8823 0.3460 0.3192
vn 0.9520 0.2718 0.1408
vn 0.8828 0.3898 0.2622
vn 0.6330 0.7302 0.2572
vn 0.8772 -0.2769 0.3923
vn -0.9134 0.4070 -0.0074
vn -0.8852 0.3596 -0.2953
vn -0.9148 0.3323 -0.2297
vn 0.1606 0.4169 -0.8947
vn -0.4224 0.1538 -0.8933
vn 0.9863 0.0785 -0.1451
vn 0.2825 -0.5230 -0.8041
vn 0.8582 -0.4300 0.2803
vn -0.6952 0.3306 -0.6383
vn -0.8521 0.1944 -0.4859
vn -0.5609 -0.2220 -0.7975
vn 0.7781 -0.5664 -0.2716
vn 0.5710 0.7830 0.2466
vn 0.7030 -0.3609 0.6128
vn -0.9333 0.3567 -0.0424
vn -0.7884 -0.1451 -0.5979
vn -0.7886 -0.1459 -0.5974
vn 0.1997 -0.3363 -0.9204
vn 0.9143 -0.3127 0.2576
vn -0.9051 0.4092 -0.1158
vn 0.9683 -0.2326 0.0908
vn 0.5428 0.8394 -0.0292
vn 0.1091 0.3599 -0.9266
vn -0.1389 0.4558 -0.8792
vn 0.0550 0.5483 -0.8345
vn 0.2775 0.3622 -0.8898
vn -0.2484 0.5641 -0.7875
vn 0.0295 0.7086 -0.7050
vn -0.3228 0.8247 -0.4643
vn 0.2295 0.9714 -0.0602
vn 0.6320 0.3056 -0.7121
vn 0.1188 0.9824 -0.1444
vn -0.9180 0.2913 -0.2690
vn -0.1997 0.8993 -0.3891
vn 0.2258 0.8964 -0.3814
vn -0.0031 0.9926 -0.1213
vn -0.8133 0.4534 -0.3645
vn -0.9613 0.1909 -0.1986
vn 0.8661 0.4910 -0.0942
vn 0.8186 0.3634 -0.4447
vn 0.8728 0.4746 0.1139
vn -0.6358 0.6468 -0.4211
vn 0.7472 0.6646 0.0056
vn -0.6005 0.5323 -0.5967
vn 0.5367 0.8099 0.2368
vn -0.3706 0.6635 -0.6499
vn -0.4969 0.6154 -0.6119
vn -0.5281 0.6422 -0.5556
vn -0.0100 0.9414 -0.3372
vn -0.1791 0.7904 -0.5858
vn -0.0943 0.1209 0.9882
vn 0.1985 0.1674 0.9657
vn 0.1562 0.1273 0.9795
vn -0.2277 0.2037 0.9522
vn 0.3507 0.1578 0.9231
vn -0.1228 0.0826 0.9890
vn -0.2751 -0.3767 0.8845
vn -0.9628 0.2557 -0.0872
vn 0.2574 -0.0341 0.9657
vn 0.1291 -0.2759 0.9525
vn -0.5683 -0.0863 -0.8183
vn -0.7549 -0.1611 -0.6358
vn -0.8560 -0.4671 -0.2214
vn 0.2591 0.9606 -0.1005
vn 0.2893 0.9548 -0.0685
vn 0.0339 0.5682 -0.8222
vn -0.2855 0.2678 -0.9202
vn -0.2649 0.2749 -0.9243
vn -0.0504 0.2230 -0.9735
vn 0.1471 0.5672 -0.8103
vn -0.0641 0.2924 -0.9541
vn 0.1322 -0.2346 -0.9631
vn 0.3271 -0.4465 -0.8329
vn -0.3180 -0.0443 -0.9471
vn -0.1920 0.0851 -0.9777
vn 0.1801 -0.4456 -0.8769
vn 0.2462 0.8663 -0.4346
vn -0.0040 0.5384 -0.8427
vn -0.1231 0.4135 -0.9022
vn -0.1565 -0.1745 0.9721
vn 0.0567 0.4038 0.9131
vn -0.1666 -0.2253 0.9600
vn -0.1150 -0.1771 0.9775
vn -0.2085 -0.2235 0.9521
vn -0.2525 -0.1826 0.9502
vn 0.4758 0.8289 0.2942
vn -0.2872 -0.1570 0.9449
vn 0.3733 0.8609 0.3456
vn 0.6063 0.7293 -0.3170
vn 0.1231 0.8664 -0.4840
vn 0.2349 0.8818 -0.4091
vn 0.1211 0.1375 -0.9831
vn 0.4891 0.2019 -0.8485
vn -0.3381 0.0017 0.9411
vn -0.3335 -0.0037 0.9427
vn -0.4646 0.5255 0.7128
vn 0.1640 -0.0323 0.9859
vn 0.3610 0.8503 -0.3830
vn 0.9461 -0.1433 0.2905
vn -0.4475 0.6337 -0.6310
vn 0.3675 0.8478 -0.3824
vn -0.7821 0.2352 -0.5771
vn 0.3093 -0.4197 -0.8534
vn -0.8170 0.4273 0.3872
vn 0.7921 0.2970 -0.5333
vn -0.0121 0.9999 0.0050
vn -0.6198 0.6277 -0.4711
vn 0.1414 0.6672 -0.7313
vn 0.0387 0.7846 -0.6188
vn -0.8168 0.4293 0.3854
vn 0.0088 0.4132 -0.9106
vn 0.0272 0.4351 -0.9000
vn -0.8236 0.1982 -0.5315
vn -0.4040 0.2430 -0.8819
vn -0.0216 -0.0497 -0.9985
vn -0.6113 0.4136 -0.6747
vn 0.6628 0.2065 -0.7197
vn 0.0444 0.3145 -0.9482
vn 0.0280 0.2962 -0.9547
vn -0.2331 -0.4321 0.8712
vn -0.1694 0.1250 0.9776
vn 0.2945 0.2414 0.9247
vn 0.3548 -0.4433 0.8231
vn -0.1348 0.2305 0.9637
vn 0.0124 -0.3461 0.9381
vn -0.5597 0.5022 0.6592
vn 0.5554 -0.1409 0.8195
vn 0.6026 0.3583 0.7131
vn -0.7095 0.4922 0.5043
vn 0.4517 -0.2154 0.8658
vn -0.9963 -0.0675 0.0528
vn -0.9580 0.1160 0.2622
vn 0.5625 -0.1312 0.8163
vn 0.6796 0.0359 0.7327
vn -0.5758 0.2966 0.7619
vn -0.6741 0.4616 0.5767
vn 0.0215 0.0499 0.9985
vn -0.4102 -0.3955 0.8218
vn -0.3922 -0.3374 -0.8557
vn 0.4387 0.0317 0.8981
vn 0.9500 0.1067 0.2935
vn -0.8094 0.3024 0.5034
vn -0.8434 0.3555 0.4030
vn -0.9278 0.3368 -0.1604
vn -0.1559 0.2522 -0.9550
vn 0.5831 0.7924 0.1790
vn -0.6361 0.1254 -0.7613
vn -0.4909 -0.0752 -0.8680
vn 0.5462 -0.3772 -0.7479
vn 0.6202 0.7819 0.0635
vn 0.9389 -0.2650 0.2195
vn -0.9855 0.0249 -0.1681
vn 0.9717 -0.1563 0.1773
vn 0.0019 0.5746 -0.8184
vn 0.4015 0.9003 -0.1682
vn -0.0167 0.7861 -0.6179
vn -0.9826 0.0264 -0.1838
vn 0.5280 0.2593 -0.8087
vn -0.3101 0.6360 -0.7066
vn 0.5873 0.2603 -0.7664
vn 0.3629 0.9129 -0.1868
vn -0.2817 0.8370 -0.4690
vn -0.0451 0.9185 -0.3928
vn -0.1905 0.8824 -0.4301
vn -0.1000 0.9326 -0.3469
vn 0.2421 0.9104 -0.3355
vn -0.9418 0.1439 -0.3037
vn 0.8383 0.2832 -0.4659
vn -0.1084 0.9610 -0.2545
vn 0.8505 0.3531 -0.3898
vn -0.3059 0.8940 -0.3275
vn -0.8971 0.4178 -0.1436
vn -0.9715 0.1175 -0.2060
vn -0.7757 0.4838 -0.4052
vn 0.8987 0.3389 -0.2785
vn 0.6473 0.2507 -0.7198
vn 0.8640 0.4848 0.1357
vn 0.8638 0.4957 0.0901
vn -0.8848 0.3693 -0.2842
vn 0.6330 0.4995 -0.5915
vn -0.5767 0.6051 -0.5489
vn -0.0568 0.7227 -0.6888
vn -0.7015 0.5606 -0.4399
vn 0.8512 0.4854 0.1996
vn -0.6866 0.5700 -0.4513
vn -0.4872 0.6643 -0.5669
vn 0.7468 0.6636 0.0441
vn -0.3238 0.8068 -0.4942
vn 0.5414 0.8408 -0.0047
vn 0.4045 0.9117 -0.0717
vn 0.4117 0.9084 -0.0726
vn -0.2291 0.6724 -0.7038
vn -0.3717 0.8166 -0.4417
vn 0.3304 0.9129 -0.2397
vn 0.1269 0.7992 -0.5875
vn -0.2772 0.7746 -0.5685
vn 0.1343 0.9519 -0.2755
vn 0.2010 0.9408 -0.2730
vn 0.3360 0.9325 -0.1321
vn -0.0904 0.8729 -0.4795
vn 0.0992 0.8416 -0.5308
vn 0.0271 0.1272 0.9915
vn 0.0153 0.1387 0.9902
vn -0.3085 0.1868 0.9327
vn 0.3659 0.1522 0.9181
vn 0.2783 0.0956 0.9557
vn -0.2332 0.3856 0.8927
vn 0.0112 -0.4051 0.9142
vn 0.6313 0.7736 -0.0549
vn -0.9417 0.0405 -0.3339
vn -0.0082 -0.2786 0.9604
vn -0.1295 -0.5133 0.8484
vn 0.3883 0.8855 0.2551
vn 0.3557 0.8992 -0.2548
vn -0.6796 -0.1632 -0.7152
vn 0.4243 0.8817 -0.2063
vn 0.0443 -0.0737 -0.9963
vn 0.2947 0.9499 -0.1045
vn -0.0740 0.2926 -0.9534
vn 0.1134 0.0810 -0.9902
vn 0.4282 0.4921 0.7579
vn -0.4129 -0.5590 -0.7190
vn 0.2576 0.9466 -0.1937
vn 0.2702 -0.5451 -0.7937
vn 0.3085 0.9507 -0.0319
vn -0.0540 0.0870 -0.9947
vn 0.8218 0.4701 -0.3219
vn -0.2865 0.4291 -0.8566
vn 0.0406 0.4032 0.9142
vn 0.0447 0.5496 0.8342
vn 0.5688 0.6441 0.5114
vn -0.3378 -0.1082 0.9350
vn 0.3174 0.7643 0.5614
vn -0.4600 -0.1565 0.8740
vn 0.1432 0.1198 -0.9824
vn -0.0211 0.7830 -0.6217
vn 0.9874 -0.0619 -0.1458
vn -0.7845 0.4231 0.4533
vn 0.9436 0.3311 0.0024
vn 0.0808 0.8895 0.4497
vn -0.3096 0.9042 -0.2943
vn 0.2275 0.9380 -0.2613
vn 0.6459 0.3292 -0.6888
vn 0.3454 0.7628 -0.5467
vn 0.5763 0.3880 -0.7193
vn 0.9712 0.1704 -0.1665
vn -0.9945 0.0920 -0.0497
vn 0.4421 0.2508 -0.8612
vn 0.2740 -0.0433 -0.9608
vn 0.7104 0.4262 -0.5601
vn 0.1094 -0.2085 0.9719
vn -0.0530 -0.1189 0.9915
vn 0.0987 0.1949 0.9758
vn 0.0640 -0.0968 0.9932
vn 0.1404 0.2230 0.9647
vn -0.9957 -0.0857 0.0354
vn -0.1362 -0.4387 0.8882
vn 0.3896 -0.4500 0.8036
vn 0.7149 0.6933 0.0909
vn -0.1951 0.0906 0.9766
vn 0.6602 0.0659 0.7482
vn 0.0371 0.1125 0.9930
vn 0.1981 -0.2078 0.9579
vn 0.7585 0.0370 0.6507
vn 0.9104 -0.1869 0.3690
vn -0.9612 -0.0811 -0.2637
vn -0.9501 0.2238 0.2173
vn -0.8738 0.3401 0.3474
vn 0.9408 0.2646 0.2116
vn 0.9200 -0.2396 0.3101
vn 0.9183 -0.2943 0.2646
vn -0.8819 0.4641 0.0832
vn 0.2482 0.3992 -0.8826
vn -0.2513 0.1645 -0.9538
vn 0.2511 0.2813 -0.9262
vn 0.8603 -0.4149 0.2961
vn -0.9124 0.3888 0.1277
vn -0.6196 -0.1377 -0.7728
vn -0.9177 0.3623 0.1627
vn -0.3602 -0.3027 -0.8824
vn 0.4235 0.9038 0.0618
vn 0.5201 0.8420 0.1432
vn -0.9057 0.4111 -0.1035
vn 0.4139 0.9044 -0.1032
vn 0.3928 0.9154 -0.0876
vn 0.1605 0.4063 -0.8995
vn -0.8634 0.3974 -0.3108
vn 0.3204 0.3158 -0.8931
vn -0.8695 0.3902 -0.3029
vn 0.0058 0.7387 -0.6740
vn -0.1892 0.9270 -0.3238
vn -0.9429 0.1764 -0.2824
vn -0.8644 0.4043 -0.2990
vn -0.5479 0.4580 -0.7000
vn -0.2277 0.8077 -0.5439
vn -0.6219 0.6193 -0.4794
vn 0.1818 0.9409 -0.2858
vn 0.0208 0.8766 -0.4807
vn -0.1914 0.2125 0.9582
vn 0.2296 0.1243 0.9653
vn -0.2880 0.2496 0.9245
vn -0.1531 0.2454 0.9573
vn -0.2880 0.1662 0.9431
vn -0.3167 0.1658 0.9339
vn 0.1557 -0.0243 0.9875
vn 0.0708 -0.0668 -0.9952
vn -0.0559 0.0689 -0.9961
vn -0.4882 -0.5013 -0.7144
vn 0.1026 0.9932 -0.0547
vn 0.0746 0.9692 -0.2346
vn 0.2504 0.2472 0.9361
vn 0.2133 0.4039 0.8896
vn -0.4579 -0.1560 0.8752
vn 0.3538 0.8440 -0.4030
vn -0.6041 -0.0959 0.7911
vn 0.2043 0.4093 -0.8892
vn 0.3776 0.2299 -0.8970
vn -0.0044 0.9484 -0.3170
vn 0.5039 0.3163 -0.8038
vn -0.1092 0.9422 -0.3168
vn 0.0505 0.9863 -0.1572
vn -0.8710 0.4882 0.0548
vn -0.1835 -0.0742 0.9802
vn 0.0412 -0.0838 0.9956
vn -0.1450 0.2242 0.9637
vn -0.1386 0.2303 0.9632
vn -0.1085 0.0573 0.9924
vn -0.4713 0.2808 0.8361
vn 0.8129 0.2561 0.5230
vn 0.9182 -0.2222 0.3279
vn 0.9076 0.4196 0.0106
vn 0.1241 0.2393 -0.9630
vn 0.6974 0.7165 0.0194
vn 0.5677 0.8204 -0.0675
vn -0.3105 -0.7040 0.6387
vn -0.9458 0.1474 -0.2895
vn -0.8445 0.3788 -0.3786
vn 0.6832 0.7233 0.1004
vn 0.4044 0.9145 -0.0111
vn 0.3075 0.9352 -0.1754
vn 0.0907 0.9218 -0.3768
vn -0.0818 0.9272 -0.3656
vn -0.0754 0.2462 0.9663
vn -0.1330 -0.5132 0.8479
vn 0.2081 0.2493 0.9458
vn -0.2907 -0.1838 0.9390
vn 0.3367 0.9119 0.2346
vn -0.4981 0.0012 0.8671
vn -0.1936 0.1796 0.9645
vn -0.6646 0.2771 0.6939
vn -0.9134 0.4021 -0.0637
vn -0.8988 -0.2214 -0.3783
vn -0.0367 0.7882 -0.6144
vn -0.0674 0.9040 -0.4221
vn -0.3216 0.8655 -0.3840
vn 0.5672 0.8169 -0.1045
vn 0.4312 -0.7542 0.4953
vn 0.5622 0.8131 -0.1507
vn -0.2257 0.8352 -0.5015
vn 0.0560 0.7784 -0.6252
vn 0.3752 0.8809 0.2885
vn -0.8871 0.4264 -0.1764
vn 0.0154 0.2440 -0.9697
vn -0.2082 0.9296 -0.3042
vn 0.5268 0.8429 -0.1097
vn 0.4199 0.8894 -0.1809
vn -0.1911 0.8312 -0.5220
vn 0.6764 0.7366 0.0016
vn -0.2170 0.8427 -0.4928
vn 0.1995 0.9607 -0.1933
vn -0.0272 -0.9832 0.1806
vn 0.1494 -0.9888 0.0023
vn 0.4049 0.8556 -0.3224
vn 0.2588 0.9487 -0.1815
vn 0.2148 -0.2210 -0.9513
vn -0.0583 -0.9860 -0.1563
vn -0.0241 0.9854 -0.1687
vn -0.1104 0.9935 -0.0261
vn -0.0084 0.6981 -0.7159
vn -0.0311 -0.0888 0.9956
vn 0.6563 -0.3015 0.6917
vn -0.0115 -0.9792 0.2027
vn -0.7167 0.6584 -0.2300
vn 0.0321 0.2349 -0.9715
vn -0.0398 0.2219 -0.9743
vn 0.2761 0.5176 -0.8099
vn 0.8751 -0.3777 0.3027
vn -0.0775 0.9323 -0.3534
vn 0.3931 0.8526 -0.3444
vn 0.7740 0.4089 -0.4834
vn -0.7001 0.3909 -0.5975
vn 0.7608 0.6457 -0.0658
vn -0.0964 -0.9937 0.0573
vn -0.0940 -0.9934 0.0657
vn 0.0424 -0.9135 0.4047
vn 0.1711 0.6434 -0.7462
vn -0.3761 -0.0456 -0.9255
vn 0.0398 0.8822 -0.4691
vn -0.2632 -0.8626 0.4320
vn -0.4583 0.8113 -0.3629
vn -0.2320 0.4639 0.8550
vn -0.5470 0.6959 0.4653
vn -0.2905 0.9419 0.1685
vn -0.4692 0.8288 -0.3049
vn -0.9178 0.3878 0.0855
vn -0.9203 0.3900 -0.0290
vn 0.0082 0.2530 -0.9674
vn -0.2179 0.0195 -0.9758
vn 0.5594 -0.4847 -0.6725
vn 0.0217 -0.6810 -0.7320
vn -0.4186 -0.8878 0.1911
vn 0.2261 0.9585 -0.1738
vn -0.7324 0.6403 -0.2314
vn 0.8526 0.4691 -0.2304
vn 0.7205 0.5673 -0.3989
vn 0.2349 0.9447 -0.2288
vn -0.0086 -1.0000 -0.0041
vn 0.3865 0.9196 -0.0705
vn 0.2686 0.7293 -0.6292
vn 0.2692 0.9045 -0.3306
vn 0.3197 -0.3440 -0.8829
vn -0.3536 -0.1459 0.9239
vn 0.3308 0.8657 -0.3757
vn -0.5766 -0.2392 0.7812
vn 0.2164 0.8942 -0.3920
vn 0.0113 0.7232 -0.6905
vn 0.2392 -0.8349 0.4956
vn 0.1823 -0.8057 0.5635
vn -0.6957 0.6499 0.3058
vn 0.8964 -0.1373 0.4214
vn 0.1161 0.4690 -0.8756
vn -0.6834 0.5838 -0.4383
vn -0.6028 0.7053 -0.3731
vn 0.2861 0.8219 -0.4927
vn -0.0318 -0.9870 0.1573
vn -0.3185 0.8221 -0.4719
vn -0.0830 -0.9953 0.0494
vn -0.0734 0.9327 -0.3530
vn -0.2300 0.8388 -0.4934
vn 0.1593 0.9577 -0.2397
vn 0.0160 0.9296 -0.3683
vn -0.2338 0.0538 0.9708
vn 0.2712 0.9606 0.0617
vn -0.4217 -0.9005 -0.1063
vn 0.2459 0.8721 -0.4230
vn 0.0306 -0.4207 0.9067
vn -0.1131 0.0158 0.9935
vn -0.9102 0.4103 -0.0559
vn 0.9530 0.3022 0.0210
vn 0.9951 -0.0157 0.0973
vn 0.0332 0.9028 -0.4288
vn -0.0185 0.7922 -0.6100
vn -0.0491 -0.9848 0.1667
vn -0.4395 0.7828 -0.4406
vn 0.3260 0.9342 -0.1448
vn 0.2339 0.9412 -0.2438
vn 0.3444 0.2672 -0.9000
vn 0.2891 0.9001 0.3259
vn 0.3331 0.8991 0.2841
vn -0.2668 0.3649 0.8920
vn 0.7437 -0.3618 0.5621
vn 0.5125 -0.7503 0.4175
vn 0.5470 -0.6965 0.4644
vn 0.7750 -0.4451 0.4486
vn 0.0077 0.2529 -0.9675
vn 0.0677 0.8797 -0.4706
vn 0.0955 0.8798 -0.4656
vn 0.0181 0.9036 -0.4279
vn -0.9428 0.1654 -0.2893
vn 0.3764 0.9095 -0.1763
vn -0.4475 0.7727 -0.4502
vn -0.9375 -0.3359 -0.0908
vn -0.9938 -0.0651 0.0901
vn 0.3251 0.9374 -0.1251
vn -0.2902 0.8107 -0.5084
vn 0.2434 0.1956 0.9500
vn -0.1809 0.9794 0.0902
vn 0.3209 0.8689 -0.3769
vn -0.5589 0.7706 -0.3064
vn -0.0209 0.7284 -0.6849
vn -0.2734 -0.6563 0.7032
vn 0.5660 0.1904 -0.8021
vn 0.5992 0.5744 -0.5577
vn 0.4899 0.2152 0.8448
vn -0.4731 0.5776 0.6653
vn 0.0118 -0.2119 0.9772
vn 0.3858 -0.5862 0.7124
vn 0.0312 -0.7964 0.6040
vn -0.3830 0.3827 0.8407
vn 0.1464 -0.5623 0.8139
vn 0.9483 0.3136 0.0491
vn 0.5181 -0.7907 0.3262
vn -0.7867 0.0094 -0.6173
vn 0.8940 -0.1652 0.4165
vn -0.8614 0.5017 -0.0788
vn 0.8705 -0.0554 0.4891
vn -0.6332 0.1748 -0.7540
vn -0.7431 0.0156 -0.6690
vn 0.1337 0.8388 -0.5278
vn 0.2001 0.8026 -0.5619
vn 0.0208 0.6966 -0.7171
vn 0.1370 0.5456 -0.8268
vn 0.5864 0.1677 -0.7925
vn 0.7512 0.5069 -0.4227
vn -0.6037 0.7040 -0.3742
vn 0.3965 0.6646 -0.6334
vn -0.3172 0.8623 -0.3947
vn -0.2737 0.8776 -0.3936
vn -0.2197 0.8476 -0.4830
vn 0.1580 0.9559 -0.2476
vn 0.9537 -0.2476 0.1706
vn -0.8928 0.4129 -0.1802
vn 0.0268 0.2245 0.9741
vn 0.1708 -0.1337 0.9762
vn -0.3134 0.2667 0.9114
vn -0.6812 0.2181 0.6989
vn 0.8379 0.5459 0.0032
vn 0.3223 0.8824 -0.3429
vn 0.0302 0.9189 -0.3934
vn 0.2473 0.2161 -0.9445
vn 0.1729 -0.3340 -0.9266
vn -0.0955 0.2678 0.9587
vn 0.1411 -0.4044 0.9036
vn -0.3576 -0.6825 0.6375
vn 0.5864 0.7471 0.3131
vn 0.1926 0.1917 -0.9624
vn 0.5875 0.6009 -0.5419
vn -0.6792 -0.1521 0.7180
vn 0.3839 -0.2961 0.8746
vn -0.0589 0.0564 0.9967
vn 0.0999 -0.4781 0.8726
vn 0.0350 0.4703 0.8818
vn -0.0535 0.4389 0.8969
vn -0.2913 0.0233 0.9564
vn 0.1309 0.5724 0.8094
vn 0.2095 -0.3879 0.8976
vn 0.2420 0.5699 0.7853
vn 0.1878 -0.5083 0.8405
vn 0.6800 -0.0728 0.7296
vn -0.3649 0.4405 0.8202
vn 0.8632 -0.4504 0.2279
vn 0.7056 0.0719 -0.7050
vn -0.5882 0.4596 0.6654
vn -0.4393 -0.1701 0.8821
vn 0.0450 0.0307 0.9985
vn -0.0594 -0.0661 0.9960
vn -0.6316 0.4613 0.6231
vn 0.5178 -0.7858 0.3383
vn -0.5168 -0.6763 0.5249
vn -0.9441 0.1867 0.2716
vn 0.5451 -0.7142 -0.4390
vn -0.2545 0.2267 -0.9401
vn -0.1822 0.2595 -0.9484
vn -0.7831 0.5039 0.3643
vn 0.8107 -0.5326 0.2432
vn 0.9868 0.0392 0.1573
vn 0.8887 -0.3808 -0.2553
vn 0.0587 0.3352 -0.9403
vn -0.8433 0.4514 -0.2917
vn 0.0095 0.3382 -0.9410
vn 0.7290 -0.6398 -0.2434
vn -0.7986 0.3733 -0.4722
vn -0.6244 0.0057 -0.7811
vn -0.8459 0.5235 -0.1021
vn -0.3921 -0.1619 -0.9056
vn 0.6880 0.7246 -0.0400
vn -0.7919 0.0232 -0.6102
vn 0.0374 0.8899 -0.4547
vn 0.6114 0.6542 -0.4452
vn 0.0751 0.8634 -0.4990
vn -0.0153 0.7916 -0.6109
vn -0.8012 0.5883 -0.1095
vn -0.8258 0.5589 -0.0755
vn 0.2341 0.6843 -0.6906
vn -0.6756 -0.6495 0.3487
vn 0.6631 0.6668 -0.3401
vn -0.7885 0.5476 -0.2802
vn -0.6623 0.4684 0.5848
vn 0.6943 0.6084 -0.3844
vn -0.7367 0.6341 -0.2350
vn -0.9050 0.3434 -0.2512
vn -0.6400 0.6531 -0.4047
vn 0.6504 0.5692 -0.5030
vn -0.5796 0.6864 -0.4392
vn -0.8513 0.3581 -0.3834
vn 0.7079 0.7051 -0.0414
vn 0.2677 0.5096 -0.8177
vn -0.2691 -0.7639 0.5866
vn -0.3031 0.7232 -0.6206
vn -0.0570 0.7258 -0.6855
vn -0.2277 -0.7511 0.6196
vn -0.5111 0.7554 -0.4101
vn 0.6144 -0.7166 0.3301
vn -0.9091 -0.3490 0.2274
vn -0.4580 0.7383 -0.4951
vn -0.2772 0.8558 -0.4368
vn 0.3896 0.8940 -0.2211
vn 0.4206 0.8876 -0.1878
vn 0.2888 0.9358 -0.2020
vn -0.1535 0.8977 -0.4129
vn 0.1861 0.9429 -0.2763
vn 0.9659 -0.2455 0.0823
vn -0.0686 0.9019 -0.4265
vn 0.0495 0.9537 -0.2968
vn 0.9494 -0.1172 -0.2913
vn -0.6396 0.6263 -0.4457
vn 0.0209 0.1934 -0.9809
vn -0.1923 0.2006 0.9606
vn -0.1568 -0.0020 0.9876
vn 0.3511 -0.5067 0.7874
vn 0.6754 0.5909 0.4411
vn 0.2860 0.0971 0.9533
vn 0.2777 0.0857 0.9568
vn -0.3235 0.1732 0.9302
vn 0.3350 0.8871 -0.3176
vn 0.2945 0.0349 -0.9550
vn 0.2772 0.0491 -0.9595
vn 0.0926 0.3838 -0.9188
vn 0.6422 0.2094 -0.7374
vn -0.0547 0.1815 -0.9819
vn 0.1919 0.8340 -0.5173
vn 0.2212 0.8381 -0.4986
vn -0.0603 0.6232 -0.7798
vn 0.2733 -0.1469 -0.9507
vn 0.1961 0.5205 0.8310
vn -0.0461 0.0568 0.9973
vn -0.1167 -0.0862 0.9894
vn -0.2152 -0.7162 0.6639
vn -0.2648 -0.5223 -0.8106
vn 0.1181 0.6912 -0.7129
vn 0.0318 0.4485 -0.8932
vn -0.3443 -0.3563 0.8686
vn 0.1493 0.2595 -0.9541
vn -0.7963 0.2394 0.5554
vn -0.4033 -0.3556 0.8431
vn 0.5459 0.3283 -0.7709
vn -0.0241 -0.6478 0.7614
vn 0.5262 -0.4088 0.7456
vn -0.1197 -0.0061 0.9928
vn 0.0249 0.4658 0.8845
vn 0.4801 -0.0697 0.8744
vn -0.0806 0.4660 0.8811
vn -0.0377 0.4326 0.9008
vn -0.0288 0.3904 0.9202
vn -0.0077 0.4677 0.8838
vn 0.1162 0.5804 0.8060
vn -0.2470 0.0757 0.9660
vn -0.1754 0.3964 0.9012
vn -0.2288 0.4522 0.8621
vn -0.1595 0.3985 0.9032
vn -0.3126 -0.0398 0.9490
vn -0.1957 -0.0368 0.9800
vn -0.7554 0.3371 0.5618
vn -0.3373 0.6078 0.7189
vn 0.7031 -0.0489 0.7094
vn -0.3870 0.5383 0.7487
vn 0.6591 -0.0018 0.7520
vn -0.5123 0.5394 0.6683
vn -0.0985 -0.3235 0.9411
vn -0.2065 -0.6097 0.7653
vn -0.2550 0.4961 -0.8300
vn 0.4934 -0.8376 0.2346
vn -0.4911 0.5229 0.6967
vn -0.9929 0.0105 0.1185
vn -0.1815 0.8736 -0.4514
vn -0.5828 0.4463 0.6791
vn -0.6861 0.5309 0.4974
vn -0.3647 0.3252 -0.8725
vn -0.7237 0.4955 0.4803
vn -0.7947 0.4414 0.4167
vn -0.9226 0.1682 -0.3473
vn -0.1679 0.4538 -0.8751
vn -0.0519 0.0840 -0.9951
vn -0.7746 0.5524 0.3079
vn 0.9311 -0.3602 0.0572
vn -0.8781 0.4709 0.0846
vn 0.8094 -0.5664 0.1550
vn -0.8368 0.4624 0.2932
vn 0.9144 -0.2347 0.3300
vn -0.8294 0.5070 -0.2345
vn 0.9815 -0.0977 -0.1648
vn 0.0841 0.3528 -0.9319
vn -0.8439 0.5304 0.0812
vn 0.7998 -0.2228 -0.5574
vn -0.4269 0.0364 -0.9036
vn -0.8419 0.5247 0.1256
vn 0.9499 0.3085 -0.0496
vn -0.8238 0.5474 0.1476
vn -0.7984 0.4406 -0.4105
vn -0.6553 0.0680 -0.7523
vn 0.9776 -0.0819 0.1940
vn 0.7907 0.5316 -0.3036
vn 0.1939 0.9438 -0.2677
vn 0.6343 -0.6263 -0.4533
vn -0.7939 -0.0892 -0.6014
vn 0.9704 -0.0797 0.2282
vn -0.2125 0.4335 -0.8757
vn 0.4199 -0.7271 -0.5432
vn -0.3803 -0.1507 -0.9125
vn 0.1211 -0.4761 -0.8710
vn -0.9245 0.0916 -0.3701
vn -0.5878 0.5973 -0.5456
vn -0.8941 0.0010 -0.4478
vn -0.5583 0.6136 -0.5584
vn 0.6697 0.6504 -0.3586
vn 0.4059 0.5250 -0.7481
vn -0.3417 0.3987 -0.8511
vn 0.3367 0.4771 -0.8118
vn -0.4374 -0.3802 0.8150
vn 0.5064 0.4001 -0.7638
vn 0.3549 0.4735 -0.8061
vn 0.5114 0.4472 -0.7338
vn -0.7009 0.6199 -0.3528
vn 0.9521 0.3043 -0.0294
vn 0.5259 0.4409 -0.7273
vn -0.9390 0.1759 -0.2956
vn 0.5917 0.4454 -0.6719
vn 0.6974 0.6066 -0.3818
vn -0.7126 0.6541 -0.2535
vn 0.8500 0.4180 -0.3207
vn 0.7069 0.6579 -0.2600
vn -0.5508 0.6217 -0.5568
vn 0.7118 0.6544 -0.2551
vn -0.6529 0.6819 -0.3298
vn -0.1225 0.7539 -0.6454
vn 0.3879 0.8878 -0.2475
vn -0.2713 0.8742 -0.4027
vn 0.1860 0.9427 -0.2768
vn -0.1424 0.8852 -0.4428
vn -0.9862 0.0589 -0.1548
vn -0.9960 -0.0795 -0.0408
vn -0.9787 0.0639 -0.1950
vn 0.9875 -0.1509 0.0464
vn -0.9148 0.4039 -0.0059
vn -0.2514 0.9111 -0.3267
vn 0.7760 0.2311 -0.5868
vn 0.0328 0.2184 0.9753
vn -0.1029 0.1086 0.9887
vn 0.1962 0.1935 0.9613
vn -0.4358 -0.0029 0.9000
vn 0.3918 0.7288 0.5616
vn 0.2129 0.1719 0.9618
vn -0.2406 0.2130 0.9470
vn -0.2325 0.2220 0.9469
vn 0.3713 0.1236 0.9203
vn -0.4879 -0.5931 0.6404
vn -0.0033 -0.1598 0.9872
vn -0.3462 0.5680 0.7467
vn -0.2082 -0.0521 -0.9767
vn -0.0938 0.2239 -0.9701
vn -0.7307 0.1735 -0.6603
vn -0.5127 0.0447 -0.8574
vn 0.2250 0.8144 -0.5349
vn -0.9454 0.0212 -0.3253
vn -0.2196 0.3745 -0.9008
vn -0.7273 0.1172 -0.6762
vn 0.3556 0.3200 -0.8782
vn -0.0363 0.1005 -0.9943
vn -0.5148 0.5861 -0.6257
vn 0.3144 0.2122 -0.9252
vn -0.6477 -0.3026 0.6992
vn -0.7956 -0.0139 0.6057
vn 0.5137 -0.0324 -0.8573
vn 0.4086 -0.0381 -0.9119
vn 0.3539 -0.1524 -0.9228
vn -0.2755 -0.4057 -0.8715
vn -0.1847 -0.3040 -0.9346
vn -0.2602 0.2559 0.9310
vn 0.1811 0.5214 0.8338
vn -0.2758 0.0452 0.9602
vn -0.3568 -0.1076 0.9279
vn -0.0695 -0.4039 0.9122
vn -0.5335 -0.7144 0.4528
vn 0.2253 0.7345 -0.6401
vn 0.1389 0.8214 -0.5532
vn 0.6667 0.6507 -0.3634
vn -0.6717 -0.5104 0.5370
vn 0.4819 0.4107 -0.7740
vn 0.2465 0.2567 -0.9345
vn -0.4637 -0.5090 0.7252
vn 0.2656 0.2561 -0.9294
vn 0.1496 0.2592 -0.9542
vn 0.3883 0.3851 -0.8372
vn 0.2959 0.6889 -0.6617
vn -0.8206 0.4200 0.3875
vn 0.1407 0.2669 -0.9534
vn 0.4044 0.7124 -0.5736
vn -0.8403 0.1445 -0.5224
vn 0.5150 0.2358 -0.8241
vn -0.7358 0.2029 -0.6461
vn 0.5692 0.0440 0.8210
vn 0.0278 0.4320 0.9014
vn -0.0671 0.3895 0.9186
vn 0.0025 0.4644 0.8856
vn -0.1273 0.4453 0.8863
vn 0.0126 -0.9330 0.3596
vn 0.2017 -0.9098 0.3626
vn -0.3649 0.5763 0.7313
vn 0.2050 -0.0782 0.9756
vn -0.0502 -0.3293 0.9429
vn 0.7644 -0.0079 0.6447
vn 0.7600 -0.0130 0.6498
vn 0.7418 -0.5496 0.3843
vn 0.8431 -0.0265 0.5371
vn 0.8218 -0.0052 0.5697
vn 0.7840 -0.5683 0.2498
vn 0.8250 -0.5276 0.2027
vn -0.1678 0.5055 -0.8464
vn 0.8693 -0.0903 0.4859
vn 0.8377 -0.0279 0.5454
vn 0.8739 -0.0909 0.4776
vn -0.7973 0.6030 0.0284
vn 0.9067 -0.1632 0.3890
vn -0.7577 0.5418 0.3638
vn 0.0104 0.2903 -0.9569
vn -0.1368 0.1582 -0.9779
vn 0.8891 -0.2277 0.3970
vn 0.9630 0.0387 -0.2669
vn -0.2017 0.1019 -0.9741
vn -0.4991 0.1331 -0.8563
vn 0.8146 0.5272 -0.2419
vn 0.9292 -0.3696 0.0090
vn 0.9588 -0.1206 0.2574
vn 0.7987 0.5353 -0.2749
vn -0.3892 0.8654 -0.3156
vn -0.8225 0.5535 -0.1312
vn 0.1767 0.8773 -0.4463
vn -0.8879 0.4109 -0.2071
vn -0.0091 -0.4828 -0.8757
vn -0.9421 0.1908 -0.2756
vn -0.8809 0.1928 -0.4322
vn 0.9201 0.3162 -0.2311
vn 0.6504 0.4390 -0.6199
vn 0.3528 0.9099 -0.2180
vn -0.1501 0.9467 -0.2850
vn 0.5302 -0.8476 0.0221
vn 0.2148 0.9591 -0.1845
vn 0.6441 -0.7578 0.1038
vn 0.1680 0.9599 -0.2244
vn 0.6686 -0.6560 -0.3500
vn 0.1703 0.2178 0.9610
vn -0.3618 0.1781 0.9151
vn -0.2775 0.2163 0.9361
vn -0.3179 0.2714 0.9085
vn -0.7445 0.3165 0.5878
vn 0.2527 0.8997 -0.3559
vn 0.0347 0.1813 -0.9828
vn 0.1694 0.8377 -0.5192
vn -0.3242 0.3941 -0.8600
vn 0.1571 0.8746 -0.4587
vn -0.9602 0.0767 -0.2685
vn 0.5088 -0.0016 -0.8609
vn 0.4667 0.8234 0.3229
vn 0.5249 0.7178 0.4575
vn -0.5234 -0.7059 0.4773
vn 0.0840 0.6925 -0.7165
vn 0.3649 0.6567 -0.6600
vn 0.4511 0.1825 -0.8736
vn -0.9437 0.2315 0.2362
vn 0.2740 -0.0744 -0.9588
vn 0.0386 0.4673 0.8832
vn 0.1204 0.5807 0.8052
vn 0.2738 -0.8681 0.4140
vn 0.1539 0.4729 -0.8676
vn -0.0582 0.9868 0.1511
vn -0.0459 0.7137 -0.6990
vn -0.7973 0.6026 0.0350
vn -0.0247 0.2978 -0.9543
vn -0.8729 0.4867 0.0338
vn 0.9261 -0.1784 0.3325
vn -0.2405 0.1906 -0.9517
vn 0.9336 -0.1763 0.3121
vn 0.1949 0.9435 -0.2680
vn -0.7076 0.1637 -0.6874
vn 0.0395 0.9347 -0.3532
vn 0.9913 -0.0114 0.1308
vn -0.3429 -0.1496 -0.9274
vn 0.9850 0.1551 -0.0759
vn 0.0925 0.9561 -0.2782
vn 0.9742 0.1525 -0.1663
vn 0.3515 0.9080 -0.2280
vn -0.3202 0.2656 0.9093
vn 0.2619 0.9393 -0.2215
vn 0.1138 0.8798 -0.4615
vn 0.0935 0.8902 -0.4458
vn 0.5509 -0.0080 -0.8345
vn 0.3207 0.9270 0.1943
vn -0.4006 0.8497 0.3429
vn 0.3987 0.6431 -0.6538
vn -0.0383 -0.2125 0.9764
vn 0.0731 -0.1118 0.9910
vn -0.5152 0.5673 0.6425
vn 0.5937 -0.7802 0.1972
vn 0.4502 0.8304 -0.3283
vn -0.2636 0.9062 -0.3306
vn 0.2097 0.9499 -0.2318
vn -0.0957 0.9599 -0.2634
vn 0.0833 0.9712 -0.2234
vn -0.1237 0.9504 -0.2855
vn 0.0503 0.9654 -0.2557
vn -0.1060 -0.2130 0.9713
vn -0.1621 -0.1320 0.9779
vn -0.3688 0.9076 -0.2008
vn 0.1858 0.9282 -0.3223
vn 0.2238 0.8787 -0.4216
vn -0.4563 0.7931 -0.4035
vn 0.2501 0.6541 -0.7139
vn 0.4002 0.4853 -0.7774
vn -0.6424 0.7578 -0.1140
vn -0.9290 0.0897 -0.3589
vn -0.4052 0.8552 -0.3233
vn -0.3560 0.8285 -0.4322
vn 0.2754 0.9148 -0.2956
vn 0.6834 -0.6409 -0.3496
vn -0.1579 0.6491 0.7441
vn 0.2251 0.9483 -0.2238
vn 0.2620 0.9296 -0.2591
vn 0.2508 -0.1826 0.9506
vn -0.4475 -0.7390 0.5035
vn -0.1916 0.6785 0.7092
vn 0.0098 0.1397 0.9901
vn -0.2562 0.5096 0.8214
vn 0.5506 -0.7492 0.3682
vn 0.1374 -0.5216 0.8420
vn -0.3504 0.5366 0.7676
vn -0.5990 0.6842 0.4160
vn -0.2856 0.8720 0.3975
vn -0.5789 0.8059 0.1241
vn -0.6863 0.6872 0.2381
vn -0.7271 0.6849 0.0469
vn -0.7768 0.6196 0.1124
vn 0.6745 -0.6891 -0.2650
vn -0.2357 0.2252 -0.9454
vn -0.4725 0.8498 -0.2336
vn -0.7908 0.4616 -0.4020
vn 0.7256 -0.6871 0.0382
vn 0.7949 0.5554 -0.2442
vn 0.1788 0.9125 -0.3680
vn -0.5990 0.3746 -0.7078
vn 0.4632 0.5006 -0.7313
vn -0.6708 0.7270 -0.1467
vn -0.6032 0.7638 -0.2296
vn -0.9188 0.1738 -0.3545
vn -0.6609 0.3692 -0.6534
vn 0.2859 0.7863 -0.5477
vn -0.0865 0.9144 -0.3954
vn 0.6422 -0.6891 0.3358
vn -0.1516 0.9281 -0.3400
vn -0.0346 0.9400 -0.3394
vn -0.0933 0.9498 -0.2986
vn 0.7310 -0.6818 0.0272
vn 0.7924 -0.6098 -0.0175
vn 0.4145 -0.8896 -0.1918
vn 0.1397 0.8173 0.5590
vn -0.0883 -0.9956 0.0327
vn -0.0073 -0.9998 0.0186
vn 0.1377 -0.2455 0.9596
vn 0.0129 -0.9985 0.0526
vn 0.3644 -0.9273 0.0853
vn 0.1571 0.8131 0.5606
vn 0.3183 0.5378 -0.7807
vn 0.1820 -0.8103 -0.5570
vn -0.3131 -0.6478 0.6945
vn 0.2532 0.9452 0.2062
vn 0.3401 0.6955 -0.6329
vn -0.4214 -0.7349 0.5314
vn 0.1088 0.9417 -0.3183
vn -0.2729 0.6089 0.7448
vn -0.1983 -0.4853 0.8516
vn -0.5953 0.6901 0.4116
vn -0.4028 -0.8587 -0.3168
vn -0.4378 -0.8142 -0.3812
vn -0.0831 0.7038 -0.7055
vn -0.4022 0.8962 -0.1871
vn -0.0239 0.9671 0.2534
vn 0.1533 0.9834 -0.0970
vn 0.1149 0.9921 -0.0513
vn -0.6282 0.7718 0.0982
vn -0.7700 0.6349 -0.0637
vn 0.0809 0.9746 -0.2087
vn 0.5408 -0.8403 -0.0374
vn -0.6787 0.7257 -0.1128
vn 0.7599 -0.4533 -0.4659
vn 0.1601 0.8957 -0.4149
vn 0.6325 0.1561 -0.7587
vn -0.4114 0.8855 -0.2162
vn 0.6616 0.6866 -0.3013
vn 0.0784 0.9467 -0.3123
vn 0.0852 0.9483 -0.3058
vn -0.3054 0.9151 -0.2635
vn -0.2711 0.9343 -0.2317
vn -0.1069 0.1214 0.9868
vn -0.5485 -0.6655 0.5062
vn 0.2936 0.7113 -0.6386
vn 0.0460 -0.6170 0.7856
vn -0.1129 0.6374 0.7622
vn 0.1165 0.7641 0.6344
vn -0.4862 0.4957 0.7196
vn -0.2966 0.5698 0.7663
vn 0.1091 0.6971 0.7086
vn -0.0571 0.5039 0.8619
vn -0.2872 -0.9457 0.1521
vn -0.3908 -0.9183 0.0627
vn -0.4774 0.6304 0.6121
vn 0.7851 0.0885 0.6130
vn 0.2170 0.9490 -0.2286
vn 0.2729 0.9462 -0.1739
vn 0.5278 0.1406 -0.8376
vn -0.4992 0.7987 -0.3361
vn -0.0124 -0.9751 0.2215
vn 0.3017 -0.8309 0.4675
vn 0.3556 0.7105 -0.6073
vn 0.2740 0.9109 -0.3086
vn -0.3426 0.9002 -0.2687
vn 0.3877 -0.9163 0.0999
vn 0.0720 0.9837 -0.1649
vn 0.1650 0.9505 -0.2633
vn 0.0765 -0.3188 0.9447
vn -0.1676 -0.9844 0.0538
vn -0.0371 -0.9964 -0.0762
vn 0.0447 0.7178 0.6948
vn 0.6425 0.0325 0.7656
vn 0.1848 -0.4826 0.8561
vn 0.5592 -0.4320 0.7076
vn -0.8627 0.4376 -0.2535
vn 0.3408 0.7534 -0.5624
vn 0.0871 0.9315 -0.3532
vn 0.5636 0.1532 -0.8117
vn 0.4453 0.8238 -0.3509
vn -0.2579 0.8948 -0.3645
vn -0.1056 0.9513 -0.2897
vn 0.0820 0.9537 -0.2895
vn 0.9923 -0.1234 -0.0077
vn -0.2402 0.1419 0.9603
vn 0.0248 0.9847 -0.1727
vn 0.5878 0.7488 0.3064
vn 0.3616 0.8713 0.3318
vn 0.2581 0.1841 -0.9484
vn -0.0204 0.0423 0.9989
vn -0.1182 -0.0705 0.9905
vn -0.2319 0.4092 0.8825
vn 0.2126 -0.3079 0.9274
vn 0.4746 0.1631 0.8650
vn 0.0358 -0.3221 0.9460
vn 0.7722 -0.3620 0.5222
vn -0.0967 0.6577 0.7470
vn -0.2874 -0.2664 0.9200
vn -0.0800 0.5908 0.8029
vn -0.6299 0.2744 0.7266
vn 0.0524 0.7754 0.6294
vn 0.0568 0.7779 0.6258
vn -0.5654 -0.4071 -0.7174
vn -0.4059 0.0693 0.9113
vn -0.0836 -0.2384 0.9676
vn 0.7655 0.0427 0.6420
vn -0.4585 0.7374 0.4960
vn 0.0020 -0.0231 -0.9997
vn 0.0621 0.1222 -0.9906
vn 0.9326 -0.3318 0.1420
vn 0.9184 0.0747 0.3886
vn -0.7074 0.7063 0.0276
vn -0.5102 0.8316 0.2193
vn -0.5868 0.7844 0.2007
vn -0.5039 0.6058 -0.6158
vn 0.2185 -0.2241 0.9498
vn 0.5386 0.2622 -0.8007
vn 0.6755 0.7180 -0.1678
vn -0.0775 -0.1675 0.9828
vn 0.9510 0.0073 0.3090
vn 0.7916 -0.5949 -0.1395
vn 0.6596 -0.6281 0.4129
vn -0.6083 0.7934 -0.0240
vn 0.0324 0.9525 -0.3028
vn -0.5767 0.4444 -0.6855
vn 0.5103 -0.8147 -0.2753
vn 0.5539 0.1530 -0.8184
vn -0.8858 0.1189 -0.4485
vn -0.5908 -0.2340 -0.7721
vn -0.4924 0.8526 -0.1751
vn 0.4803 0.2256 -0.8476
vn 0.8552 0.4653 -0.2284
vn 0.7263 0.5808 -0.3677
vn -0.2472 0.9296 -0.2733
vn 0.2519 0.9101 -0.3289
vn -0.0868 0.9598 -0.2670
vn 0.8951 -0.4452 -0.0265
vn 0.8520 -0.4513 -0.2653
vn -0.2434 0.1453 0.9590
vn 0.0277 0.9850 -0.1702
vn 0.7485 -0.0166 -0.6629
vn 0.5090 0.2107 -0.8346
vn -0.5295 0.6760 0.5125
vn 0.4132 0.6860 -0.5989
vn 0.2616 0.0789 -0.9619
vn 0.0255 0.7111 0.7026
vn -0.5045 0.2307 0.8320
vn -0.9579 0.1614 0.2373
vn 0.6124 0.7629 -0.2075
vn 0.0515 -0.3457 0.9369
vn 0.1570 -0.0653 0.9854
vn -0.3226 0.4044 0.8558
vn -0.2990 -0.5134 0.8044
vn 0.4314 -0.5300 0.7300
vn 0.3344 -0.4495 0.8284
vn -0.0675 -0.0445 0.9967
vn -0.3928 0.6103 0.6879
vn 0.4995 0.1319 0.8562
vn 0.0816 -0.3137 0.9460
vn -0.0481 -0.2530 0.9663
vn -0.5656 -0.4684 0.6788
vn -0.3688 -0.1637 0.9150
vn 0.5976 -0.6644 0.4488
vn -0.7479 -0.0943 0.6570
vn -0.4238 -0.3323 0.8426
vn 0.8663 -0.2745 0.4173
vn 0.9287 -0.2848 0.2373
vn 0.2750 -0.8517 0.4461
vn 0.1443 0.1714 0.9746
vn -0.5444 0.6231 0.5616
vn 0.1136 0.7972 0.5930
vn 0.0910 0.8077 0.5825
vn -0.9256 -0.0819 -0.3696
vn -0.1409 -0.4989 0.8551
vn -0.3561 0.6923 0.6276
vn -0.0811 0.5742 0.8147
vn -0.3972 0.2576 0.8809
vn 0.0271 0.5867 0.8093
vn 0.1916 -0.8044 -0.5624
vn -0.0493 0.5755 0.8163
vn -0.1946 -0.2641 0.9447
vn 0.3044 0.1392 0.9423
vn -0.3379 0.1244 -0.9329
vn -0.9081 -0.3397 -0.2447
vn -0.3048 0.7389 0.6009
vn -0.0560 0.2932 -0.9544
vn -0.0627 0.0826 -0.9946
vn 0.9398 -0.2797 0.1966
vn -0.8706 -0.3090 -0.3828
vn -0.9982 -0.0537 0.0276
vn 0.2162 -0.4228 -0.8801
vn -0.1811 -0.0295 -0.9830
vn -0.5177 0.6571 -0.5479
vn -0.9430 -0.2406 0.2300
vn -0.4435 0.8028 0.3985
vn -0.9946 -0.0959 0.0398
vn 0.8267 -0.0399 0.5612
vn -0.0435 -0.0864 -0.9953
vn -0.0312 -0.0770 -0.9965
vn -0.8030 0.0547 0.5935
vn -0.6233 0.7645 0.1643
vn 0.9549 -0.2919 0.0550
vn -0.4945 0.8034 0.3316
vn -0.9711 -0.0359 0.2358
vn 0.4999 0.4522 -0.7387
vn -0.3262 0.5722 -0.7524
vn 0.9731 0.0267 -0.2287
vn -0.0334 0.2471 -0.9684
vn -0.1379 0.2134 -0.9672
vn -0.0941 0.2616 -0.9606
vn -0.6962 0.6746 -0.2455
vn -0.2379 0.2337 -0.9428
vn 0.7671 0.1137 -0.6314
vn 0.9399 -0.0231 0.3407
vn -0.5939 0.8018 -0.0666
vn -0.6175 0.7790 -0.1088
vn 0.9379 0.2220 -0.2665
vn 0.7734 0.4233 -0.4718
vn 0.8940 -0.4473 -0.0257
vn 0.8108 0.4020 -0.4254
vn 0.8405 0.4617 -0.2834
vn -0.6390 0.6507 -0.4102
vn -0.6549 0.6290 -0.4188
vn -0.6549 0.0527 -0.7538
vn 0.9499 0.1475 0.2754
vn 0.5870 0.5802 -0.5645
vn 0.5210 0.5607 -0.6435
vn 0.3781 0.2757 -0.8838
vn -0.7913 0.0025 -0.6114
vn 0.9490 0.3076 0.0689
vn 0.5843 0.4911 -0.6461
vn -0.7375 0.2629 -0.6221
vn -0.7889 0.0329 -0.6136
vn -0.3543 0.0147 -0.9350
vn -0.8753 0.0762 -0.4776
vn 0.1175 -0.5391 -0.8340
vn 0.9479 0.3142 -0.0523
vn -0.5402 0.8293 -0.1431
vn 0.5701 0.1480 -0.8082
vn 0.5304 0.1439 -0.8354
vn -0.9166 0.1144 -0.3831
vn 0.8642 0.4294 -0.2620
vn -0.5086 0.8276 -0.2376
vn -0.7954 0.3358 -0.5046
vn 0.6949 0.5666 -0.4428
vn 0.2742 0.3697 -0.8878
vn 0.5428 0.6619 -0.5170
vn -0.2170 0.9294 -0.2987
vn -0.6593 0.6812 -0.3183
vn 0.2521 0.9096 -0.3303
vn 0.3544 0.6991 -0.6210
vn -0.3046 0.7188 -0.6250
vn 0.0946 0.9460 -0.3102
vn -0.1155 0.7873 -0.6056
vn -0.0420 0.9648 -0.2595
vn -0.4309 -0.7437 0.5110
vn -0.0727 0.9518 -0.2979
vn -0.2427 -0.1745 0.9543
vn 0.7090 -0.6748 -0.2050
vn 0.4188 0.7315 -0.5381
vn 0.9871 -0.0830 -0.1370
vn -0.7158 0.6585 -0.2323
vn -0.3345 0.5494 -0.7656
vn 0.3780 0.6172 -0.6901
vn 0.4143 0.9058 -0.0883
vn 0.0223 0.7835 0.6210
vn 0.1446 -0.0796 0.9863
vn 0.5215 -0.1975 0.8301
vn -0.0859 0.7529 0.6526
vn -0.2556 0.1436 0.9561
vn -0.3445 0.2329 0.9094
vn -0.2672 0.1483 0.9522
vn 0.0657 0.8014 -0.5946
vn -0.7500 0.2885 0.5952
vn 0.4038 0.7356 -0.5439
vn 0.0035 0.4324 -0.9017
vn 0.2711 0.4207 -0.8657
vn -0.8929 0.3799 -0.2418
vn 0.5876 0.6677 -0.4570
vn -0.0660 -0.3810 -0.9222
vn -0.0914 0.1066 -0.9901
vn -0.9919 -0.0186 -0.1256
vn -0.0096 -0.4304 -0.9026
vn -0.7590 -0.4865 -0.4327
vn 0.5244 0.2119 -0.8247
vn -0.3324 0.3249 -0.8854
vn -0.5574 0.6740 -0.4848
vn -0.5671 0.6747 -0.4725
vn -0.6586 0.7472 0.0895
vn -0.2854 0.7605 0.5833
vn -0.1375 0.5012 -0.8543
vn -0.2955 0.1377 0.9454
vn -0.0361 -0.0605 0.9975
vn -0.1823 0.1500 0.9717
vn 0.2348 0.5716 -0.7862
vn -0.1965 -0.1753 -0.9647
vn 0.0534 -0.1613 -0.9855
vn -0.3423 0.0190 0.9394
vn -0.1465 0.2217 0.9641
vn 0.1958 0.2756 0.9411
vn 0.2572 0.5263 0.8104
vn 0.1808 0.9037 0.3881
vn -0.0772 0.2272 0.9708
vn 0.2805 0.8451 0.4552
vn -0.6412 0.3510 0.6825
vn -0.8418 0.0639 0.5359
vn -0.4868 -0.0053 0.8735
vn -0.4139 0.0829 0.9065
vn 0.3578 0.6347 -0.6850
vn 0.2263 0.2632 -0.9378
vn -0.7598 -0.0274 0.6496
vn -0.8414 0.1613 0.5158
vn -0.9584 0.1675 0.2309
vn -0.7534 0.4028 0.5197
vn 0.2573 0.1258 -0.9581
vn 0.3956 0.3097 -0.8646
vn 0.5666 0.2413 -0.7878
vn -0.2383 -0.0387 0.9704
vn 0.1223 0.1843 0.9752
vn -0.0721 -0.0668 0.9952
vn -0.2421 -0.2538 0.9365
vn 0.0073 0.3358 0.9419
vn 0.0012 -0.1865 0.9825
vn 0.2991 0.3983 0.8671
vn -0.0119 0.6610 0.7503
vn 0.2188 0.7836 0.5814
vn -0.9160 0.4002 -0.0291
vn -0.2374 -0.3181 -0.9179
vn 0.6292 0.1547 0.7617
vn -0.0540 0.4094 0.9107
vn -0.0347 0.4237 0.9052
vn -0.2861 -0.2675 0.9201
vn -0.0807 0.7999 0.5947
vn -0.0084 -0.1703 0.9854
vn -0.0854 -0.1703 0.9817
vn -0.4078 0.6810 0.6083
vn -0.2966 0.5699 0.7663
vn 0.0605 0.8680 0.4929
vn -0.0606 -0.2360 0.9699
vn 0.9084 -0.3417 0.2409
vn -0.3810 0.7161 0.5849
vn 0.7921 -0.0156 0.6102
vn 0.1220 0.1181 -0.9855
vn -0.4935 0.7837 0.3772
vn -0.2460 0.2601 -0.9337
vn 0.8383 -0.0169 0.5449
vn -0.3066 0.8649 0.3975
vn -0.3641 0.8076 0.4640
vn 0.8775 -0.0290 0.4787
vn 0.9697 0.0277 -0.2429
vn 0.9243 -0.0217 0.3811
vn 0.9178 -0.0370 0.3953
vn 0.9017 0.1943 -0.3862
vn 0.3382 0.2394 -0.9101
vn -0.0436 0.2344 -0.9712
vn -0.5096 0.8529 0.1133
vn 0.9537 0.0033 0.3007
vn 0.9020 0.2215 -0.3705
vn 0.9367 -0.1377 0.3219
vn 0.4974 0.5857 -0.6400
vn -0.8023 0.5933 -0.0658
vn -0.3531 0.0918 -0.9311
vn -0.5330 0.1154 -0.8382
vn -0.4993 0.0809 -0.8626
vn -0.5797 0.7949 -0.1791
vn 0.9873 0.0889 0.1314
vn 0.6272 0.6639 -0.4072
vn -0.6482 0.0680 -0.7584
vn 0.8172 0.3006 -0.4918
vn 0.7977 -0.5949 -0.0994
vn 0.6291 -0.7310 -0.2645
vn -0.8497 0.1770 -0.4967
vn 0.0907 0.1361 -0.9865
vn -0.5180 0.6671 0.5353
vn -0.5832 -0.2338 -0.7779
vn 0.4926 -0.8566 -0.1535
vn 0.6797 -0.7334 -0.0106
vn 0.4909 0.2050 -0.8468
vn -0.4424 -0.7082 -0.5502
vn 0.1588 0.7818 0.6030
vn 0.6067 0.3742 -0.7014
vn -0.4994 0.8308 -0.2458
vn 0.4477 0.2250 -0.8654
vn -0.8782 0.2702 -0.3947
vn -0.8415 0.3473 -0.4138
vn 0.2370 0.9105 -0.3387
vn -0.5023 0.5900 -0.6321
vn -0.0874 0.9321 -0.3516
vn 0.0448 0.8599 -0.5085
vn 0.2677 0.7686 -0.5811
vn -0.0812 0.7587 -0.6463
vn -0.7944 -0.6063 -0.0365
vn 0.4028 -0.8797 0.2527
vn -0.9671 -0.0276 0.2529
vn -0.9045 0.3823 -0.1890
vn -0.8775 0.4652 -0.1167
vn -0.7092 0.6620 -0.2424
vn 0.5082 0.7233 -0.4675
vn 0.0135 0.0235 0.9996
vn 0.0308 0.0250 0.9992
vn 0.2816 0.4223 -0.8616
vn -0.3359 0.0791 0.9386
vn 0.7358 0.6165 -0.2801
vn 0.3163 0.8470 -0.4272
vn -0.7816 0.2596 0.5672
vn 0.2545 0.7383 -0.6247
vn 0.6221 -0.0867 -0.7781
vn 0.9132 0.2757 0.3000
vn -0.2052 0.5054 0.8381
vn -0.2313 0.7993 0.5546
vn 0.3605 0.2657 -0.8941
vn 0.4507 0.1874 -0.8728
vn 0.0757 0.3240 -0.9430
vn -0.9916 0.0513 0.1187
vn 0.1442 0.1958 -0.9700
vn 0.1325 0.2074 -0.9692
vn 0.7138 -0.3104 0.6279
vn 0.6984 0.0985 0.7089
vn 0.0829 0.8533 0.5148
vn 0.9128 -0.3015 0.2756
vn -0.9959 -0.0630 -0.0645
vn -0.4593 0.8152 0.3528
vn -0.6771 0.6691 0.3064
vn 0.8817 -0.0397 0.4701
vn -0.5325 0.8159 0.2251
vn -0.3332 0.1276 -0.9342
vn -0.4203 0.9067 0.0359
vn -0.3936 0.1270 -0.9105
vn -0.8060 0.5917 -0.0140
vn -0.4210 0.9064 -0.0338
vn -0.5241 0.8507 0.0401
vn 0.0190 0.6397 -0.7683
vn -0.5307 0.8471 -0.0276
vn -0.5270 0.8493 -0.0302
vn 0.5169 0.4934 -0.6995
vn -0.8338 0.2756 -0.4783
vn -0.4100 0.8872 -0.2117
vn -0.0632 0.7035 -0.7078
vn -0.2088 0.9375 -0.2785
vn -0.0940 0.9288 -0.3586
vn 0.1647 0.7706 -0.6156
vn 0.1488 -0.9357 0.3200
vn -0.4618 -0.8522 0.2459
vn 0.0805 0.9277 -0.3646
vn 0.0909 0.9170 -0.3884
vn 0.0615 -0.8438 0.5331
vn -0.0775 0.9285 -0.3631
vn -0.5582 0.5332 -0.6356
vn -0.0686 0.1197 0.9904
vn 0.3347 0.7081 -0.6218
vn 0.3105 0.7017 -0.6412
vn 0.1436 0.2981 -0.9437
vn 0.4585 0.6102 -0.6461
vn 0.4984 0.1377 -0.8559
vn -0.2191 0.9614 0.1664
vn -0.6398 -0.1036 -0.7615
vn -0.5831 0.6266 0.5171
vn -0.3779 0.7187 0.5836
vn -0.5125 0.8263 0.2337
vn -0.5146 0.8295 0.2168
vn 0.9498 0.1414 0.2790
vn 0.7030 -0.6430 -0.3038
vn 0.5362 -0.8406 -0.0765
vn 0.1155 0.4694 -0.8754
vn -0.4175 0.8905 -0.1806
vn -0.4343 0.8842 -0.1718
vn 0.0771 -0.7910 -0.6069
vn -0.3962 0.8923 -0.2163
vn 0.1733 -0.8855 0.4311
vn -0.0973 -0.9936 -0.0573
vn -0.0941 0.9181 -0.3849
vn -0.4811 -0.8152 0.3225
vn -0.2260 0.1986 0.9537
vn 0.0993 -0.0831 0.9916
vn -0.0044 -0.2559 0.9667
vn -0.2337 0.2124 0.9488
vn -0.3325 0.1393 0.9328
vn 0.9772 0.1447 -0.1554
vn 0.3269 -0.0059 -0.9450
vn 0.2733 0.5641 -0.7792
vn -0.0242 0.8822 0.4702
vn 0.2598 0.7882 0.5579
vn 0.3019 0.7970 0.5231
vn -0.3544 0.7960 0.4908
vn -0.4676 0.8684 0.1650
vn -0.4880 0.8720 0.0392
vn 0.4263 -0.9046 -0.0072
vn -0.7775 0.0096 -0.6288
vn 0.8908 0.4326 -0.1390
vn 0.8509 0.5038 -0.1488
vn -0.2437 0.9507 -0.1917
vn -0.1277 0.9573 -0.2595
vn -0.0949 0.9641 -0.2481
vn -0.0978 0.9647 -0.2445
vn 0.5168 0.7168 -0.4680
vn -0.1083 0.9640 -0.2429
vn -0.0702 0.9535 -0.2931
vn 0.0713 0.8587 -0.5074
vn -0.5749 0.6519 -0.4945
vn -0.1942 0.8923 0.4075
vn -0.1179 -0.3270 0.9376
vn -0.0771 0.0429 0.9961
vn -0.4124 0.8367 0.3603
vn -0.1908 0.8135 0.5494
vn 0.0808 0.8989 0.4307
vn -0.0849 0.8129 0.5761
vn -0.4525 0.8617 0.2298
vn -0.3573 0.9028 0.2393
vn 0.0915 -0.9948 0.0441
vn -0.4857 0.8736 0.0314
vn 0.6033 0.7334 -0.3134
vn -0.4680 0.8834 0.0231
vn 0.0007 0.9654 -0.2606
vn 0.0772 0.9360 -0.3435
vn -0.4665 0.8840 -0.0309
vn -0.4489 0.8926 -0.0424
vn 0.9735 0.2285 0.0082
vn 0.7517 0.6023 -0.2686
vn 0.0076 -0.9978 -0.0663
vn 0.3829 -0.9219 -0.0591
vn -0.4419 0.6827 -0.5820
vn -0.1439 0.9450 -0.2936
vn 0.6285 -0.6959 0.3475
vn -0.0970 0.7367 -0.6692
vn 0.7969 -0.6033 0.0294
vn -0.9081 0.3855 -0.1638
vn -0.8207 0.5324 -0.2076
vn -0.5934 0.6827 -0.4264
vn 0.1335 0.9376 0.3210
vn 0.2253 0.8548 0.4674
vn 0.2759 0.9117 0.3046
vn -0.3903 0.0843 0.9168
vn -0.5499 0.6440 0.5319
vn 0.2580 0.8566 -0.4469
vn 0.3287 0.4012 -0.8550
vn 0.0511 0.8450 0.5323
vn 0.2101 0.9587 -0.1916
vn -0.3893 0.8190 0.4214
vn -0.0602 -0.0383 0.9975
vn -0.0151 0.9108 0.4126
vn -0.4131 0.7241 0.5523
vn -0.5819 0.8052 0.1143
vn -0.3844 0.7462 -0.5435
vn -0.4882 0.8720 0.0340
vn 0.7401 0.1280 -0.6602
vn 0.5167 -0.8561 -0.0105
vn -0.6089 -0.3947 -0.6881
vn -0.5779 -0.2782 -0.7672
vn -0.1420 0.9551 -0.2602
vn 0.6824 0.6372 -0.3581
vn -0.0951 0.9457 -0.3109
vn 0.1622 -0.9680 0.1916
vn 0.1947 0.8657 -0.4612
vn 0.2460 0.8165 -0.5222
vn 0.3194 0.8342 -0.4495
vn -0.4499 0.7484 0.4873
vn 0.2307 0.0019 0.9730
vn -0.2887 -0.2444 0.9257
vn -0.4821 0.2860 0.8281
vn -0.4006 0.8448 0.3548
vn 0.2359 0.0508 -0.9704
vn -0.4188 0.8857 0.2005
vn -0.4179 0.8796 0.2271
vn -0.3276 0.9288 0.1733
vn -0.4889 0.8019 0.3434
vn 0.6616 -0.7497 -0.0123
vn -0.2497 0.9530 -0.1718
vn 0.7524 0.6041 -0.2627
vn -0.1136 0.9429 -0.3132
vn -0.1049 -0.9942 0.0224
vn -0.1396 0.9261 -0.3505
vn 0.1628 -0.8811 0.4440
vn 0.2841 0.8729 -0.3967
vn 0.3108 -0.9357 0.1669
vn -0.1137 0.8222 -0.5577
vn 0.6099 -0.7925 0.0007
vn 0.8743 -0.4525 -0.1758
vn -0.8207 0.5416 -0.1822
vn 0.7207 0.0083 0.6932
vn -0.3699 0.7558 0.5403
vn 0.8965 -0.0483 0.4404
vn 0.7613 -0.0928 0.6417
vn 0.1095 0.8595 0.4993
vn 0.1762 0.8769 0.4471
vn 0.0634 0.1433 -0.9876
vn -0.3582 0.9208 0.1541
vn 0.8289 0.3931 -0.3980
vn -0.0092 0.9938 -0.1105
vn -0.3520 0.9353 0.0372
vn 0.3743 -0.9073 -0.1914
vn -0.2808 0.9589 -0.0402
vn -0.2480 0.9659 -0.0749
vn -0.2302 0.9611 -0.1524
vn 0.4542 0.2596 -0.8523
vn -0.6765 0.5293 -0.5120
vn 0.3690 0.7848 -0.4979
vn 0.8506 -0.4921 -0.1852
vn 0.8420 -0.1866 -0.5062
vn 0.3595 0.7958 -0.4873
vn 0.0084 -0.2064 -0.9784
vn 0.1567 0.0367 0.9870
vn 0.2289 -0.0358 0.9728
vn -0.0208 0.0403 0.9990
vn -0.6071 -0.1561 0.7791
vn 0.2109 0.2406 0.9474
vn 0.6928 -0.3608 0.6244
vn -0.5813 -0.0042 0.8137
vn -0.3744 -0.7033 0.6043
vn -0.1889 -0.1992 0.9616
vn -0.0148 -0.1110 0.9937
vn 0.2720 -0.0062 0.9623
vn -0.8351 -0.0627 0.5466
vn -0.4917 0.5873 0.6429
vn -0.4252 0.8216 0.3797
vn 0.8540 0.1881 0.4851
vn -0.4187 0.9048 0.0780
vn -0.2716 0.8786 -0.3928
vn -0.3842 0.2454 -0.8900
vn -0.2841 0.9574 -0.0510
vn -0.2859 0.9582 0.0078
vn -0.7108 0.6668 -0.2238
vn 0.5600 0.3224 -0.7632
vn -0.2772 0.9607 0.0169
vn 0.6568 0.4081 -0.6341
vn 0.5512 0.3177 -0.7715
vn -0.5941 0.3049 -0.7444
vn -0.1288 0.9746 -0.1834
vn -0.1535 0.9247 -0.3485
vn 0.9086 0.1736 -0.3799
vn -0.7894 0.5223 0.3226
vn -0.0111 0.0297 0.9995
vn -0.0539 0.6263 0.7777
vn 0.1158 0.1032 0.9879
vn 0.0057 0.1008 0.9949
vn -0.0670 -0.0378 0.9970
vn 0.2983 0.2347 0.9252
vn 0.0867 0.3823 0.9199
vn 0.4900 0.3857 0.7818
vn -0.3026 -0.2266 0.9258
vn -0.3278 0.1174 0.9374
vn 0.2891 0.2559 0.9225
vn 0.1781 0.0267 0.9837
vn 0.7695 0.6222 -0.1440
vn -0.8819 -0.1596 0.4436
vn -0.5513 0.1727 0.8162
vn -0.9000 0.4312 -0.0642
vn 0.8955 0.3796 0.2321
vn 0.9883 -0.0088 0.1524
vn 0.9640 -0.0758 0.2548
vn -0.9083 0.4097 -0.0851
vn 0.5736 0.7018 -0.4224
vn 0.9555 0.2517 0.1536
vn -0.0766 0.4605 -0.8844
vn -0.7269 -0.1598 -0.6679
vn 0.8449 0.2018 0.4954
vn -0.9914 0.1148 -0.0623
vn 0.3093 0.4607 -0.8319
vn 0.0221 0.0090 0.9997
vn 0.1256 0.1340 0.9830
vn -0.0512 -0.1214 -0.9913
vn 0.6153 0.3387 -0.7118
vn -0.1480 0.9755 -0.1627
vn 0.5585 -0.2716 0.7838
vn 0.6863 0.6792 -0.2603
vn -0.5289 0.0507 -0.8472
vn -0.0632 0.7951 -0.6032
vn -0.8923 -0.4376 0.1105
vn 0.8964 -0.2450 -0.3694
vn -0.0926 -0.2122 0.9728
vn -0.1683 -0.2737 0.9470
vn -0.2840 0.0205 0.9586
vn -0.6399 0.1635 0.7509
vn -0.6604 0.6186 0.4257
vn -0.0611 0.9769 -0.2046
vn 0.2514 0.7933 -0.5545
vn 0.0462 0.9563 -0.2888
vn 0.8411 -0.5322 0.0970
vn -0.0027 0.0296 0.9996
vn -0.1295 -0.0329 0.9910
vn -0.2525 0.4332 0.8652
vn 0.6641 -0.0663 0.7447
vn -0.3099 0.5935 0.7428
vn -0.2828 -0.2223 0.9331
vn 0.5806 0.3241 0.7469
vn -0.5441 0.4056 0.7345
vn -0.3688 0.7571 0.5393
vn 0.6303 0.2046 0.7489
vn 0.4287 0.7539 0.4978
vn -0.3849 0.9052 0.1801
vn 0.6698 0.2572 0.6966
vn -0.8379 -0.0636 0.5421
vn 0.1294 0.1333 0.9826
vn -0.0667 0.1706 -0.9831
vn 0.9789 -0.0432 -0.1998
vn -0.0376 0.2611 -0.9646
vn -0.1062 0.9617 -0.2528
vn -0.4883 0.3740 -0.7884
vn -0.5987 -0.1667 -0.7834
vn -0.8762 -0.4516 -0.1681
vn -0.4219 0.8843 0.2000
vn -0.6792 0.6020 0.4199
vn 0.2783 -0.8828 -0.3784
vn 0.8652 -0.1238 -0.4860
vn 0.5007 0.4492 -0.7400
vn 0.6246 0.3370 -0.7045
vn -0.0928 0.9321 -0.3502
vn -0.9683 -0.1934 -0.1583
vn -0.2629 0.3808 -0.8865
vn -0.4935 0.8688 -0.0413
vn 0.9532 -0.1808 -0.2423
vn 0.9009 0.2787 0.3329
vn -0.6430 0.1258 -0.7555
vn -0.1635 0.9839 -0.0718
vn -0.2370 0.9715 0.0070
vn -0.4836 0.7735 -0.4096
vn 0.5845 -0.5314 -0.6131
vn 0.7201 -0.6879 -0.0905
vn 0.6150 0.3387 -0.7121
vn -0.7174 0.4875 -0.4977
vn -0.1377 0.9872 -0.0808
vn -0.6525 0.7535 -0.0810
vn 0.4906 0.2532 -0.8338
vn 0.5653 0.3762 -0.7341
vn -0.1720 0.9528 -0.2503
vn 0.8143 0.2055 -0.5428
vn 0.4904 0.3790 -0.7847
vn -0.8089 0.4863 -0.3304
vn -0.4028 0.7367 -0.5433
vn 0.5242 -0.8149 0.2473
vn 0.3166 -0.7994 0.5107
vn 0.2584 0.5237 -0.8117
vn -0.8790 -0.3735 -0.2964
vn 0.8626 -0.5058 -0.0030
vn 0.8646 -0.5024 -0.0000
vn -0.9277 -0.0877 -0.3629
vn 0.9829 0.1270 -0.1330
vn -0.6199 0.6515 -0.4374
vn 0.3776 0.5900 -0.7137
vn 0.1855 0.8631 0.4696
vn -0.9853 0.1693 0.0205
vn -0.2390 0.0253 0.9707
vn 0.1276 0.3337 0.9340
vn 0.1931 0.8572 -0.4774
vn 0.4368 0.7566 -0.4866
vn -0.6944 0.3474 -0.6301
vn 0.2691 0.5476 -0.7923
vn -0.1573 0.4885 -0.8583
vn 0.0556 0.9906 0.1253
vn 0.1957 0.9727 0.1249
vn -0.3223 0.9444 0.0646
vn 0.0717 0.9689 -0.2369
vn 0.0014 -0.1111 0.9938
vn 0.3969 0.3045 0.8659
vn -0.6562 -0.1663 0.7360
vn -0.4764 0.7082 0.5210
vn 0.6131 0.3089 0.7271
vn -0.0114 -0.5562 0.8310
vn 0.2029 0.1136 0.9726
vn 0.3564 -0.7035 -0.6148
vn -0.3463 0.6977 0.6271
vn -0.7392 -0.4551 0.4965
vn 0.8087 0.2207 0.5452
vn -0.2423 0.1215 -0.9626
vn 0.1167 0.2583 -0.9590
vn -0.8674 0.4026 0.2926
vn -0.8771 0.2836 0.3877
vn -0.1238 0.6251 0.7707
vn 0.8250 0.1765 0.5368
vn 0.8631 0.3858 0.3260
vn 0.8220 0.1799 0.5403
vn 0.0225 -0.0040 0.9997
vn -0.3755 0.9227 0.0869
vn -0.9320 0.3604 -0.0388
vn -0.3158 0.7959 0.5166
vn 0.5245 -0.2156 -0.8236
vn -0.6176 0.4132 -0.6692
vn -0.5046 0.7933 0.3407
vn -0.7083 0.6614 0.2465
vn -0.6516 0.3942 -0.6481
vn -0.4509 0.2504 -0.8567
vn 0.7262 0.2285 -0.6484
vn 0.9628 0.1956 0.1866
vn 0.6680 0.3154 -0.6740
vn -0.6357 0.7571 0.1506
vn -0.5301 0.1709 -0.8306
vn -0.4445 0.8385 -0.3153
vn -0.6635 0.1760 -0.7272
vn 0.6843 0.4067 -0.6053
vn 0.8328 0.5528 -0.0282
vn -0.1611 0.9814 -0.1040
vn 0.6537 -0.7552 0.0476
vn -0.7230 0.4377 -0.5345
vn -0.2397 0.9552 -0.1735
vn 0.5120 0.3175 -0.7981
vn 0.6490 -0.7608 -0.0042
vn -0.3245 0.9013 -0.2870
vn -0.3008 0.9046 -0.3019
vn -0.8292 0.0809 -0.5531
vn 0.4469 -0.8531 0.2691
vn -0.7408 0.3972 -0.5417
vn 0.6763 -0.7170 0.1687
vn 0.5817 0.7282 -0.3626
vn 0.3843 0.5415 -0.7478
vn -0.5063 0.6936 -0.5124
vn 0.7803 -0.5217 0.3450
vn -0.0607 0.8216 -0.5669
vn -0.9889 -0.0842 -0.1221
vn -0.4415 0.6125 -0.6557
vn 0.0203 -0.3415 0.9397
vn 0.4153 0.5511 0.7238
vn 0.3493 0.8442 -0.4067
vn 0.3190 0.6642 -0.6760
vn 0.3770 0.6615 -0.6483
vn 0.3772 -0.4382 0.8159
vn -0.4651 0.5438 -0.6986
vn 0.2516 0.3167 -0.9146
vn -0.1377 0.5053 -0.8519
vn 0.3363 0.3565 -0.8717
vn 0.0439 0.9047 0.4237
vn -0.1862 0.7868 0.5885
vn 0.3505 0.8540 0.3845
vn -0.1604 0.8221 -0.5463
vn 0.0373 -0.1600 0.9864
vn -0.1754 -0.1222 0.9769
vn -0.0527 -0.5893 0.8062
vn -0.2332 -0.2405 0.9422
vn 0.9083 -0.1810 0.3772
vn -0.4115 0.7325 0.5423
vn -0.0477 -0.1086 0.9929
vn -0.3662 -0.1671 0.9154
vn 0.4920 0.3219 0.8089
vn -0.6694 0.0104 0.7429
vn 0.6245 0.6236 0.4702
vn 0.7573 -0.3036 0.5783
vn 0.4996 0.1732 0.8488
vn 0.7600 0.1775 0.6253
vn 0.0560 0.1505 -0.9870
vn -0.2631 0.1036 -0.9592
vn 0.0130 0.1512 -0.9884
vn 0.4739 0.5529 0.6854
vn -0.5239 0.1724 0.8342
vn -0.8392 -0.0221 -0.5434
vn 0.8810 0.3564 0.3112
vn -0.4871 0.8731 -0.0226
vn -0.0457 0.4030 0.9141
vn -0.9349 0.2871 0.2088
vn 0.9416 0.2653 -0.2074
vn 0.2338 -0.3316 0.9140
vn 0.2191 -0.2953 0.9300
vn 0.6342 0.5445 -0.5489
vn -0.9915 0.1266 -0.0289
vn -0.8557 0.4745 0.2066
vn 0.8944 0.2743 0.3532
vn 0.2047 0.2552 -0.9450
vn -0.7490 0.6624 -0.0152
vn -0.4043 0.7873 -0.4655
vn -0.5624 0.8148 0.1408
vn 0.8802 0.4456 0.1634
vn -0.5435 0.1824 -0.8193
vn 0.9313 0.3614 -0.0458
vn 0.9771 -0.2068 0.0498
vn -0.0858 0.9415 -0.3259
vn 0.9136 0.3642 0.1806
vn 0.8769 0.4807 0.0039
vn -0.5574 0.8019 -0.2149
vn -0.2659 0.9501 -0.1632
vn -0.2172 0.8278 -0.5172
vn -0.7629 0.6408 -0.0856
vn 0.6963 0.2815 -0.6602
vn 0.8804 0.4704 -0.0597
vn -0.3373 0.9343 -0.1157
vn -0.7656 0.3170 -0.5598
vn 0.5378 -0.8118 0.2273
vn -0.7630 -0.1773 -0.6216
vn 0.3698 0.7979 -0.4761
vn 0.3664 0.7950 -0.4836
vn -0.4310 0.6623 -0.6129
vn -0.2866 0.7816 -0.5541
vn 0.8357 -0.1940 -0.5138
vn 0.5909 0.0760 0.8031
vn 0.0497 0.8031 -0.5937
vn -0.2299 -0.3349 0.9138
vn 0.0966 0.1693 -0.9808
vn 0.4132 0.8309 -0.3726
vn -0.7921 -0.2047 0.5750
vn -0.5642 0.5004 -0.6567
vn 0.3320 0.7087 -0.6225
vn 0.2385 0.4624 -0.8540
vn -0.3118 0.4987 0.8087
vn -0.4338 0.6633 0.6097
vn 0.0507 -0.6271 -0.7773
vn 0.9423 -0.3084 0.1303
vn -0.4801 0.0047 0.8772
vn -0.0822 -0.2024 0.9758
vn -0.0187 0.9941 0.1066
vn 0.7252 0.2059 0.6571
vn -0.6375 0.5088 -0.5785
vn 0.0354 0.9904 0.1333
vn -0.2579 0.3091 -0.9154
vn 0.6951 0.2263 -0.6824
vn 0.7888 0.6032 -0.1184
vn 0.5036 0.6827 -0.5295
vn -0.1535 0.3268 -0.9326
vn -0.0013 0.4629 -0.8864
vn -0.5303 0.8334 0.1553
vn -0.5907 0.3997 -0.7009
vn -0.6698 0.7242 -0.1638
vn -0.0729 0.9815 0.1772
vn -0.6918 0.1295 -0.7103
vn 0.5479 0.4663 -0.6945
vn -0.8114 0.4233 -0.4030
vn 0.4418 0.3583 -0.8225
vn 0.5957 0.7359 -0.3219
vn 0.6044 0.4684 -0.6445
vn -0.9652 -0.2419 -0.0996
vn -0.0148 0.5521 -0.8336
vn 0.1334 0.3968 -0.9082
vn -0.0391 0.7976 -0.6019
vn -0.8856 -0.4575 0.0802
vn 0.7604 -0.1822 -0.6233
vn 0.8843 0.3786 0.2732
vn 0.4712 0.7652 -0.4386
vn -0.7763 0.5664 0.2768
vn 0.5259 0.6381 -0.5624
vn 0.3040 -0.5532 0.7756
vn -0.5630 -0.4647 0.6835
vn 0.5313 -0.6287 0.5678
vn -0.4046 -0.7627 0.5045
vn 0.2392 0.9347 0.2628
vn -0.4242 0.9001 -0.0993
vn -0.8909 -0.0373 -0.4528
vn 0.8422 0.4090 -0.3514
vn -0.0561 0.5340 -0.8436
vn -0.4130 0.9104 -0.0255
vn 0.7155 0.6768 -0.1729
vn -0.4512 0.8494 -0.2738
vn 0.3487 0.8153 -0.4623
vn -0.1286 0.7972 -0.5899
vn -0.1466 0.6982 -0.7007
vn -0.5421 0.4690 -0.6973
vn -0.0675 0.9961 0.0566
vn -0.2245 0.0261 0.9741
vn -0.2282 0.4334 0.8718
vn -0.4534 0.8716 0.1866
vn 0.9273 0.2234 0.3002
vn 0.8588 -0.4222 0.2903
vn 0.6528 -0.7526 0.0866
vn -0.7383 0.4623 -0.4911
vn 0.2889 0.1869 -0.9389
vn 0.1919 0.4024 -0.8951
vn -0.2582 0.8168 -0.5159
vn 0.0339 0.8086 -0.5874
vn -0.9005 -0.2932 -0.3212
vn 0.4056 0.8959 0.1812
vn 0.0659 -0.0175 0.9977
vn -0.4413 0.7511 0.4911
vn -0.2066 0.9051 -0.3716
vn 0.5688 0.6871 -0.4520
vn -0.0667 0.9884 -0.1368
vn 0.5896 0.5774 -0.5647
vn -0.4496 0.8872 0.1035
vn -0.2798 0.9454 -0.1672
vn -0.4144 0.9096 -0.0305
vn -0.6866 0.2680 -0.6758
vn -0.6198 0.7679 -0.1622
vn -0.6111 0.3276 -0.7206
vn -0.4302 0.8655 -0.2564
vn 0.4123 0.6133 -0.6737
vn -0.2657 0.8643 -0.4271
vn -0.0305 0.8393 -0.5428
vn 0.0525 0.8782 -0.4754
vn -0.6773 0.7350 -0.0326
vn -0.0120 0.0160 0.9998
vn 0.7987 -0.4395 0.4111
vn 0.4250 0.4929 0.7592
vn 0.8926 -0.0560 0.4473
vn 0.8296 -0.4606 0.3157
vn -0.5806 0.7797 -0.2346
vn -0.0459 0.9454 -0.3227
vn -0.8727 -0.2188 -0.4365
vn -0.4887 0.5356 -0.6887
vn -0.4521 0.8799 0.1458
vn 0.5226 0.5255 -0.6714
vn -0.5785 0.7896 -0.2046
vn 0.4628 0.8287 -0.3146
vn 0.3587 0.8412 -0.4047
vn 0.0370 0.8105 -0.5846
vn 0.5661 0.8242 -0.0181
vn -0.1383 -0.9883 0.0646
vn 0.2715 0.9623 -0.0177
vn -0.1474 0.7571 -0.6365
vn -0.2427 -0.7462 0.6199
vn 0.1983 0.7140 -0.6715
vn -0.1044 0.7192 -0.6869
vn 0.6941 -0.5286 0.4887
vn 0.8220 0.3737 0.4298
vn -0.0585 0.9584 -0.2794
vn 0.3600 0.8797 -0.3106
vn 0.6962 0.7166 -0.0427
vn -0.3941 0.9186 -0.0277
vn -0.4165 0.9081 -0.0426
vn 0.0645 -0.9640 0.2579
vn 0.0064 0.9113 -0.4118
vn -0.1484 0.2043 0.9676
vn -0.3968 0.7701 0.4994
vn 0.4443 0.4444 0.7779
vn -0.0430 -0.0664 0.9969
vn 0.6151 -0.6431 0.4561
vn -0.2786 0.9278 -0.2480
vn -0.2589 0.9283 -0.2668
vn 0.7288 -0.6412 0.2402
vn -0.2020 0.0060 0.9794
vn -0.2410 -0.1500 0.9589
vn -0.8182 -0.3626 0.4462
vn -0.8101 -0.1275 -0.5722
vn -0.4545 0.8689 0.1961
vn -0.4766 0.8621 0.1721
vn -0.5103 0.8535 -0.1057
vn 0.0671 0.8409 -0.5371
vn -0.5002 0.4075 -0.7641
vn 0.7512 -0.6106 0.2505
vn -0.2386 0.7857 -0.5707
vn -0.3037 -0.1779 0.9360
vn 0.0088 -0.3773 0.9261
vn -0.4732 0.2260 0.8515
vn -0.1538 0.7149 0.6821
vn -0.2164 -0.0974 0.9714
vn 0.1323 0.6876 0.7140
vn 0.8197 -0.3156 0.4781
vn 0.6454 -0.4973 0.5798
vn -0.3003 0.7314 0.6122
vn -0.0930 0.1040 0.9902
vn 0.4135 0.7017 0.5802
vn -0.5644 -0.0750 0.8221
vn -0.8480 -0.5253 0.0706
vn -0.4019 -0.2106 0.8911
vn 0.8346 -0.3482 0.4268
vn -0.6579 0.2039 0.7250
vn -0.6153 0.1150 0.7799
vn -0.0653 -0.2608 -0.9632
vn 0.8412 -0.1639 0.5153
vn -0.4705 0.8803 -0.0612
vn -0.5286 0.0988 0.8431
vn 0.9350 0.1405 0.3255
vn 0.6939 0.4914 0.5263
vn 0.7633 -0.0902 0.6397
vn 0.4625 0.7062 -0.5361
vn -0.7898 0.1050 -0.6043
vn 0.8756 -0.4549 0.1624
vn -0.1938 0.9260 -0.3240
vn -0.9279 0.3729 0.0013
vn -0.4815 0.5849 -0.6528
vn -0.5492 0.5227 -0.6520
vn -0.2685 0.9633 -0.0004
vn -0.6860 0.4940 -0.5342
vn -0.4399 0.6320 -0.6380
vn -0.2972 0.9527 -0.0644
vn 0.5987 0.7895 -0.1354
vn -0.2864 0.9566 -0.0541
vn 0.8162 -0.5325 0.2244
vn -0.9072 0.4131 0.0798
vn 0.8739 0.0009 -0.4860
vn -0.8894 0.3455 -0.2994
vn -0.5622 0.2438 -0.7903
vn 0.1265 0.2512 -0.9596
vn 0.9805 0.1569 -0.1185
vn -0.0108 0.2600 0.9656
vn 0.1562 0.0330 0.9872
vn 0.4145 0.2424 0.8772
vn -0.0481 -0.4266 0.9032
vn -0.4771 0.2311 0.8479
vn 0.2957 -0.4511 0.8420
vn 0.2180 -0.3676 0.9041
vn -0.3539 -0.3456 0.8691
vn -0.2914 -0.4169 0.8609
vn 0.0143 -0.0241 0.9996
vn 0.0897 0.6142 0.7840
vn -0.7965 -0.4212 0.4338
vn -0.1165 -0.0022 0.9932
vn -0.6169 0.0182 0.7868
vn -0.7417 -0.0691 0.6672
vn -0.1882 0.7995 0.5704
vn -0.6649 0.2035 0.7187
vn 0.9046 0.2686 0.3311
vn 0.8756 0.0845 0.4757
vn 0.7130 -0.4485 0.5389
vn -0.3817 0.8013 0.4607
vn 0.4017 0.1031 -0.9100
vn 0.6404 -0.4109 0.6488
vn 0.9333 -0.3237 -0.1554
vn 0.5445 0.5073 0.6680
vn 0.6037 0.4791 0.6372
vn 0.9291 -0.2163 0.3000
vn 0.9864 0.0896 0.1377
vn -0.8486 -0.2752 -0.4518
vn -0.6212 -0.6784 -0.3923
vn -0.2920 0.4506 -0.8436
vn -0.1106 0.2127 -0.9708
vn 0.0214 -0.0413 -0.9989
vn 0.0610 0.0766 -0.9952
vn 0.2440 0.2613 -0.9339
vn 0.6960 0.4937 0.5214
vn -0.8887 -0.2816 0.3618
vn -0.5111 0.1292 0.8497
vn -0.4109 0.0193 0.9115
vn 0.0761 0.7684 -0.6355
vn 0.7534 0.6032 -0.2617
vn 0.9597 0.0888 0.2666
vn 0.0054 0.8095 -0.5871
vn -0.6380 0.5385 -0.5504
vn 0.0635 0.0633 0.9960
vn -0.9544 0.1290 -0.2691
vn 0.5648 0.0855 0.8208
vn 0.5134 0.7064 -0.4873
vn -0.7433 0.6537 -0.1423
vn 0.8485 0.0211 0.5288
vn 0.6643 0.6004 0.4453
vn -0.4970 0.8053 -0.3232
vn -0.8684 0.0093 -0.4959
vn 0.3301 0.7718 -0.5435
vn 0.8248 0.0262 0.5648
vn -0.1124 0.7653 -0.6338
vn 0.8549 0.4553 0.2487
vn 0.6340 0.7401 -0.2242
vn -0.9986 -0.0273 -0.0457
vn 0.8016 0.5140 0.3055
vn -0.4141 0.5708 -0.7090
vn 0.8757 -0.2339 0.4225
vn 0.9836 0.0797 0.1621
vn -0.4800 0.5981 -0.6418
vn -0.6233 0.6198 -0.4768
vn -0.9494 0.0955 -0.2991
vn -0.4082 0.5826 -0.7028
vn 0.7883 0.5970 0.1490
vn -0.4159 0.7804 -0.4669
vn -0.2662 0.6656 -0.6972
vn -0.1000 0.6013 -0.7927
vn 0.4547 0.6731 -0.5832
vn -0.1725 0.5986 -0.7823
vn -0.7234 0.4147 -0.5520
vn 0.5276 0.7669 -0.3654
vn -0.4507 0.6263 -0.6362
vn 0.9314 -0.2417 0.2723
vn -0.9936 0.0876 0.0719
vn 0.2787 0.8010 -0.5298
vn -0.8827 0.3623 -0.2994
vn -0.7306 0.6775 0.0850
vn -0.2940 0.9555 -0.0224
vn -0.6914 0.3528 -0.6305
vn -0.0575 0.7844 -0.6176
vn 0.5892 0.6503 -0.4795
vn 0.7250 -0.5604 0.4004
vn -0.5011 0.6254 -0.5981
vn 0.4793 0.6414 -0.5991
vn -0.8705 0.4713 -0.1420
vn 0.4639 0.8368 -0.2907
vn -0.4642 -0.8396 0.2821
vn -0.6951 0.5087 -0.5080
vn 0.3035 0.7665 -0.5660
vn -0.2055 0.8287 -0.5206
vn 0.1713 0.8441 -0.5080
vn 0.0680 0.9177 -0.3914
vn 0.2028 0.7893 -0.5795
vn 0.0082 0.9711 -0.2384
vn -0.8492 0.3264 -0.4152
vn -0.8834 0.4090 -0.2288
vn 0.9346 -0.3460 -0.0824
vn 0.9993 0.0117 -0.0363
vn 0.9040 -0.2604 -0.3391
vn 0.9347 0.1449 -0.3245
vn 0.8415 0.1395 -0.5220
vn 0.5130 0.4255 -0.7456
vn -0.6254 0.3842 -0.6792
vn 0.6406 0.4410 -0.6286
vn 0.1720 0.5175 -0.8382
vn 0.1536 0.5781 -0.8014
vn 0.0317 0.5162 -0.8559
vn -0.2643 0.0447 0.9634
vn -0.1227 -0.1625 0.9790
vn -0.0780 -0.6054 0.7921
vn -0.6671 0.1967 0.7185
vn 0.8941 0.4477 0.0093
vn -0.0950 -0.1558 0.9832
vn -0.1474 0.2168 -0.9650
vn -0.0249 0.9995 0.0195
vn 0.9627 0.2624 0.0668
vn 0.0684 0.9921 0.1055
vn 0.6490 0.1873 0.7374
vn 0.6110 0.1593 0.7754
vn -0.0610 0.2007 0.9778
vn -0.0082 0.6496 0.7602
vn 0.0306 0.6499 0.7594
vn 0.8146 -0.5761 0.0674
vn -0.6047 -0.5408 0.5848
vn -0.9257 -0.2884 0.2449
vn -0.5009 0.8432 0.1950
vn 0.1643 -0.0401 -0.9856
vn 0.1587 0.0771 -0.9843
vn 0.6788 -0.2572 0.6878
vn 0.1507 0.6865 -0.7113
vn -0.0033 0.7706 -0.6373
vn 0.6931 0.4522 0.5613
vn -0.9992 0.0227 0.0328
vn 0.4826 0.7356 -0.4755
vn -0.9438 0.1334 -0.3024
vn -0.5121 0.6653 -0.5432
vn -0.9821 0.0357 0.1852
vn -0.4847 0.7944 -0.3661
vn -0.9526 0.1037 -0.2858
vn -0.0430 0.6869 -0.7255
vn -0.8623 0.5057 -0.0273
vn -0.9724 0.0968 -0.2124
vn -0.4966 0.6730 -0.5481
vn 0.1661 -0.0903 0.9820
vn -0.4523 0.4991 -0.7392
vn -0.3349 0.7885 -0.5158
vn 0.3532 0.8773 -0.3249
vn 0.7709 0.6365 -0.0265
vn -0.6126 0.3621 -0.7026
vn 0.7666 0.6419 -0.0177
vn 0.3955 0.7225 -0.5671
vn 0.4957 0.6512 -0.5746
vn 0.4802 0.8265 -0.2939
vn 0.0057 0.9107 -0.4131
vn 0.9250 -0.3763 0.0531
vn 0.1199 0.9373 -0.3274
vn -0.5324 0.7426 -0.4063
vn -0.0502 0.9426 -0.3303
vn -0.0998 0.8818 -0.4609
vn -0.1692 0.8984 -0.4053
vn -0.2052 0.7887 -0.5795
vn 0.1628 0.8678 -0.4695
vn -0.8909 0.3070 -0.3347
vn 0.7656 -0.5478 0.3373
vn 0.9529 -0.2806 0.1149
vn -0.9145 0.4045 0.0045
vn -0.8152 -0.2479 0.5234
vn -0.9606 0.2771 -0.0221
vn -0.0145 0.6533 -0.7570
vn -0.1405 0.7856 -0.6025
vn -0.6380 0.2428 0.7307
vn 0.6190 -0.6578 0.4291
vn -0.2438 0.7871 0.5666
vn -0.4093 0.8106 0.4188
vn 0.2631 0.6596 0.7040
vn 0.0486 -0.1554 0.9867
vn -0.7803 -0.4567 0.4272
vn -0.5467 0.8352 -0.0604
vn 0.3291 0.7877 -0.5208
vn -0.6169 0.7868 -0.0187
vn -0.4452 0.8544 -0.2678
vn 0.4005 0.8704 -0.2864
vn -0.4066 0.7969 -0.4468
vn 0.3507 0.8760 -0.3311
vn -0.7160 0.6686 -0.2009
vn -0.2031 0.8159 -0.5413
vn 0.8493 0.5229 0.0723
vn -0.0443 0.9109 -0.4102
vn -0.4200 0.6335 -0.6498
vn 0.7687 -0.4199 0.4825
vn -0.1919 0.9814 -0.0065
vn 0.9152 -0.3589 0.1831
vn -0.1814 0.9816 -0.0596
vn -0.4589 0.6466 -0.6093
vn 0.4264 0.8545 -0.2968
vn -0.1754 0.9833 -0.0486
vn -0.2191 0.9693 0.1118
vn 0.2969 0.9204 -0.2546
vn 0.2026 0.9074 -0.3681
vn 0.1041 0.9378 -0.3311
vn -0.0567 0.9437 -0.3259
vn 0.8415 -0.4644 0.2760
vn -0.9418 0.3165 -0.1134
vn 0.8850 0.4648 0.0284
vn 0.4107 0.6690 -0.6195
vn -0.7798 0.5623 0.2752
vn 0.4771 0.6569 0.5839
vn 0.1429 -0.0647 0.9876
vn 0.2834 0.5303 0.7991
vn -0.4436 0.8677 0.2242
vn 0.5293 0.5234 0.6677
vn 0.9385 0.3098 0.1526
vn 0.7916 0.6034 -0.0957
vn -0.4476 -0.0086 0.8942
vn 0.3801 0.7479 -0.5442
vn 0.5708 0.7036 0.4232
vn -0.4475 0.8560 -0.2588
vn -0.8079 0.5114 -0.2928
vn 0.3172 0.9462 -0.0643
vn -0.0418 0.9608 0.2742
vn 0.7901 0.5061 0.3458
vn 0.4196 0.6432 -0.6405
vn 0.1715 0.9391 -0.2977
vn -0.4444 0.5658 -0.6946
vn 0.1900 0.9673 -0.1681
vn -0.4490 0.4299 -0.7834
vn -0.3948 0.5737 -0.7176
vn 0.1390 0.7903 -0.5967
vn -0.0055 0.9388 -0.3445
vn 0.3179 0.9306 -0.1813
vn -0.0612 0.9099 -0.4102
vn 0.0275 0.9957 -0.0889
vn -0.0755 0.9940 -0.0795
vn -0.0197 0.9907 -0.1347
vn 0.5989 0.7524 -0.2743
vn -0.7286 0.6822 0.0615
vn 0.8212 -0.4606 0.3369
vn -0.0450 0.9979 -0.0464
vn 0.1524 0.7724 -0.6166
vn -0.7586 0.4089 -0.5072
vn -0.8900 0.3445 -0.2987
vn -0.5715 0.5137 0.6399
vn 0.0097 0.9407 -0.3392
vn 0.0186 0.8191 0.5733
vn -0.1350 0.7548 0.6419
vn 0.0219 0.7582 0.6517
vn 0.1762 0.7198 0.6714
vn -0.4156 0.8872 0.2004
vn -0.4210 0.9067 -0.0234
vn -0.7086 0.6723 -0.2144
vn -0.4261 0.8647 -0.2660
vn 0.3838 0.7508 -0.5375
vn 0.7337 0.6217 0.2744
vn 0.2039 0.9486 -0.2419
vn 0.1384 0.9753 -0.1724
vn 0.2242 0.9076 -0.3549
vn -0.1381 -0.9765 0.1656
vn -0.0197 0.9897 -0.1416
vn 0.1094 0.9806 -0.1626
vn 0.0883 0.9859 -0.1425
vn 0.3983 0.8957 -0.1978
vn -0.2640 0.8619 -0.4330
vn 0.1952 0.9231 -0.3313
vn -0.5410 0.5741 -0.6146
vn 0.2304 0.9725 -0.0351
vn 0.2604 0.9645 0.0449
vn 0.0189 0.0433 0.9989
vn -0.2823 -0.8154 0.5054
vn -0.0217 0.9862 0.1643
vn 0.0133 0.8168 0.5768
vn -0.0697 0.8146 0.5759
vn -0.0374 0.9613 -0.2728
vn 0.2502 0.6739 -0.6952
vn -0.2958 0.9281 -0.2260
vn -0.7102 0.6682 0.2217
vn -0.4011 0.9149 -0.0451
vn -0.8534 0.5206 -0.0266
vn -0.2280 0.8771 -0.4229
vn 0.6341 0.7538 0.1725
vn 0.6410 0.7674 -0.0129
vn 0.1171 0.9659 -0.2309
vn 0.5645 0.8236 0.0545
vn 0.3375 0.9405 -0.0388
vn 0.9229 -0.1015 0.3713
vn -0.3052 0.7914 -0.5297
vn 0.5698 0.7997 -0.1892
vn -0.9222 0.3801 0.0712
vn 0.2312 0.9305 -0.2842
vn -0.5467 0.7806 -0.3031
vn -0.0180 0.9276 -0.3732
vn 0.9778 0.2088 0.0155
vn -0.8358 -0.2221 0.5021
vn 0.5333 0.7911 0.2996
vn -0.0752 -0.9622 0.2618
vn -0.5674 0.5060 0.6496
vn 0.1124 0.9447 0.3082
vn 0.1023 0.9883 -0.1134
vn 0.4425 0.6905 0.5723
vn -0.5119 0.5467 0.6626
vn 0.0841 0.9605 -0.2652
vn -0.0120 0.9453 -0.3261
vn -0.0991 0.9007 -0.4230
vn -0.5866 0.7618 -0.2750
vn -0.0634 0.1226 -0.9904
vn -0.0318 -0.0883 0.9956
vn -0.0190 0.1459 0.9891
vn -0.6022 -0.7078 0.3694
vn -0.2384 0.9446 0.2257
vn -0.3031 0.8982 0.3184
vn 0.3841 0.9165 -0.1120
vn -0.2935 0.9386 -0.1814
vn -0.3148 0.9266 -0.2056
vn 0.6229 0.7152 -0.3170
vn 0.1879 0.9345 0.3023
vn -0.3992 0.8786 -0.2620
vn -0.2388 -0.8589 0.4529
vn -0.3440 0.7990 -0.4933
vn -0.4198 0.8029 -0.4232
vn -0.4137 0.8055 -0.4243
vn 0.0139 0.0899 0.9959
vn 0.5821 0.7360 0.3458
vn -0.2099 -0.9769 -0.0407
vn -0.4274 -0.8884 0.1677
vn 0.8837 0.0219 0.4675
vn 0.1932 0.7731 0.6041
vn -0.0459 0.9354 0.3506
vn 0.2161 0.7772 0.5910
vn 0.2845 0.9137 -0.2901
vn -0.2748 0.5902 0.7590
vn -0.3737 0.8973 -0.2349
vn -0.6277 -0.5552 -0.5456
vn -0.4072 0.7966 -0.4468
vn -0.3639 0.8369 -0.4089
vn -0.3174 0.8388 -0.4423
vn 0.2336 0.9518 -0.1989
vn -0.1515 0.8786 0.4528
vn 0.2616 -0.2254 0.9385
vn 0.0618 0.3666 0.9283
vn -0.3577 0.9122 0.2000
vn -0.2270 0.9094 0.3485
vn 0.2744 0.9343 -0.2277
vn 0.0713 0.9851 0.1568
vn 0.3119 0.2811 -0.9076
vn 0.2369 0.9503 -0.2021
vn 0.0510 0.9969 0.0601
vn -0.9015 0.2898 -0.3214
vn 0.0574 0.9962 -0.0656
vn 0.2495 0.7501 0.6124
vn 0.9340 -0.2699 0.2341
vn -0.3556 0.9336 -0.0449
vn 0.4928 0.4691 -0.7329
vn -0.3664 0.9299 -0.0312
vn -0.2831 0.7040 0.6513
vn 0.5946 0.7372 0.3210
vn 0.4912 0.5113 -0.7052
vn 0.6366 0.5557 -0.5347
vn -0.7431 0.6326 -0.2183
vn -0.9047 0.4230 0.0508
vn 0.8380 0.3927 0.3789
vn 0.8265 0.2762 0.4905
vn -0.9315 0.2198 -0.2897
vn 0.1538 0.9642 -0.2159
vn -0.0093 0.9269 -0.3751
vn -0.8650 0.4135 -0.2842
vn 0.9739 0.0112 0.2267
vn 0.4715 0.7043 -0.5307
vn -0.1926 0.5197 0.8324
vn 0.3694 0.4892 0.7901
vn -0.4472 0.6079 0.6562
vn 0.6058 -0.1557 0.7802
vn -0.6560 -0.1931 0.7297
vn -0.4243 0.6981 0.5768
vn -0.9258 -0.2024 0.3193
vn -0.3022 0.7231 0.6211
vn 0.9916 -0.0466 0.1210
vn 0.9677 -0.2061 -0.1450
vn 0.5586 0.2473 0.7917
vn 0.0316 0.3649 0.9305
vn 0.2354 0.9353 -0.2640
vn -0.1880 0.9171 0.3515
vn -0.1331 0.9046 0.4050
vn 0.1855 0.7598 0.6231
vn 0.1996 -0.8926 -0.4042
vn -0.5207 0.7468 0.4137
vn -0.5156 0.4190 -0.7474
vn 0.6805 -0.2378 0.6931
vn 0.0417 0.4068 -0.9126
vn -0.1782 0.6686 0.7220
vn 0.3099 0.7898 -0.5293
vn 0.4640 0.7745 0.4298
vn -0.7708 0.6348 -0.0542
vn 0.6205 0.6149 0.4868
vn 0.5768 0.6193 0.5326
vn 0.5462 0.7976 0.2560
vn -0.3756 0.8966 -0.2345
vn 0.4126 0.4101 0.8134
vn -0.6997 0.1434 -0.6999
vn -0.4244 -0.4674 0.7755
vn 0.5580 0.8092 0.1840
vn 0.6171 0.4499 -0.6456
vn 0.3647 0.9309 -0.0219
vn -0.3350 0.4271 -0.8398
vn -0.5864 0.4360 -0.6826
vn -0.3915 0.5299 -0.7523
vn 0.3708 0.9264 -0.0656
vn 0.5286 0.2405 -0.8141
vn 0.2343 0.9396 -0.2496
vn -0.1614 0.4123 -0.8966
vn -0.1205 0.3129 -0.9421
vn 0.1969 0.2018 -0.9594
vn -0.9263 0.2566 -0.2758
vn 0.9249 -0.0841 0.3709
vn 0.9285 0.0157 0.3711
vn -0.8898 0.4561 0.0167
vn -0.8268 0.1503 -0.5421
vn -0.8351 0.5353 -0.1272
vn 0.9865 0.1549 -0.0533
vn 0.9471 0.3050 0.0998
vn -0.7485 0.3296 -0.5754
vn -0.7202 0.6934 -0.0228
vn -0.7612 0.6426 0.0874
vn -0.6798 0.5037 -0.5330
vn -0.7334 0.5113 -0.4480
vn -0.8877 0.3476 -0.3018
vn 0.5868 0.5044 -0.6334
vn 0.0517 0.5387 0.8409
vn 0.2570 0.1452 0.9554
vn 0.1437 0.0283 0.9892
vn -0.9050 -0.2354 0.3545
vn -0.5662 0.5005 0.6549
vn 0.0519 0.8755 0.4804
vn 0.1487 0.6200 -0.7704
vn 0.5701 0.8177 -0.0795
vn 0.3636 0.8967 0.2524
vn -0.9467 0.0137 -0.3217
vn 0.4247 0.4599 -0.7798
vn -0.9141 0.1850 -0.3609
vn 0.8154 0.1891 0.5472
vn -0.3673 0.8354 -0.4089
vn 0.8409 0.2173 0.4956
vn -0.4694 0.4529 -0.7580
vn 0.1575 0.9603 -0.2303
vn 0.5196 0.2196 -0.8257
vn -0.3184 0.8431 -0.4333
vn 0.0579 0.9901 -0.1280
vn 0.0586 0.1297 -0.9898
vn -0.1228 0.9262 -0.3566
vn -0.2655 0.8527 -0.4499
vn -0.8974 0.4412 0.0024
vn -0.8901 0.3949 -0.2277
vn 0.9858 0.1595 0.0528
vn -0.8744 0.4841 -0.0331
vn 0.9291 0.3072 -0.2058
vn 0.6679 0.4562 -0.5880
vn 0.1409 0.4303 -0.8916
vn 0.0211 -0.0279 0.9994
vn -0.3616 -0.2242 0.9050
vn -0.0101 0.4788 0.8779
vn -0.6248 -0.1633 0.7635
vn -0.5562 0.5823 0.5929
vn -0.2440 0.8783 0.4112
vn 0.7883 0.5373 0.2999
vn 0.6993 0.6903 0.1855
vn -0.4342 0.2318 -0.8705
vn 0.1634 0.8771 -0.4517
vn 0.5408 0.8405 -0.0330
vn 0.0597 0.9396 -0.3371
vn -0.6250 0.6021 -0.4968
vn 0.0369 0.8761 0.4807
vn -0.0301 0.9149 0.4026
vn 0.9363 -0.1777 0.3031
vn 0.0511 0.6991 -0.7132
vn 0.7136 0.6011 -0.3597
vn -0.1659 0.9525 0.2555
vn 0.2218 0.8620 0.4558
vn 0.1806 0.8216 0.5407
vn 0.2602 0.7285 -0.6337
vn -0.3363 0.9398 0.0602
vn -0.9883 -0.1515 0.0156
vn 0.8790 0.4258 -0.2147
vn -0.2585 0.9657 -0.0245
vn 0.4306 0.8450 0.3172
vn 0.3693 0.8686 0.3304
vn 0.3184 0.5957 -0.7374
vn 0.0802 0.7231 -0.6860
vn -0.3075 0.9331 -0.1864
vn 0.4160 0.4675 -0.7800
vn -0.2463 0.9314 -0.2681
vn -0.2419 0.9323 -0.2687
vn 0.0566 0.9515 -0.3024
vn 0.5313 0.2421 -0.8119
vn -0.2094 0.9283 -0.3072
vn 0.1777 0.9733 -0.1455
vn 0.2368 0.9622 -0.1346
vn -0.1245 0.9214 -0.3680
vn -0.2604 0.3127 -0.9134
vn 0.8386 0.4381 -0.3237
vn 0.0782 0.4939 -0.8660
vn 0.4066 0.5372 0.7390
vn -0.1271 -0.0159 0.9918
vn -0.9384 -0.2432 0.2454
vn -0.4155 0.7567 0.5048
vn 0.2551 0.6162 -0.7451
vn -0.0451 0.9675 0.2489
vn -0.0828 0.9388 0.3343
vn 0.0042 0.8927 0.4507
vn 0.8017 -0.3886 0.4541
vn 0.0252 0.3331 0.9425
vn 0.3387 0.8346 -0.4344
vn 0.0669 0.8838 0.4630
vn -0.1011 0.8266 0.5536
vn 0.3783 0.8927 0.2450
vn -0.4110 0.8967 -0.1642
vn -0.2275 0.9068 -0.3549
vn 0.2961 0.9550 -0.0170
vn 0.3200 0.9468 -0.0343
vn 0.1087 0.9883 -0.1073
vn 0.4413 0.6053 0.6625
vn -0.2100 0.9302 -0.3010
vn 0.0705 0.9672 -0.2439
vn -0.2724 0.9613 -0.0403
vn 0.0704 0.9466 -0.3145
vn 0.0970 -0.0278 0.9949
vn 0.8563 -0.2699 0.4402
vn -0.2159 0.9372 0.2741
vn -0.4760 0.8360 0.2729
vn -0.7687 0.6271 0.1259
vn -0.6835 0.6861 0.2493
vn 0.1934 0.2524 0.9481
vn 0.2726 0.8785 -0.3923
vn -0.1178 -0.3488 0.9298
vn 0.2397 0.8362 -0.4934
vn -0.2841 0.9477 -0.1457
vn -0.3937 0.7719 0.4992
vn 0.9369 0.3252 -0.1285
vn 0.0716 0.9381 0.3389
vn 0.1841 0.9778 0.1002
vn -0.5138 0.7393 0.4352
vn 0.3346 0.8848 -0.3242
vn -0.0808 0.9877 0.1341
vn -0.1152 0.9898 0.0838
vn 0.0675 0.9748 0.2125
vn -0.1184 0.9905 -0.0696
vn 0.1012 0.9946 0.0234
vn 0.0382 0.9981 -0.0475
vn -0.1990 0.9451 -0.2591
vn -0.0474 0.9929 -0.1089
vn 0.5362 0.6467 0.5425
vn -0.3725 0.4820 -0.7931
vn -0.9238 0.2557 -0.2849
vn 0.4213 0.3399 -0.8408
vn -0.2055 -0.0699 0.9762
vn 0.5664 -0.2035 0.7986
vn -0.2829 0.6267 0.7261
vn 0.8260 -0.1925 0.5298
vn 0.0336 0.7487 0.6621
vn 0.2209 0.9753 -0.0058
vn -0.3317 0.9076 0.2575
vn -0.2572 0.9563 0.1393
vn 0.1303 0.3277 -0.9358
vn 0.0543 0.9707 -0.2339
vn -0.9786 -0.1401 0.1507
vn 0.0833 0.9757 -0.2026
vn -0.1641 0.9585 0.2330
vn 0.8143 0.0077 0.5804
vn 0.0680 0.9977 -0.0038
vn -0.0079 0.9946 0.1032
vn -0.1314 0.6737 0.7272
vn 0.0157 0.9905 0.1364
vn 0.0655 0.9976 0.0202
vn 0.6809 0.5574 -0.4750
vn -0.1396 0.9891 -0.0463
vn 0.0604 0.9979 0.0251
vn 0.0500 0.9926 -0.1106
vn 0.0557 0.9929 -0.1055
vn -0.3620 0.4047 -0.8397
vn -0.4553 0.2366 -0.8583
vn -0.7551 0.6427 0.1294
vn -0.8003 0.5994 0.0189
vn -0.8550 0.1505 -0.4963
vn -0.1422 0.9869 0.0765
vn 0.0214 0.9996 0.0205
vn -0.0213 0.9978 0.0633
vn -0.4648 0.8719 -0.1543
vn 0.1852 0.9821 0.0340
vn 0.0255 0.9651 0.2606
vn -0.1465 0.9892 -0.0031
vn -0.0062 0.9997 -0.0230
vn 0.1692 0.9632 -0.2087
vn 0.0569 0.9863 0.1546
vn 0.1249 0.9898 -0.0687
vn -0.9899 0.0093 -0.1412
vn -0.9202 0.0737 -0.3845
vn 0.4378 0.7908 -0.4277
vn 0.0179 0.9996 0.0211
vn -0.0475 0.9977 -0.0494
vn -0.6792 0.1201 -0.7241
vn 0.8799 0.2084 0.4271
vn 0.2550 0.1412 -0.9566
vn 0.7943 0.2716 0.5434
vn -0.8746 0.3797 -0.3015
vn 0.9516 -0.0633 0.3008
vn -0.9079 -0.1161 -0.4027
vn -0.9179 0.2121 -0.3354
vn 0.1714 0.9792 -0.1085
vn 0.0722 0.9671 0.2439
vn -0.1455 0.9894 0.0030
vn 0.2924 0.8347 0.4667
vn 0.3344 0.8727 -0.3557
vn 0.8424 -0.4754 0.2537
vn 0.6490 -0.7479 0.1391
vn 0.0790 0.9946 -0.0673
vn -0.4878 -0.2517 -0.8359
vn 0.5420 0.6779 0.4966
vn -0.3109 0.5237 -0.7932
vn -0.7725 0.6017 -0.2029
vn 0.7594 0.4708 0.4491
vn 0.5030 0.8077 -0.3078
vn -0.9837 0.1373 -0.1165
vn 0.1791 0.9164 0.3580
vn -0.1534 0.9018 0.4041
vn 0.3381 0.9406 -0.0309
vn -0.5448 0.8346 0.0811
vn -0.1033 0.9102 0.4012
vn 0.1506 0.9185 0.3655
vn -0.0213 0.8747 -0.4841
vn 0.1571 0.9389 -0.3062
vn -0.6381 -0.1073 0.7624
vn 0.8191 -0.2121 0.5331
vn 0.3233 0.8347 0.4458
vn 0.4445 0.5100 0.7364
vn -0.4459 0.1065 -0.8887
vn -0.4206 0.1086 -0.9007
vn 0.5484 0.6553 -0.5195
vn -0.4377 0.2193 -0.8720
vn -0.9053 0.3990 -0.1459
vn -0.8552 0.4635 -0.2320
vn 0.6252 0.6566 -0.4220
vn 0.7754 -0.5024 -0.3826
vn 0.8788 0.1270 0.4599
vn 0.5895 0.1431 -0.7950
vn 0.5214 0.7074 0.4772
vn -0.1120 0.2667 -0.9572
vn 0.3261 0.8398 -0.4340
vn -0.1964 0.1081 0.9746
vn -0.9240 0.0863 0.3726
vn 0.4971 0.8153 -0.2970
vn -0.0704 0.2275 -0.9712
vn 0.8397 0.5267 0.1323
vn 0.6641 0.6657 0.3404
vn -0.6285 0.5331 -0.5664
vn -0.7488 0.6421 -0.1642
vn 0.0207 0.1171 0.9929
vn -0.3603 0.1514 0.9204
vn 0.5667 -0.2075 0.7974
vn -0.9722 -0.0084 0.2342
vn -0.9801 0.1163 0.1606
vn 0.6693 0.5876 0.4548
vn -0.6728 0.1788 -0.7179
vn -0.3664 0.0506 -0.9291
vn 0.0812 0.8945 0.4397
vn -0.5950 0.7962 0.1096
vn -0.8694 0.4940 0.0123
vn 0.6133 0.7704 -0.1740
vn 0.6023 0.7614 -0.2397
vn -0.7707 0.5793 -0.2654
vn -0.0032 0.5806 -0.8142
vn 0.5511 -0.6124 0.5668
vn 0.8034 -0.5862 0.1047
vn -0.9029 0.2038 -0.3784
vn -0.9476 0.1394 -0.2876
vn 0.5692 0.8049 -0.1678
vn 0.6664 0.6531 -0.3596
vn 0.1411 0.9024 0.4071
vn -0.2920 0.2843 -0.9132
vn 0.2530 0.1333 -0.9583
vn 0.5268 0.7296 0.4361
vn 0.4339 0.8401 0.3256
vn -0.8395 0.5117 -0.1826
vn -0.7813 0.5491 -0.2967
vn 0.1338 0.1515 0.9794
vn 0.2232 -0.5246 0.8215
vn 0.6612 -0.7451 -0.0875
vn -0.9859 0.0948 0.1382
vn 0.6737 0.6520 -0.3479
vn -0.5610 0.8058 0.1895
vn -0.0140 0.0215 0.9997
vn 0.8022 0.5801 0.1414
vn 0.7349 0.6755 0.0601
vn 0.6571 0.7147 -0.2397
vn 0.1712 0.1741 0.9697
vn 0.5631 -0.6097 0.5579
vn -0.6644 0.1901 -0.7228
vn -0.5186 0.2230 -0.8254
vn -0.1352 0.5700 -0.8104
vn 0.0391 0.8283 0.5588
vn 0.3396 0.8777 0.3381
vn -0.9089 0.3965 -0.1292
vn 0.6967 0.6825 0.2210
vn -0.7741 0.5521 -0.3099
vn -0.2522 0.1679 0.9530
vn 0.4444 0.8270 -0.3444
vn -0.2886 0.4071 -0.8666
vn -0.1352 0.4394 -0.8881
vn 0.0122 0.9812 0.1924
vn -0.0485 0.9672 0.2493
vn 0.3633 0.7568 0.5434
vn 0.4752 0.8761 0.0815
vn 0.3806 0.9244 0.0241
vn -0.5749 0.7852 -0.2303
vn 0.5369 0.8186 -0.2042
vn 0.1527 0.9763 -0.1533
vn 0.9841 0.1671 -0.0600
vn -0.1130 0.3291 -0.9375
vn 0.1728 0.8038 -0.5692
vn 0.9504 0.1477 -0.2738
vn 0.2325 0.9599 0.1563
vn 0.4155 0.8092 -0.4155
vn -0.9567 0.2198 -0.1909
vn -0.4520 0.0726 -0.8891
vn -0.4277 -0.7131 0.5555
vn -0.5814 0.7829 -0.2213
vn 0.1225 0.9515 -0.2823
vn -0.1662 0.4603 0.8720
vn 0.1612 0.1744 0.9714
vn 0.4445 0.8521 -0.2763
vn -0.0855 0.9945 -0.0607
vn -0.3540 0.9023 0.2461
vn 0.1685 0.9803 0.1031
vn 0.1836 0.9734 -0.1371
vn -0.0169 0.9953 -0.0955
vn -0.6868 0.5653 -0.4569
vn -0.6117 0.2000 -0.7654
vn -0.5547 -0.0119 -0.8320
vn 0.5423 0.8226 -0.1710
vn 0.0253 0.9982 0.0551
vn -0.1388 0.5244 -0.8401
vn -0.6711 0.6791 0.2973
vn 0.9165 -0.3881 -0.0967
vn -0.9023 0.4199 0.0978
vn -0.5212 0.0439 -0.8523
vn -0.4538 0.1772 -0.8733
vn -0.2523 0.5734 0.7795
vn -0.7798 0.3484 -0.5201
vn 0.3308 0.9120 -0.2425
vn 0.2238 0.5967 -0.7706
vn -0.6939 0.5795 0.4274
vn -0.7442 0.5534 0.3742
vn 0.6446 0.4399 -0.6252
vn -0.9040 0.4041 -0.1393
vn 0.8443 0.5020 -0.1876
vn 0.3164 0.9294 -0.1898
vn 0.5171 0.8559 0.0044
vn -0.0939 -0.0028 0.9956
vn 0.1988 0.3255 0.9244
vn 0.2796 0.7235 0.6311
vn 0.1083 0.9070 -0.4069
vn 0.3381 0.9235 -0.1810
vn 0.3307 0.9219 -0.2019
vn 0.3721 0.9233 -0.0950
vn 0.2742 0.9587 -0.0762
vn 0.3463 0.9381 0.0047
vn 0.3348 0.9387 -0.0825
vn 0.4303 0.8596 -0.2755
vn -0.1668 -0.0606 -0.9841
vn 0.1569 0.5826 0.7974
vn -0.9132 0.3875 -0.1263
vn 0.4835 0.8438 -0.2327
vn -0.6350 -0.0399 -0.7715
vn 0.0788 0.5105 0.8562
vn -0.6072 0.6429 0.4669
vn 0.8125 0.2692 0.5171
vn 0.9170 0.1314 0.3767
vn 0.6021 0.2231 0.7667
vn 0.4799 0.8132 -0.3291
vn -0.8519 0.4977 0.1629
vn 0.4897 0.8527 -0.1818
vn -0.9703 -0.0178 -0.2412
vn -0.5520 -0.0198 -0.8336
vn -0.1288 -0.9497 -0.2856
vn -0.5721 -0.0443 -0.8190
vn -0.2341 -0.3188 -0.9185
vn 0.1763 0.2596 -0.9495
vn -0.0595 0.4800 0.8753
vn 0.8547 0.4195 0.3059
vn 0.2537 0.7463 0.6153
vn -0.2142 0.9353 0.2816
vn -0.8400 0.5408 -0.0454
vn -0.0271 0.5187 0.8545
vn -0.1273 0.9771 0.1706
vn -0.7626 0.5665 0.3122
vn -0.2103 0.8766 0.4328
vn 0.0881 0.9575 -0.2745
vn -0.1376 0.9898 -0.0377
vn 0.5417 0.8030 -0.2486
vn 0.2426 0.8395 0.4862
vn -0.3912 0.7199 0.5733
vn 0.3721 0.9263 -0.0593
vn 0.4773 0.8471 -0.2337
vn -0.1096 0.7798 0.6164
vn 0.3569 0.7114 0.6054
vn 0.5245 0.8405 0.1357
vn 0.4267 0.8873 -0.1749
vn 0.4947 0.8634 -0.0993
vn -0.0575 0.7264 0.6848
vn 0.4048 0.8966 -0.1796
vn 0.2873 0.8916 0.3500
vn 0.6134 0.7771 0.1410
vn 0.4227 0.8952 -0.1409
vn 0.3805 0.9075 -0.1781
vn -0.8842 -0.0436 -0.4652
vn -0.3892 0.8335 0.3923
vn 0.3992 0.8803 -0.2563
vn 0.6851 0.7025 -0.1928
vn -0.0134 0.9176 0.3973
vn -0.0164 0.9196 0.3925
vn 0.3758 0.9223 0.0907
vn 0.0909 0.9276 0.3624
vn -0.3484 0.8941 0.2813
vn 0.3148 0.9133 -0.2583
vn 0.3309 0.9342 -0.1337
vn 0.3207 0.9264 -0.1972
vn -0.2045 0.0117 -0.9788
vn -0.4721 0.8719 0.1303
vn -0.2851 0.7470 0.6006
vn 0.1468 0.9751 0.1662
vn -0.2421 0.8387 0.4878
vn 0.3163 0.9392 -0.1339
vn -0.9289 0.3031 -0.2127
vn 0.6033 0.7488 0.2745
vn 0.6411 0.7646 -0.0666
vn -0.0784 0.8646 -0.4962
vn 0.3184 0.5960 -0.7372
vn -0.0184 0.9874 0.1569
vn 0.0129 0.9934 0.1142
vn -0.9457 0.3249 0.0086
vn -0.4257 0.7667 0.4806
vn 0.0159 0.9860 0.1660
vn -0.9135 -0.0034 -0.4068
vn 0.8756 0.3242 -0.3581
vn 0.0068 0.1987 -0.9800
vn -0.9951 -0.0107 0.0980
vn -0.8631 0.3136 -0.3959
vn 0.1350 0.9322 0.3359
vn -0.0614 0.9882 0.1400
vn 0.0644 0.7395 -0.6701
vn 0.3810 0.8685 -0.3171
vn -0.0543 0.5090 0.8591
s 0
f 6//1 1//1 3//1
f 1//2 2//2 3//2
f 1//3 4//3 2//3
f 11//4 3//4 10//4
f 11//5 12//5 3//5
f 12//6 9//6 3//6
f 5//7 1//7 6//7
f 2//8 4//8 7//8
f 5//9 6//9 3//9
f 9//10 8//10 3//10
f 14//11 13//11 9//11
f 12//12 14//12 9//12
f 11//13 14//13 12//13
f 4//14 1//14 5//14
f 3//15 8//15 5//15
f 11//16 10//16 14//16
f 13//17 8//17 9//17
f 7//18 8//18 2//18
f 2//19 8//19 3//19
f 8//20 10//20 3//20
f 5//21 8//21 15//21
f 13//22 15//22 8//22
f 10//23 8//23 7//23
f 5//24 7//24 4//24
f 19//25 18//25 17//25
f 16//26 10//26 7//26
f 21//27 22//27 19//27
f 19//28 22//28 23//28
f 17//29 16//29 19//29
f 16//30 21//30 19//30
f 20//31 16//31 17//31
f 16//32 20//32 10//32
f 24//33 18//33 19//33
f 26//34 22//34 21//34
f 7//35 5//35 25//35
f 13//36 27//36 15//36
f 16//37 30//37 31//37
f 34//38 17//38 18//38
f 28//39 7//39 25//39
f 29//40 13//40 14//40
f 16//41 28//41 30//41
f 7//42 28//42 16//42
f 16//43 31//43 21//43
f 10//44 29//44 14//44
f 10//45 32//45 29//45
f 33//46 22//46 26//46
f 23//47 22//47 33//47
f 34//48 10//48 20//48
f 17//49 34//49 20//49
f 35//50 36//50 24//50
f 19//51 35//51 24//51
f 37//52 18//52 24//52
f 37//53 24//53 36//53
f 27//54 13//54 29//54
f 26//55 21//55 31//55
f 32//56 10//56 34//56
f 33//57 19//57 23//57
f 19//58 33//58 35//58
f 18//59 37//59 34//59
f 25//60 15//60 27//60
f 25//61 5//61 15//61
f 38//62 29//62 32//62
f 39//63 40//63 41//63
f 44//64 27//64 29//64
f 44//65 29//65 38//65
f 41//66 40//66 46//66
f 42//67 47//67 43//67
f 28//68 25//68 30//68
f 31//69 33//69 26//69
f 34//70 38//70 32//70
f 37//71 45//71 34//71
f 33//72 31//72 35//72
f 37//73 36//73 53//73
f 53//74 36//74 52//74
f 86//75 50//75 49//75
f 46//76 40//76 54//76
f 25//77 27//77 56//77
f 44//78 56//78 27//78
f 31//79 30//79 59//79
f 31//80 61//80 35//80
f 38//81 60//81 44//81
f 60//82 58//82 44//82
f 61//83 33//83 35//83
f 62//84 38//84 34//84
f 61//85 36//85 35//85
f 62//86 34//86 45//86
f 53//87 52//87 63//87
f 66//88 64//88 49//88
f 64//89 65//89 49//89
f 66//90 49//90 50//90
f 70//91 69//91 39//91
f 39//92 69//92 40//92
f 40//93 51//93 54//93
f 46//94 71//94 41//94
f 46//95 72//95 71//95
f 75//96 74//96 42//96
f 43//97 75//97 42//97
f 48//98 75//98 42//98
f 75//99 43//99 47//99
f 75//100 47//100 42//100
f 78//101 77//101 80//101
f 80//102 77//102 79//102
f 79//103 83//103 82//103
f 80//104 79//104 82//104
f 81//105 80//105 82//105
f 25//106 56//106 55//106
f 44//107 58//107 56//107
f 61//108 31//108 59//108
f 45//109 37//109 62//109
f 37//110 53//110 84//110
f 85//111 49//111 64//111
f 86//112 49//112 85//112
f 64//113 66//113 65//113
f 87//114 51//114 67//114
f 51//115 87//115 68//115
f 51//116 40//116 88//116
f 54//117 51//117 89//117
f 54//118 89//118 90//118
f 72//119 46//119 54//119
f 90//120 91//120 54//120
f 54//121 91//121 73//121
f 48//122 74//122 73//122
f 48//123 42//123 74//123
f 75//124 48//124 76//124
f 79//125 77//125 92//125
f 92//126 93//126 79//126
f 83//127 93//127 94//127
f 79//128 93//128 83//128
f 78//129 80//129 81//129
f 82//130 83//130 96//130
f 96//131 83//131 94//131
f 95//132 97//132 98//132
f 95//133 81//133 97//133
f 82//134 96//134 105//134
f 57//135 30//135 25//135
f 34//136 38//136 99//136
f 110//137 111//137 52//137
f 86//138 85//138 100//138
f 101//139 50//139 100//139
f 100//140 50//140 86//140
f 67//141 102//141 87//141
f 88//142 67//142 51//142
f 68//143 89//143 51//143
f 70//144 41//144 71//144
f 39//145 41//145 70//145
f 89//146 103//146 90//146
f 105//147 96//147 94//147
f 98//148 97//148 106//148
f 82//149 106//149 81//149
f 97//150 81//150 106//150
f 98//151 106//151 107//151
f 106//152 82//152 105//152
f 95//153 98//153 107//153
f 57//154 59//154 30//154
f 99//155 38//155 62//155
f 36//156 109//156 110//156
f 110//157 52//157 36//157
f 63//158 52//158 111//158
f 66//159 50//159 101//159
f 68//160 87//160 102//160
f 69//161 88//161 40//161
f 90//162 103//162 91//162
f 91//163 48//163 73//163
f 48//164 112//164 76//164
f 92//165 77//165 116//165
f 104//166 93//166 92//166
f 93//167 104//167 94//167
f 113//168 78//168 81//168
f 113//169 81//169 95//169
f 105//170 94//170 114//170
f 61//171 59//171 121//171
f 99//172 60//172 38//172
f 123//173 37//173 84//173
f 48//174 91//174 112//174
f 117//175 95//175 107//175
f 108//176 107//176 106//176
f 108//177 106//177 119//177
f 108//178 120//178 107//178
f 61//179 109//179 36//179
f 122//180 99//180 62//180
f 37//181 123//181 62//181
f 63//182 84//182 53//182
f 66//183 101//183 64//183
f 74//184 72//184 73//184
f 73//185 72//185 54//185
f 124//186 94//186 104//186
f 57//187 25//187 55//187
f 126//188 118//188 125//188
f 108//189 127//189 120//189
f 108//190 128//190 127//190
f 110//191 129//191 111//191
f 131//192 102//192 67//192
f 103//193 68//193 133//193
f 103//194 89//194 68//194
f 103//195 115//195 134//195
f 103//196 134//196 91//196
f 136//197 126//197 125//197
f 57//198 55//198 56//198
f 124//199 138//199 94//199
f 125//200 118//200 137//200
f 117//201 107//201 120//201
f 60//202 99//202 122//202
f 119//203 128//203 108//203
f 129//204 110//204 139//204
f 123//205 84//205 62//205
f 100//206 85//206 130//206
f 100//207 130//207 131//207
f 132//208 102//208 131//208
f 102//209 132//209 133//209
f 116//210 77//210 140//210
f 140//211 77//211 78//211
f 124//212 141//212 135//212
f 124//213 104//213 141//213
f 137//214 142//214 125//214
f 135//215 143//215 138//215
f 124//216 135//216 138//216
f 138//217 114//217 94//217
f 118//218 144//218 145//218
f 118//219 126//219 144//219
f 67//220 100//220 131//220
f 133//221 132//221 147//221
f 68//222 102//222 133//222
f 147//223 115//223 133//223
f 70//224 72//224 69//224
f 71//225 72//225 70//225
f 115//226 103//226 133//226
f 160//227 57//227 56//227
f 119//228 106//228 148//228
f 146//229 60//229 122//229
f 215//230 116//230 187//230
f 483//231 187//231 612//231
f 187//232 116//232 140//232
f 135//233 150//233 151//233
f 159//234 95//234 117//234
f 56//235 58//235 161//235
f 143//236 135//236 151//236
f 105//237 148//237 106//237
f 165//238 145//238 144//238
f 149//239 128//239 148//239
f 128//240 119//240 148//240
f 62//241 84//241 152//241
f 178//242 67//242 88//242
f 113//243 155//243 78//243
f 141//244 158//244 135//244
f 161//245 160//245 56//245
f 137//246 142//246 162//246
f 195//247 118//247 145//247
f 60//248 167//248 166//248
f 148//249 169//249 149//249
f 139//250 173//250 129//250
f 172//251 62//251 152//251
f 111//252 174//252 63//252
f 130//253 85//253 237//253
f 177//254 64//254 101//254
f 101//255 100//255 177//255
f 210//256 181//256 153//256
f 134//257 112//257 91//257
f 184//258 183//258 182//258
f 187//259 140//259 154//259
f 154//260 140//260 78//260
f 156//261 158//261 104//261
f 158//262 141//262 104//262
f 155//263 113//263 157//263
f 135//264 158//264 150//264
f 136//265 191//265 189//265
f 189//266 191//266 190//266
f 137//267 192//267 142//267
f 163//268 161//268 58//268
f 194//269 59//269 57//269
f 194//270 198//270 59//270
f 163//271 58//271 60//271
f 118//272 195//272 137//272
f 143//273 225//273 196//273
f 197//274 114//274 138//274
f 105//275 114//275 197//275
f 105//276 197//276 148//276
f 120//277 221//277 117//277
f 121//278 59//278 198//278
f 126//279 164//279 144//279
f 164//280 165//280 144//280
f 121//281 168//281 61//281
f 170//282 146//282 122//282
f 169//283 128//283 149//283
f 152//284 84//284 202//284
f 111//285 233//285 174//285
f 63//286 202//286 84//286
f 206//287 132//287 205//287
f 100//288 67//288 88//288
f 115//289 179//289 180//289
f 134//290 210//290 153//290
f 209//291 210//291 134//291
f 134//292 153//292 112//292
f 210//293 209//293 181//293
f 214//294 184//294 185//294
f 186//295 214//295 185//295
f 215//296 156//296 92//296
f 78//297 155//297 154//297
f 155//298 157//298 78//298
f 216//299 150//299 158//299
f 157//300 95//300 188//300
f 157//301 113//301 95//301
f 217//302 125//302 192//302
f 192//303 125//303 142//303
f 136//304 189//304 126//304
f 126//305 189//305 193//305
f 162//306 192//306 137//306
f 220//307 117//307 221//307
f 159//308 117//308 220//308
f 160//309 161//309 57//309
f 137//310 222//310 162//310
f 163//311 58//311 223//311
f 167//312 223//312 163//312
f 137//313 195//313 224//313
f 137//314 224//314 222//314
f 167//315 163//315 60//315
f 138//316 143//316 196//316
f 138//317 196//317 197//317
f 165//318 195//318 145//318
f 226//319 169//319 148//319
f 227//320 120//320 127//320
f 168//321 200//321 61//321
f 60//322 146//322 228//322
f 61//323 200//323 109//323
f 146//324 228//324 201//324
f 231//325 199//325 127//325
f 229//326 171//326 139//326
f 229//327 139//327 110//327
f 146//328 230//328 201//328
f 127//329 128//329 232//329
f 232//330 128//330 169//330
f 139//331 171//331 173//331
f 172//332 122//332 62//332
f 111//333 129//333 233//333
f 235//334 130//334 234//334
f 236//335 130//335 235//335
f 130//336 234//336 176//336
f 85//337 175//337 237//337
f 175//338 85//338 64//338
f 131//339 130//339 176//339
f 131//340 176//340 203//340
f 101//341 175//341 64//341
f 203//342 236//342 204//342
f 131//343 203//343 204//343
f 132//344 204//344 205//344
f 132//345 131//345 204//345
f 88//346 177//346 100//346
f 179//347 132//347 206//347
f 178//348 88//348 69//348
f 179//349 115//349 147//349
f 248//350 69//350 72//350
f 115//351 180//351 207//351
f 207//352 240//352 115//352
f 240//353 134//353 115//353
f 72//354 74//354 208//354
f 134//355 241//355 209//355
f 242//356 208//356 74//356
f 209//357 241//357 181//357
f 242//358 75//358 76//358
f 242//359 74//359 75//359
f 211//360 112//360 153//360
f 212//361 112//361 211//361
f 212//362 243//362 112//362
f 243//363 76//363 112//363
f 244//364 213//364 182//364
f 182//365 244//365 183//365
f 182//366 213//366 184//366
f 184//367 186//367 185//367
f 156//368 104//368 92//368
f 136//369 125//369 217//369
f 188//370 95//370 159//370
f 219//371 151//371 245//371
f 247//372 151//372 219//372
f 143//373 151//373 247//373
f 225//374 143//374 247//374
f 164//375 126//375 193//375
f 60//376 228//376 167//376
f 227//377 127//377 199//377
f 109//378 200//378 110//378
f 228//379 230//379 201//379
f 230//380 146//380 170//380
f 122//381 172//381 170//381
f 176//382 130//382 237//382
f 236//383 203//383 176//383
f 206//384 238//384 179//384
f 239//385 69//385 248//385
f 153//386 181//386 211//386
f 184//387 213//387 183//387
f 184//388 183//388 186//388
f 150//389 245//389 151//389
f 150//390 218//390 245//390
f 245//391 246//391 219//391
f 246//392 255//392 249//392
f 249//393 219//393 246//393
f 247//394 219//394 249//394
f 197//395 196//395 250//395
f 197//396 250//396 251//396
f 197//397 226//397 148//397
f 127//398 232//398 231//398
f 233//399 129//399 173//399
f 130//400 236//400 176//400
f 206//401 205//401 238//401
f 178//402 69//402 239//402
f 179//403 207//403 180//403
f 214//404 183//404 184//404
f 215//405 92//405 116//405
f 150//406 216//406 218//406
f 255//407 256//407 249//407
f 196//408 225//408 250//408
f 251//409 226//409 197//409
f 227//410 257//410 120//410
f 225//411 258//411 259//411
f 250//412 225//412 259//412
f 200//413 229//413 110//413
f 199//414 231//414 227//414
f 260//415 261//415 258//415
f 258//416 261//416 262//416
f 231//417 263//417 252//417
f 252//418 227//418 231//418
f 253//419 263//419 269//419
f 264//420 265//420 267//420
f 261//421 264//421 268//421
f 265//422 266//422 267//422
f 252//423 263//423 253//423
f 268//424 264//424 267//424
f 253//425 269//425 270//425
f 271//426 253//426 270//426
f 270//427 272//427 271//427
f 205//428 204//428 236//428
f 238//429 205//429 273//429
f 177//430 88//430 178//430
f 147//431 132//431 179//431
f 207//432 274//432 241//432
f 241//433 240//433 207//433
f 241//434 134//434 240//434
f 246//435 245//435 255//435
f 121//436 198//436 168//436
f 260//437 277//437 264//437
f 261//438 260//438 264//438
f 172//439 152//439 202//439
f 202//440 172//440 84//440
f 202//441 63//441 174//441
f 266//442 278//442 267//442
f 179//443 374//443 281//443
f 311//444 248//444 72//444
f 207//445 281//445 274//445
f 213//446 244//446 254//446
f 245//447 218//447 216//447
f 255//448 245//448 282//448
f 192//449 162//449 222//449
f 190//450 193//450 189//450
f 224//451 283//451 222//451
f 221//452 120//452 257//452
f 251//453 169//453 226//453
f 227//454 284//454 257//454
f 250//455 285//455 251//455
f 258//456 247//456 260//456
f 259//457 285//457 250//457
f 284//458 227//458 286//458
f 262//459 259//459 258//459
f 227//460 287//460 286//460
f 171//461 233//461 173//461
f 170//462 172//462 288//462
f 264//463 277//463 265//463
f 287//464 227//464 252//464
f 266//465 290//465 278//465
f 292//466 318//466 294//466
f 279//467 278//467 290//467
f 293//468 292//468 294//468
f 278//469 291//469 267//469
f 295//470 272//470 270//470
f 301//471 299//471 296//471
f 297//472 301//472 300//472
f 305//473 300//473 301//473
f 300//474 305//474 302//474
f 302//475 306//475 303//475
f 305//476 306//476 302//476
f 307//477 303//477 306//477
f 301//478 304//478 305//478
f 235//479 280//479 236//479
f 205//480 308//480 273//480
f 205//481 236//481 308//481
f 179//482 238//482 309//482
f 207//483 179//483 281//483
f 242//484 76//484 243//484
f 181//485 241//485 274//485
f 244//486 312//486 254//486
f 276//487 244//487 183//487
f 214//488 186//488 183//488
f 136//489 217//489 191//489
f 188//490 159//490 220//490
f 57//491 161//491 194//491
f 313//492 222//492 283//492
f 255//493 314//493 256//493
f 247//494 258//494 225//494
f 265//495 277//495 316//495
f 170//496 288//496 230//496
f 266//497 265//497 290//497
f 287//498 252//498 253//498
f 268//499 317//499 261//499
f 317//500 262//500 261//500
f 320//501 267//501 291//501
f 267//502 320//502 268//502
f 293//503 323//503 324//503
f 293//504 294//504 323//504
f 330//505 328//505 327//505
f 330//506 327//506 329//506
f 328//507 330//507 331//507
f 296//508 331//508 330//508
f 297//509 332//509 331//509
f 330//510 298//510 296//510
f 333//511 297//511 300//511
f 296//512 336//512 299//512
f 296//513 298//513 336//513
f 296//514 299//514 297//514
f 335//515 333//515 300//515
f 335//516 300//516 302//516
f 370//517 338//517 339//517
f 297//518 299//518 301//518
f 299//519 340//519 301//519
f 303//520 307//520 338//520
f 307//521 341//521 338//521
f 342//522 306//522 305//522
f 307//523 306//523 342//523
f 343//524 307//524 342//524
f 236//525 280//525 308//525
f 237//526 175//526 101//526
f 239//527 248//527 310//527
f 248//528 311//528 310//528
f 311//529 72//529 208//529
f 311//530 208//530 242//530
f 211//531 181//531 276//531
f 483//532 215//532 187//532
f 187//533 154//533 484//533
f 191//534 193//534 190//534
f 256//535 314//535 315//535
f 347//536 290//536 265//536
f 287//537 253//537 289//537
f 293//538 319//538 292//538
f 271//539 289//539 253//539
f 294//540 318//540 348//540
f 319//541 293//541 349//541
f 350//542 321//542 279//542
f 278//543 279//543 321//543
f 278//544 321//544 322//544
f 353//545 351//545 352//545
f 354//546 353//546 352//546
f 353//547 354//547 325//547
f 353//548 325//548 323//548
f 356//549 325//549 354//549
f 360//550 358//550 356//550
f 356//551 359//551 360//551
f 326//552 364//552 365//552
f 328//553 398//553 326//553
f 327//554 326//554 365//554
f 326//555 327//555 328//555
f 366//556 328//556 331//556
f 327//557 367//557 329//557
f 296//558 297//558 331//558
f 330//559 329//559 368//559
f 298//560 330//560 368//560
f 369//561 332//561 297//561
f 369//562 297//562 333//562
f 335//563 303//563 337//563
f 370//564 334//564 338//564
f 335//565 302//565 303//565
f 334//566 303//566 338//566
f 299//567 336//567 340//567
f 338//568 341//568 371//568
f 304//569 301//569 340//569
f 373//570 307//570 343//570
f 372//571 305//571 304//571
f 372//572 344//572 305//572
f 342//573 305//573 344//573
f 237//574 101//574 177//574
f 479//575 237//575 177//575
f 485//576 487//576 156//576
f 194//577 345//577 198//577
f 249//578 260//578 247//578
f 249//579 277//579 260//579
f 171//580 229//580 233//580
f 259//581 262//581 346//581
f 376//582 202//582 174//582
f 376//583 348//583 202//583
f 172//584 292//584 288//584
f 318//585 172//585 348//585
f 290//586 350//586 279//586
f 348//587 376//587 377//587
f 376//588 351//588 377//588
f 377//589 351//589 353//589
f 291//590 278//590 322//590
f 414//591 349//591 324//591
f 324//592 349//592 293//592
f 321//593 350//593 378//593
f 323//594 377//594 353//594
f 352//595 379//595 354//595
f 356//596 380//596 325//596
f 357//597 356//597 354//597
f 360//598 359//598 382//598
f 360//599 382//599 383//599
f 360//600 383//600 381//600
f 385//601 384//601 383//601
f 384//602 385//602 386//602
f 361//603 389//603 387//603
f 388//604 390//604 387//604
f 387//605 390//605 391//605
f 361//606 387//606 391//606
f 362//607 361//607 363//607
f 361//608 391//608 363//608
f 392//609 429//609 362//609
f 427//610 428//610 393//610
f 427//611 393//611 394//611
f 326//612 362//612 364//612
f 392//613 362//613 326//613
f 362//614 363//614 395//614
f 364//615 362//615 395//615
f 398//616 392//616 326//616
f 397//617 396//617 400//617
f 396//618 399//618 400//618
f 395//619 401//619 365//619
f 365//620 364//620 395//620
f 367//621 327//621 365//621
f 332//622 402//622 331//622
f 399//623 431//623 403//623
f 368//624 329//624 367//624
f 404//625 334//625 370//625
f 403//626 370//626 406//626
f 368//627 367//627 405//627
f 303//628 334//628 337//628
f 370//629 339//629 406//629
f 298//630 368//630 408//630
f 407//631 406//631 339//631
f 338//632 371//632 339//632
f 340//633 336//633 409//633
f 372//634 304//634 340//634
f 341//635 307//635 373//635
f 179//636 309//636 374//636
f 410//637 181//637 274//637
f 612//638 187//638 484//638
f 245//639 216//639 411//639
f 375//640 192//640 222//640
f 494//641 375//641 222//641
f 314//642 313//642 315//642
f 169//643 251//643 285//643
f 172//644 318//644 292//644
f 172//645 202//645 348//645
f 412//646 292//646 319//646
f 288//647 292//647 412//647
f 290//648 413//648 350//648
f 294//649 348//649 377//649
f 377//650 323//650 294//650
f 380//651 356//651 358//651
f 356//652 357//652 415//652
f 356//653 415//653 359//653
f 384//654 381//654 383//654
f 419//655 416//655 417//655
f 417//656 418//656 420//656
f 419//657 417//657 421//657
f 387//658 419//658 421//658
f 387//659 421//659 388//659
f 423//660 419//660 387//660
f 389//661 423//661 387//661
f 425//662 386//662 424//662
f 385//663 424//663 386//663
f 426//664 425//664 427//664
f 427//665 425//665 428//665
f 361//666 362//666 429//666
f 391//667 390//667 363//667
f 397//668 393//668 396//668
f 397//669 394//669 393//669
f 467//670 397//670 400//670
f 367//671 401//671 469//671
f 402//672 366//672 331//672
f 403//673 431//673 404//673
f 367//674 365//674 401//674
f 400//675 399//675 403//675
f 400//676 403//676 432//676
f 404//677 370//677 403//677
f 433//678 334//678 404//678
f 369//679 333//679 335//679
f 298//680 408//680 336//680
f 371//681 407//681 339//681
f 371//682 341//682 373//682
f 558//683 178//683 239//683
f 156//684 215//684 570//684
f 488//685 411//685 216//685
f 191//686 217//686 491//686
f 491//687 217//687 493//687
f 192//688 375//688 493//688
f 494//689 493//689 375//689
f 495//690 193//690 191//690
f 497//691 222//691 313//691
f 223//692 500//692 163//692
f 438//693 501//693 223//693
f 193//694 437//694 164//694
f 313//695 283//695 315//695
f 223//696 167//696 438//696
f 195//697 508//697 224//697
f 277//698 249//698 256//698
f 277//699 256//699 316//699
f 509//700 229//700 200//700
f 441//701 285//701 259//701
f 259//702 346//702 513//702
f 511//703 230//703 412//703
f 376//704 174//704 233//704
f 515//705 290//705 347//705
f 351//706 376//706 443//706
f 443//707 444//707 351//707
f 351//708 444//708 446//708
f 352//709 351//709 446//709
f 295//710 521//710 272//710
f 414//711 324//711 447//711
f 379//712 352//712 446//712
f 357//713 354//713 379//713
f 360//714 381//714 358//714
f 531//715 530//715 452//715
f 451//716 531//716 452//716
f 451//717 452//717 417//717
f 382//718 359//718 453//718
f 452//719 418//719 417//719
f 454//720 381//720 384//720
f 385//721 383//721 382//721
f 416//722 423//722 456//722
f 385//723 382//723 455//723
f 422//724 384//724 386//724
f 454//725 384//725 422//725
f 417//726 420//726 421//726
f 416//727 419//727 423//727
f 388//728 421//728 420//728
f 457//729 388//729 420//729
f 422//730 386//730 425//730
f 422//731 425//731 426//731
f 390//732 388//732 457//732
f 458//733 425//733 424//733
f 459//734 426//734 427//734
f 425//735 458//735 428//735
f 459//736 427//736 394//736
f 363//737 390//737 430//737
f 393//738 428//738 458//738
f 460//739 459//739 394//739
f 392//740 398//740 461//740
f 430//741 463//741 363//741
f 395//742 363//742 463//742
f 398//743 366//743 466//743
f 397//744 467//744 465//744
f 398//745 328//745 366//745
f 431//746 396//746 464//746
f 396//747 431//747 399//747
f 433//748 404//748 468//748
f 431//749 468//749 404//749
f 433//750 472//750 337//750
f 433//751 337//751 334//751
f 403//752 406//752 434//752
f 403//753 434//753 432//753
f 471//754 335//754 337//754
f 368//755 405//755 408//755
f 434//756 406//756 407//756
f 407//757 371//757 474//757
f 478//758 475//758 176//758
f 549//759 373//759 604//759
f 237//760 478//760 176//760
f 552//761 344//761 551//761
f 481//762 274//762 281//762
f 481//763 281//763 480//763
f 276//764 181//764 410//764
f 410//765 312//765 244//765
f 276//766 410//766 244//766
f 213//767 569//767 183//767
f 484//768 154//768 155//768
f 157//769 486//769 155//769
f 487//770 158//770 156//770
f 489//771 245//771 411//771
f 490//772 188//772 492//772
f 492//773 188//773 220//773
f 255//774 282//774 314//774
f 220//775 221//775 496//775
f 499//776 161//776 163//776
f 499//777 436//777 161//777
f 500//778 223//778 501//778
f 223//779 502//779 501//779
f 436//780 194//780 161//780
f 504//781 502//781 501//781
f 257//782 496//782 221//782
f 161//783 503//783 194//783
f 503//784 345//784 194//784
f 504//785 501//785 438//785
f 198//786 345//786 439//786
f 164//787 437//787 165//787
f 505//788 284//788 257//788
f 198//789 439//789 168//789
f 507//790 508//790 195//790
f 315//791 283//791 512//791
f 440//792 505//792 284//792
f 440//793 284//793 286//793
f 506//794 200//794 168//794
f 169//795 442//795 232//795
f 228//796 230//796 511//796
f 510//797 228//797 511//797
f 512//798 347//798 316//798
f 347//799 265//799 316//799
f 263//800 231//800 442//800
f 232//801 442//801 231//801
f 230//802 288//802 412//802
f 514//803 412//803 319//803
f 376//804 233//804 443//804
f 413//805 290//805 515//805
f 317//806 268//806 516//806
f 289//807 271//807 445//807
f 445//808 272//808 522//808
f 291//809 519//809 520//809
f 517//810 521//810 270//810
f 322//811 519//811 291//811
f 521//812 295//812 270//812
f 321//813 525//813 322//813
f 526//814 272//814 295//814
f 324//815 323//815 325//815
f 379//816 446//816 528//816
f 526//817 355//817 272//817
f 324//818 325//818 380//818
f 272//819 355//819 448//819
f 449//820 357//820 379//820
f 380//821 358//821 450//821
f 450//822 358//822 381//822
f 530//823 529//823 532//823
f 452//824 530//824 532//824
f 533//825 415//825 357//825
f 534//826 451//826 416//826
f 453//827 359//827 415//827
f 381//828 454//828 580//828
f 418//829 532//829 535//829
f 418//830 452//830 532//830
f 416//831 451//831 417//831
f 385//832 455//832 424//832
f 538//833 536//833 429//833
f 389//834 361//834 538//834
f 361//835 429//835 538//835
f 426//836 459//836 537//836
f 457//837 539//837 390//837
f 461//838 429//838 392//838
f 393//839 458//839 462//839
f 394//840 397//840 460//840
f 396//841 393//841 462//841
f 396//842 462//842 464//842
f 460//843 397//843 465//843
f 542//844 466//844 366//844
f 400//845 432//845 470//845
f 400//846 470//846 467//846
f 543//847 369//847 471//847
f 545//848 546//848 434//848
f 545//849 434//849 407//849
f 408//850 473//850 336//850
f 336//851 473//851 409//851
f 235//852 234//852 475//852
f 409//853 477//853 340//853
f 603//854 477//854 409//854
f 308//855 476//855 280//855
f 475//856 234//856 176//856
f 371//857 373//857 549//857
f 308//858 280//858 550//858
f 340//859 477//859 372//859
f 435//860 556//860 273//860
f 177//861 557//861 479//861
f 557//862 177//862 178//862
f 178//863 558//863 557//863
f 310//864 558//864 239//864
f 310//865 311//865 559//865
f 560//866 480//866 281//866
f 561//867 274//867 481//867
f 242//868 482//868 562//868
f 482//869 242//869 243//869
f 212//870 243//870 563//870
f 565//871 312//871 564//871
f 566//872 312//872 565//872
f 254//873 312//873 566//873
f 244//874 254//874 567//874
f 183//875 276//875 214//875
f 275//876 214//876 276//876
f 568//877 569//877 213//877
f 157//878 188//878 490//878
f 613//879 282//879 245//879
f 217//880 192//880 493//880
f 500//881 499//881 163//881
f 498//882 313//882 314//882
f 439//883 506//883 168//883
f 512//884 283//884 615//884
f 614//885 615//885 283//885
f 614//886 283//886 224//886
f 285//887 441//887 169//887
f 513//888 346//888 262//888
f 571//889 572//889 347//889
f 617//890 287//890 289//890
f 347//891 572//891 515//891
f 517//892 270//892 269//892
f 516//893 268//893 320//893
f 518//894 271//894 445//894
f 445//895 271//895 272//895
f 349//896 414//896 574//896
f 524//897 519//897 322//897
f 352//898 446//898 527//898
f 446//899 527//899 528//899
f 530//900 575//900 529//900
f 357//901 449//901 577//901
f 534//902 579//902 451//902
f 579//903 531//903 451//903
f 415//904 583//904 453//904
f 534//905 416//905 582//905
f 532//906 581//906 535//906
f 456//907 585//907 416//907
f 454//908 422//908 584//908
f 535//909 586//909 418//909
f 455//910 382//910 588//910
f 586//911 420//911 418//911
f 456//912 423//912 587//912
f 586//913 589//913 420//913
f 457//914 420//914 591//914
f 424//915 455//915 592//915
f 426//916 537//916 422//916
f 590//917 422//917 537//917
f 536//918 389//918 538//918
f 591//919 593//919 457//919
f 593//920 539//920 457//920
f 594//921 458//921 424//921
f 390//922 539//922 593//922
f 429//923 461//923 595//923
f 390//924 596//924 430//924
f 458//925 594//925 540//925
f 462//926 458//926 540//926
f 463//927 430//927 598//927
f 464//928 462//928 541//928
f 395//929 463//929 401//929
f 599//930 402//930 332//930
f 600//931 467//931 470//931
f 644//932 472//932 433//932
f 471//933 369//933 335//933
f 471//934 337//934 472//934
f 405//935 367//935 469//935
f 470//936 432//936 601//936
f 602//937 405//937 469//937
f 601//938 432//938 434//938
f 408//939 405//939 547//939
f 545//940 407//940 474//940
f 409//941 473//941 548//941
f 280//942 235//942 476//942
f 371//943 549//943 604//943
f 605//944 372//944 477//944
f 344//945 372//945 607//945
f 342//946 553//946 343//946
f 373//947 343//947 555//947
f 608//948 373//948 555//948
f 652//949 237//949 479//949
f 344//950 607//950 551//950
f 342//951 344//951 552//951
f 342//952 552//952 553//952
f 273//953 308//953 435//953
f 309//954 273//954 435//954
f 309//955 238//955 273//955
f 609//956 374//956 309//956
f 558//957 310//957 653//957
f 482//958 243//958 212//958
f 564//959 610//959 565//959
f 570//960 215//960 483//960
f 570//961 483//961 611//961
f 155//962 486//962 484//962
f 216//963 158//963 488//963
f 158//964 487//964 488//964
f 496//965 257//965 505//965
f 167//966 504//966 438//966
f 506//967 509//967 200//967
f 316//968 256//968 315//968
f 316//969 315//969 512//969
f 286//970 287//970 617//970
f 616//971 233//971 229//971
f 616//972 619//972 233//972
f 269//973 263//973 618//973
f 350//974 413//974 515//974
f 517//975 269//975 618//975
f 444//976 443//976 573//976
f 518//977 445//977 522//977
f 414//978 447//978 574//978
f 622//979 378//979 350//979
f 622//980 523//980 378//980
f 624//981 519//981 524//981
f 321//982 378//982 628//982
f 525//983 524//983 322//983
f 522//984 272//984 627//984
f 623//985 522//985 627//985
f 448//986 627//986 272//986
f 576//987 625//987 623//987
f 576//988 623//988 627//988
f 379//989 527//989 629//989
f 379//990 528//990 527//990
f 380//991 626//991 324//991
f 630//992 575//992 530//992
f 575//993 630//993 576//993
f 575//994 576//994 632//994
f 630//995 530//995 631//995
f 531//996 631//996 530//996
f 380//997 450//997 578//997
f 449//998 379//998 577//998
f 661//999 531//999 579//999
f 450//1000 381//1000 578//1000
f 582//1001 633//1001 534//1001
f 584//1002 580//1002 454//1002
f 582//1003 416//1003 585//1003
f 382//1004 453//1004 583//1004
f 456//1005 587//1005 585//1005
f 581//1006 589//1006 535//1006
f 584//1007 422//1007 590//1007
f 589//1008 586//1008 535//1008
f 420//1009 589//1009 665//1009
f 635//1010 424//1010 592//1010
f 537//1011 459//1011 634//1011
f 636//1012 634//1012 459//1012
f 459//1013 460//1013 637//1013
f 596//1014 390//1014 593//1014
f 462//1015 540//1015 541//1015
f 637//1016 460//1016 465//1016
f 401//1017 463//1017 641//1017
f 639//1018 542//1018 366//1018
f 640//1019 638//1019 465//1019
f 431//1020 541//1020 642//1020
f 402//1021 639//1021 366//1021
f 640//1022 465//1022 467//1022
f 431//1023 642//1023 468//1023
f 599//1024 332//1024 369//1024
f 433//1025 468//1025 642//1025
f 641//1026 643//1026 401//1026
f 643//1027 469//1027 401//1027
f 644//1028 543//1028 471//1028
f 469//1029 645//1029 602//1029
f 544//1030 405//1030 602//1030
f 547//1031 405//1031 544//1031
f 408//1032 547//1032 646//1032
f 408//1033 647//1033 473//1033
f 546//1034 545//1034 648//1034
f 545//1035 474//1035 648//1035
f 651//1036 474//1036 371//1036
f 684//1037 373//1037 608//1037
f 435//1038 308//1038 606//1038
f 372//1039 671//1039 607//1039
f 609//1040 560//1040 374//1040
f 560//1041 281//1041 374//1041
f 410//1042 274//1042 654//1042
f 563//1043 482//1043 212//1043
f 656//1044 655//1044 276//1044
f 213//1045 244//1045 567//1045
f 276//1046 183//1046 656//1046
f 489//1047 411//1047 488//1047
f 313//1048 498//1048 497//1048
f 501//1049 502//1049 500//1049
f 509//1050 506//1050 657//1050
f 571//1051 347//1051 512//1051
f 616//1052 229//1052 658//1052
f 514//1053 511//1053 412//1053
f 619//1054 443//1054 233//1054
f 317//1055 513//1055 262//1055
f 445//1056 620//1056 289//1056
f 319//1057 349//1057 660//1057
f 676//1058 268//1058 516//1058
f 317//1059 268//1059 676//1059
f 527//1060 446//1060 444//1060
f 527//1061 444//1061 573//1061
f 518//1062 522//1062 623//1062
f 378//1063 523//1063 628//1063
f 321//1064 628//1064 525//1064
f 677//1065 576//1065 630//1065
f 576//1066 627//1066 632//1066
f 529//1067 575//1067 632//1067
f 661//1068 631//1068 531//1068
f 632//1069 662//1069 532//1069
f 529//1070 632//1070 532//1070
f 357//1071 577//1071 533//1071
f 578//1072 381//1072 580//1072
f 581//1073 532//1073 663//1073
f 587//1074 423//1074 664//1074
f 591//1075 420//1075 665//1075
f 423//1076 389//1076 664//1076
f 389//1077 536//1077 664//1077
f 636//1078 459//1078 666//1078
f 595//1079 461//1079 597//1079
f 666//1080 459//1080 637//1080
f 461//1081 398//1081 667//1081
f 398//1082 466//1082 667//1082
f 637//1083 465//1083 638//1083
f 598//1084 641//1084 463//1084
f 431//1085 464//1085 541//1085
f 640//1086 600//1086 681//1086
f 599//1087 369//1087 543//1087
f 644//1088 471//1088 472//1088
f 645//1089 469//1089 643//1089
f 600//1090 470//1090 601//1090
f 646//1091 547//1091 544//1091
f 434//1092 546//1092 601//1092
f 670//1093 650//1093 476//1093
f 670//1094 669//1094 650//1094
f 408//1095 646//1095 647//1095
f 474//1096 649//1096 648//1096
f 647//1097 548//1097 473//1097
f 280//1098 476//1098 650//1098
f 603//1099 409//1099 548//1099
f 651//1100 371//1100 604//1100
f 477//1101 603//1101 605//1101
f 556//1102 435//1102 606//1102
f 685//1103 435//1103 556//1103
f 310//1104 559//1104 653//1104
f 311//1105 242//1105 562//1105
f 564//1106 654//1106 481//1106
f 654//1107 274//1107 481//1107
f 564//1108 312//1108 654//1108
f 410//1109 654//1109 312//1109
f 673//1110 563//1110 212//1110
f 211//1111 673//1111 212//1111
f 655//1112 211//1112 276//1112
f 183//1113 569//1113 656//1113
f 157//1114 690//1114 486//1114
f 504//1115 228//1115 510//1115
f 441//1116 259//1116 513//1116
f 440//1117 286//1117 617//1117
f 658//1118 698//1118 616//1118
f 620//1119 617//1119 289//1119
f 443//1120 619//1120 675//1120
f 443//1121 675//1121 573//1121
f 621//1122 350//1122 515//1122
f 573//1123 675//1123 705//1123
f 622//1124 350//1124 621//1124
f 520//1125 320//1125 291//1125
f 625//1126 706//1126 518//1126
f 625//1127 518//1127 623//1127
f 519//1128 624//1128 520//1128
f 626//1129 447//1129 324//1129
f 677//1130 625//1130 576//1130
f 677//1131 630//1131 631//1131
f 678//1132 380//1132 578//1132
f 577//1133 379//1133 629//1133
f 632//1134 627//1134 448//1134
f 534//1135 633//1135 579//1135
f 679//1136 633//1136 582//1136
f 582//1137 585//1137 679//1137
f 415//1138 533//1138 583//1138
f 588//1139 382//1139 583//1139
f 719//1140 589//1140 581//1140
f 455//1141 588//1141 592//1141
f 590//1142 537//1142 634//1142
f 634//1143 666//1143 720//1143
f 591//1144 665//1144 593//1144
f 636//1145 666//1145 634//1145
f 594//1146 723//1146 540//1146
f 430//1147 596//1147 598//1147
f 680//1148 598//1148 596//1148
f 542//1149 667//1149 466//1149
f 668//1150 402//1150 599//1150
f 640//1151 467//1151 600//1151
f 726//1152 599//1152 543//1152
f 433//1153 642//1153 644//1153
f 682//1154 601//1154 546//1154
f 606//1155 550//1155 650//1155
f 650//1156 550//1156 280//1156
f 649//1157 474//1157 651//1157
f 652//1158 478//1158 237//1158
f 604//1159 373//1159 684//1159
f 609//1160 309//1160 685//1160
f 563//1161 732//1161 482//1161
f 613//1162 245//1162 489//1162
f 741//1163 498//1163 314//1163
f 492//1164 220//1164 496//1164
f 691//1165 495//1165 191//1165
f 193//1166 495//1166 437//1166
f 161//1167 436//1167 503//1167
f 437//1168 694//1168 165//1168
f 503//1169 439//1169 345//1169
f 165//1170 507//1170 195//1170
f 224//1171 508//1171 695//1171
f 167//1172 228//1172 504//1172
f 614//1173 224//1173 695//1173
f 614//1174 695//1174 615//1174
f 657//1175 658//1175 509//1175
f 441//1176 696//1176 169//1176
f 509//1177 658//1177 229//1177
f 442//1178 169//1178 696//1178
f 441//1179 513//1179 734//1179
f 572//1180 571//1180 512//1180
f 442//1181 697//1181 263//1181
f 699//1182 263//1182 697//1182
f 263//1183 699//1183 618//1183
f 701//1184 617//1184 620//1184
f 317//1185 659//1185 513//1185
f 700//1186 618//1186 699//1186
f 674//1187 514//1187 319//1187
f 674//1188 319//1188 660//1188
f 700//1189 702//1189 618//1189
f 317//1190 676//1190 704//1190
f 518//1191 701//1191 620//1191
f 516//1192 704//1192 676//1192
f 517//1193 618//1193 702//1193
f 620//1194 445//1194 518//1194
f 660//1195 349//1195 703//1195
f 703//1196 349//1196 574//1196
f 516//1197 320//1197 520//1197
f 573//1198 705//1198 527//1198
f 707//1199 527//1199 705//1199
f 447//1200 703//1200 574//1200
f 735//1201 706//1201 677//1201
f 706//1202 625//1202 677//1202
f 295//1203 521//1203 526//1203
f 710//1204 524//1204 525//1204
f 708//1205 677//1205 631//1205
f 527//1206 709//1206 629//1206
f 526//1207 521//1207 355//1207
f 521//1208 711//1208 355//1208
f 355//1209 711//1209 448//1209
f 448//1210 713//1210 632//1210
f 713//1211 448//1211 627//1211
f 632//1212 713//1212 627//1212
f 577//1213 629//1213 714//1213
f 449//1214 577//1214 714//1214
f 578//1215 580//1215 715//1215
f 580//1216 584//1216 717//1216
f 663//1217 532//1217 662//1217
f 584//1218 590//1218 717//1218
f 581//1219 663//1219 719//1219
f 585//1220 587//1220 664//1220
f 718//1221 588//1221 583//1221
f 536//1222 429//1222 721//1222
f 429//1223 595//1223 721//1223
f 665//1224 722//1224 593//1224
f 424//1225 592//1225 723//1225
f 594//1226 424//1226 723//1226
f 461//1227 667//1227 597//1227
f 541//1228 724//1228 725//1228
f 639//1229 402//1229 668//1229
f 642//1230 727//1230 644//1230
f 546//1231 648//1231 682//1231
f 650//1232 669//1232 683//1232
f 475//1233 476//1233 235//1233
f 647//1234 729//1234 548//1234
f 648//1235 649//1235 651//1235
f 650//1236 683//1236 606//1236
f 475//1237 478//1237 652//1237
f 308//1238 550//1238 606//1238
f 605//1239 730//1239 671//1239
f 604//1240 684//1240 731//1240
f 372//1241 605//1241 671//1241
f 731//1242 684//1242 608//1242
f 672//1243 372//1243 671//1243
f 343//1244 553//1244 555//1244
f 309//1245 435//1245 685//1245
f 557//1246 558//1246 653//1246
f 562//1247 559//1247 311//1247
f 481//1248 480//1248 560//1248
f 732//1249 559//1249 562//1249
f 732//1250 562//1250 482//1250
f 733//1251 610//1251 481//1251
f 481//1252 610//1252 564//1252
f 655//1253 673//1253 211//1253
f 567//1254 254//1254 566//1254
f 568//1255 213//1255 567//1255
f 686//1256 688//1256 687//1256
f 689//1257 687//1257 688//1257
f 483//1258 612//1258 484//1258
f 485//1259 156//1259 570//1259
f 485//1260 570//1260 611//1260
f 690//1261 157//1261 490//1261
f 191//1262 491//1262 691//1262
f 741//1263 314//1263 282//1263
f 222//1264 497//1264 692//1264
f 436//1265 693//1265 503//1265
f 507//1266 165//1266 694//1266
f 675//1267 616//1267 698//1267
f 619//1268 616//1268 675//1268
f 659//1269 317//1269 704//1269
f 701//1270 518//1270 706//1270
f 520//1271 624//1271 516//1271
f 523//1272 622//1272 628//1272
f 626//1273 380//1273 678//1273
f 447//1274 626//1274 678//1274
f 712//1275 661//1275 579//1275
f 712//1276 631//1276 661//1276
f 633//1277 679//1277 579//1277
f 533//1278 577//1278 716//1278
f 583//1279 533//1279 716//1279
f 751//1280 585//1280 664//1280
f 540//1281 723//1281 724//1281
f 541//1282 540//1282 724//1282
f 541//1283 464//1283 725//1283
f 642//1284 541//1284 725//1284
f 543//1285 644//1285 726//1285
f 600//1286 601//1286 681//1286
f 681//1287 601//1287 736//1287
f 646//1288 602//1288 737//1288
f 544//1289 602//1289 646//1289
f 647//1290 646//1290 728//1290
f 603//1291 548//1291 729//1291
f 555//1292 554//1292 343//1292
f 566//1293 565//1293 610//1293
f 568//1294 656//1294 569//1294
f 688//1295 686//1295 739//1295
f 494//1296 222//1296 692//1296
f 502//1297 743//1297 742//1297
f 740//1298 495//1298 691//1298
f 742//1299 500//1299 502//1299
f 698//1300 658//1300 744//1300
f 572//1301 512//1301 615//1301
f 510//1302 511//1302 514//1302
f 510//1303 514//1303 674//1303
f 621//1304 515//1304 745//1304
f 746//1305 517//1305 702//1305
f 517//1306 746//1306 521//1306
f 709//1307 527//1307 707//1307
f 708//1308 631//1308 712//1308
f 748//1309 579//1309 679//1309
f 662//1310 632//1310 713//1310
f 590//1311 634//1311 720//1311
f 593//1312 722//1312 596//1312
f 752//1313 641//1313 598//1313
f 752//1314 598//1314 680//1314
f 821//1315 641//1315 752//1315
f 726//1316 644//1316 727//1316
f 728//1317 646//1317 737//1317
f 682//1318 648//1318 753//1318
f 475//1319 652//1319 754//1319
f 755//1320 648//1320 651//1320
f 607//1321 671//1321 551//1321
f 553//1322 552//1322 551//1322
f 738//1323 560//1323 609//1323
f 560//1324 738//1324 763//1324
f 481//1325 560//1325 733//1325
f 567//1326 656//1326 568//1326
f 757//1327 758//1327 686//1327
f 757//1328 756//1328 758//1328
f 282//1329 613//1329 741//1329
f 492//1330 496//1330 490//1330
f 442//1331 760//1331 697//1331
f 700//1332 699//1332 697//1332
f 747//1333 628//1333 622//1333
f 709//1334 707//1334 629//1334
f 662//1335 713//1335 749//1335
f 580//1336 717//1336 750//1336
f 665//1337 589//1337 719//1337
f 762//1338 596//1338 722//1338
f 595//1339 597//1339 667//1339
f 639//1340 668//1340 599//1340
f 602//1341 645//1341 643//1341
f 670//1342 476//1342 475//1342
f 733//1343 560//1343 763//1343
f 687//1344 689//1344 759//1344
f 766//1345 765//1345 506//1345
f 439//1346 766//1346 506//1346
f 437//1347 780//1347 783//1347
f 513//1348 659//1348 790//1348
f 767//1349 701//1349 706//1349
f 768//1350 735//1350 708//1350
f 735//1351 677//1351 708//1351
f 624//1352 524//1352 800//1352
f 715//1353 678//1353 578//1353
f 716//1354 810//1354 583//1354
f 811//1355 583//1355 810//1355
f 588//1356 718//1356 813//1356
f 761//1357 590//1357 720//1357
f 817//1358 595//1358 667//1358
f 638//1359 640//1359 770//1359
f 819//1360 642//1360 725//1360
f 820//1361 599//1361 726//1361
f 682//1362 736//1362 601//1362
f 772//1363 670//1363 475//1363
f 773//1364 758//1364 756//1364
f 757//1365 686//1365 687//1365
f 774//1366 483//1366 484//1366
f 486//1367 774//1367 484//1367
f 872//1368 486//1368 490//1368
f 489//1369 488//1369 764//1369
f 777//1370 494//1370 692//1370
f 845//1371 490//1371 496//1371
f 502//1372 778//1372 743//1372
f 765//1373 657//1373 506//1373
f 502//1374 504//1374 778//1374
f 437//1375 495//1375 780//1375
f 440//1376 784//1376 505//1376
f 694//1377 786//1377 507//1377
f 658//1378 785//1378 744//1378
f 695//1379 508//1379 507//1379
f 734//1380 787//1380 441//1380
f 696//1381 760//1381 442//1381
f 513//1382 787//1382 734//1382
f 515//1383 572//1383 849//1383
f 788//1384 617//1384 701//1384
f 705//1385 675//1385 792//1385
f 706//1386 735//1386 767//1386
f 705//1387 795//1387 707//1387
f 797//1388 447//1388 799//1388
f 524//1389 710//1389 800//1389
f 708//1390 712//1390 801//1390
f 448//1391 711//1391 805//1391
f 709//1392 806//1392 629//1392
f 525//1393 628//1393 807//1393
f 713//1394 448//1394 805//1394
f 580//1395 750//1395 808//1395
f 809//1396 679//1396 585//1396
f 809//1397 585//1397 751//1397
f 810//1398 813//1398 718//1398
f 751//1399 664//1399 812//1399
f 721//1400 595//1400 816//1400
f 637//1401 638//1401 769//1401
f 769//1402 638//1402 770//1402
f 859//1403 639//1403 599//1403
f 641//1404 821//1404 643//1404
f 771//1405 681//1405 822//1405
f 771//1406 640//1406 681//1406
f 602//1407 643//1407 823//1407
f 825//1408 670//1408 772//1408
f 826//1409 825//1409 772//1409
f 683//1410 669//1410 828//1410
f 862//1411 772//1411 475//1411
f 829//1412 606//1412 683//1412
f 651//1413 831//1413 755//1413
f 830//1414 556//1414 606//1414
f 832//1415 605//1415 603//1415
f 730//1416 605//1416 832//1416
f 604//1417 731//1417 833//1417
f 836//1418 479//1418 557//1418
f 836//1419 835//1419 479//1419
f 556//1420 837//1420 685//1420
f 609//1421 685//1421 837//1421
f 838//1422 557//1422 653//1422
f 655//1423 656//1423 842//1423
f 687//1424 759//1424 688//1424
f 688//1425 759//1425 689//1425
f 778//1426 844//1426 743//1426
f 741//1427 613//1427 498//1427
f 781//1428 499//1428 500//1428
f 766//1429 503//1429 782//1429
f 766//1430 439//1430 503//1430
f 846//1431 657//1431 765//1431
f 503//1432 436//1432 782//1432
f 657//1433 847//1433 785//1433
f 658//1434 657//1434 785//1434
f 572//1435 615//1435 789//1435
f 515//1436 849//1436 745//1436
f 760//1437 791//1437 697//1437
f 700//1438 697//1438 791//1438
f 675//1439 698//1439 792//1439
f 760//1440 787//1440 791//1440
f 702//1441 700//1441 791//1441
f 791//1442 793//1442 702//1442
f 704//1443 516//1443 794//1443
f 793//1444 746//1444 702//1444
f 703//1445 447//1445 797//1445
f 796//1446 516//1446 798//1446
f 798//1447 516//1447 624//1447
f 447//1448 678//1448 802//1448
f 747//1449 803//1449 628//1449
f 805//1450 711//1450 851//1450
f 714//1451 629//1451 852//1451
f 716//1452 577//1452 714//1452
f 715//1453 750//1453 808//1453
f 663//1454 662//1454 749//1454
f 810//1455 718//1455 583//1455
f 590//1456 855//1456 717//1456
f 590//1457 761//1457 855//1457
f 665//1458 719//1458 814//1458
f 588//1459 718//1459 815//1459
f 720//1460 856//1460 761//1460
f 592//1461 588//1461 815//1461
f 857//1462 665//1462 814//1462
f 926//1463 666//1463 858//1463
f 883//1464 680//1464 762//1464
f 639//1465 667//1465 542//1465
f 596//1466 762//1466 680//1466
f 882//1467 667//1467 639//1467
f 680//1468 821//1468 752//1468
f 640//1469 771//1469 770//1469
f 819//1470 727//1470 642//1470
f 827//1471 736//1471 682//1471
f 606//1472 829//1472 830//1472
f 729//1473 864//1473 603//1473
f 556//1474 830//1474 834//1474
f 833//1475 865//1475 651//1475
f 863//1476 652//1476 835//1476
f 652//1477 479//1477 835//1477
f 651//1478 604//1478 833//1478
f 833//1479 731//1479 866//1479
f 556//1480 834//1480 837//1480
f 763//1481 738//1481 839//1481
f 653//1482 559//1482 840//1482
f 610//1483 841//1483 566//1483
f 773//1484 756//1484 843//1484
f 758//1485 773//1485 869//1485
f 488//1486 487//1486 775//1486
f 871//1487 489//1487 764//1487
f 776//1488 491//1488 493//1488
f 893//1489 498//1489 613//1489
f 495//1490 740//1490 780//1490
f 496//1491 505//1491 845//1491
f 875//1492 778//1492 504//1492
f 786//1493 695//1493 507//1493
f 441//1494 760//1494 696//1494
f 440//1495 617//1495 788//1495
f 760//1496 441//1496 787//1496
f 878//1497 767//1497 735//1497
f 659//1498 704//1498 794//1498
f 879//1499 768//1499 708//1499
f 709//1500 707//1500 911//1500
f 521//1501 746//1501 711//1501
f 525//1502 807//1502 850//1502
f 804//1503 525//1503 850//1503
f 802//1504 678//1504 715//1504
f 916//1505 802//1505 715//1505
f 712//1506 579//1506 748//1506
f 629//1507 806//1507 852//1507
f 749//1508 713//1508 853//1508
f 716//1509 714//1509 880//1509
f 715//1510 580//1510 750//1510
f 663//1511 749//1511 854//1511
f 810//1512 716//1512 811//1512
f 664//1513 536//1513 721//1513
f 666//1514 637//1514 858//1514
f 860//1515 727//1515 819//1515
f 820//1516 726//1516 885//1516
f 726//1517 727//1517 860//1517
f 886//1518 643//1518 821//1518
f 643//1519 861//1519 823//1519
f 772//1520 862//1520 826//1520
f 754//1521 862//1521 475//1521
f 755//1522 753//1522 648//1522
f 651//1523 865//1523 943//1523
f 942//1524 832//1524 603//1524
f 671//1525 730//1525 945//1525
f 867//1526 551//1526 671//1526
f 837//1527 738//1527 609//1527
f 951//1528 656//1528 567//1528
f 889//1529 756//1529 757//1529
f 739//1530 686//1530 956//1530
f 611//1531 483//1531 870//1531
f 890//1532 485//1532 611//1532
f 486//1533 690//1533 490//1533
f 891//1534 743//1534 844//1534
f 892//1535 891//1535 844//1535
f 780//1536 740//1536 874//1536
f 692//1537 497//1537 779//1537
f 894//1538 765//1538 895//1538
f 766//1539 895//1539 765//1539
f 1038//1540 978//1540 782//1540
f 896//1541 657//1541 846//1541
f 784//1542 440//1542 898//1542
f 510//1543 899//1543 504//1543
f 615//1544 695//1544 983//1544
f 698//1545 744//1545 848//1545
f 900//1546 440//1546 788//1546
f 849//1547 572//1547 789//1547
f 790//1548 903//1548 513//1548
f 701//1549 767//1549 904//1549
f 791//1550 787//1550 877//1550
f 659//1551 903//1551 790//1551
f 791//1552 877//1552 905//1552
f 905//1553 906//1553 791//1553
f 791//1554 906//1554 793//1554
f 878//1555 735//1555 879//1555
f 735//1556 768//1556 879//1556
f 908//1557 622//1557 621//1557
f 798//1558 624//1558 909//1558
f 913//1559 708//1559 801//1559
f 447//1560 802//1560 990//1560
f 746//1561 851//1561 711//1561
f 801//1562 712//1562 914//1562
f 917//1563 803//1563 747//1563
f 807//1564 628//1564 803//1564
f 918//1565 712//1565 748//1565
f 918//1566 748//1566 679//1566
f 713//1567 805//1567 919//1567
f 716//1568 920//1568 811//1568
f 921//1569 679//1569 809//1569
f 808//1570 750//1570 717//1570
f 664//1571 721//1571 923//1571
f 722//1572 665//1572 857//1572
f 723//1573 592//1573 925//1573
f 857//1574 927//1574 722//1574
f 928//1575 762//1575 722//1575
f 858//1576 637//1576 769//1576
f 819//1577 725//1577 884//1577
f 929//1578 825//1578 931//1578
f 964//1579 931//1579 826//1579
f 929//1580 930//1580 825//1580
f 931//1581 825//1581 826//1581
f 933//1582 932//1582 826//1582
f 670//1583 825//1583 934//1583
f 934//1584 669//1584 670//1584
f 933//1585 826//1585 862//1585
f 932//1586 933//1586 862//1586
f 827//1587 682//1587 936//1587
f 737//1588 935//1588 728//1588
f 862//1589 754//1589 937//1589
f 938//1590 829//1590 683//1590
f 754//1591 652//1591 937//1591
f 830//1592 829//1592 940//1592
f 753//1593 755//1593 941//1593
f 728//1594 939//1594 729//1594
f 729//1595 647//1595 728//1595
f 651//1596 943//1596 831//1596
f 671//1597 946//1597 867//1597
f 608//1598 555//1598 868//1598
f 608//1599 868//1599 947//1599
f 967//1600 887//1600 834//1600
f 837//1601 834//1601 887//1601
f 738//1602 837//1602 887//1602
f 763//1603 839//1603 949//1603
f 951//1604 567//1604 566//1604
f 953//1605 888//1605 952//1605
f 773//1606 952//1606 888//1606
f 843//1607 952//1607 773//1607
f 773//1608 888//1608 954//1608
f 955//1609 869//1609 773//1609
f 956//1610 757//1610 687//1610
f 758//1611 869//1611 955//1611
f 483//1612 774//1612 958//1612
f 891//1613 742//1613 743//1613
f 498//1614 893//1614 973//1614
f 500//1615 742//1615 975//1615
f 872//1616 490//1616 845//1616
f 765//1617 894//1617 896//1617
f 846//1618 765//1618 896//1618
f 766//1619 782//1619 895//1619
f 874//1620 783//1620 780//1620
f 897//1621 694//1621 437//1621
f 786//1622 694//1622 981//1622
f 982//1623 695//1623 786//1623
f 983//1624 695//1624 982//1624
f 698//1625 848//1625 985//1625
f 787//1626 513//1626 905//1626
f 674//1627 660//1627 902//1627
f 877//1628 787//1628 905//1628
f 701//1629 904//1629 788//1629
f 905//1630 513//1630 903//1630
f 959//1631 745//1631 849//1631
f 960//1632 878//1632 879//1632
f 793//1633 907//1633 746//1633
f 622//1634 908//1634 912//1634
f 747//1635 622//1635 912//1635
f 525//1636 804//1636 915//1636
f 806//1637 709//1637 1047//1637
f 853//1638 713//1638 919//1638
f 717//1639 1000//1639 808//1639
f 854//1640 749//1640 853//1640
f 922//1641 854//1641 663//1641
f 719//1642 663//1642 881//1642
f 813//1643 810//1643 1001//1643
f 812//1644 664//1644 923//1644
f 814//1645 719//1645 881//1645
f 924//1646 718//1646 813//1646
f 815//1647 718//1647 924//1647
f 817//1648 667//1648 963//1648
f 667//1649 818//1649 963//1649
f 818//1650 667//1650 882//1650
f 1003//1651 1005//1651 724//1651
f 884//1652 725//1652 1003//1652
f 1007//1653 819//1653 884//1653
f 680//1654 883//1654 1006//1654
f 860//1655 885//1655 726//1655
f 931//1656 930//1656 929//1656
f 932//1657 964//1657 826//1657
f 825//1658 930//1658 934//1658
f 736//1659 827//1659 824//1659
f 936//1660 682//1660 753//1660
f 940//1661 829//1661 938//1661
f 1018//1662 755//1662 831//1662
f 830//1663 940//1663 834//1663
f 944//1664 967//1664 834//1664
f 865//1665 833//1665 866//1665
f 1030//1666 610//1666 733//1666
f 1029//1667 563//1667 673//1667
f 1033//1668 951//1668 566//1668
f 953//1669 954//1669 888//1669
f 956//1670 686//1670 758//1670
f 870//1671 890//1671 611//1671
f 1036//1672 486//1672 872//1672
f 1036//1673 774//1673 486//1673
f 969//1674 740//1674 691//1674
f 970//1675 613//1675 489//1675
f 893//1676 613//1676 973//1676
f 975//1677 742//1677 972//1677
f 1037//1678 894//1678 895//1678
f 892//1679 844//1679 778//1679
f 976//1680 892//1680 778//1680
f 979//1681 783//1681 874//1681
f 896//1682 1039//1682 785//1682
f 657//1683 896//1683 785//1683
f 897//1684 437//1684 783//1684
f 504//1685 899//1685 980//1685
f 876//1686 981//1686 694//1686
f 983//1687 984//1687 615//1687
f 900//1688 898//1688 440//1688
f 615//1689 984//1689 789//1689
f 900//1690 788//1690 901//1690
f 899//1691 510//1691 674//1691
f 899//1692 674//1692 902//1692
f 621//1693 745//1693 959//1693
f 705//1694 792//1694 986//1694
f 903//1695 659//1695 794//1695
f 660//1696 703//1696 797//1696
f 909//1697 796//1697 516//1697
f 516//1698 796//1698 794//1698
f 990//1699 799//1699 447//1699
f 991//1700 912//1700 747//1700
f 802//1701 916//1701 990//1701
f 915//1702 710//1702 525//1702
f 994//1703 917//1703 747//1703
f 715//1704 808//1704 998//1704
f 880//1705 716//1705 920//1705
f 809//1706 812//1706 751//1706
f 815//1707 924//1707 592//1707
f 720//1708 666//1708 961//1708
f 926//1709 961//1709 666//1709
f 962//1710 595//1710 817//1710
f 722//1711 927//1711 1002//1711
f 722//1712 927//1712 928//1712
f 1006//1713 762//1713 928//1713
f 762//1714 1006//1714 883//1714
f 725//1715 724//1715 1003//1715
f 1050//1716 639//1716 859//1716
f 1009//1717 770//1717 771//1717
f 1007//1718 860//1718 819//1718
f 1010//1719 1051//1719 930//1719
f 931//1720 1010//1720 930//1720
f 1010//1721 931//1721 964//1721
f 934//1722 930//1722 1053//1722
f 822//1723 681//1723 736//1723
f 822//1724 736//1724 1012//1724
f 602//1725 823//1725 861//1725
f 669//1726 934//1726 965//1726
f 936//1727 824//1727 827//1727
f 932//1728 862//1728 966//1728
f 602//1729 861//1729 737//1729
f 828//1730 669//1730 1013//1730
f 1014//1731 938//1731 1013//1731
f 1013//1732 938//1732 683//1732
f 966//1733 862//1733 937//1733
f 728//1734 935//1734 1059//1734
f 1016//1735 937//1735 652//1735
f 940//1736 938//1736 1017//1736
f 939//1737 729//1737 1019//1737
f 864//1738 729//1738 939//1738
f 1018//1739 941//1739 755//1739
f 834//1740 940//1740 944//1740
f 1016//1741 863//1741 1021//1741
f 831//1742 943//1742 1020//1742
f 942//1743 603//1743 864//1743
f 671//1744 945//1744 946//1744
f 1022//1745 671//1745 946//1745
f 947//1746 731//1746 608//1746
f 1023//1747 551//1747 867//1747
f 836//1748 1025//1748 835//1748
f 836//1749 557//1749 1025//1749
f 763//1750 949//1750 733//1750
f 950//1751 733//1751 949//1751
f 1030//1752 733//1752 950//1752
f 732//1753 563//1753 1029//1753
f 1032//1754 655//1754 842//1754
f 1032//1755 842//1755 656//1755
f 566//1756 841//1756 1033//1756
f 951//1757 1032//1757 656//1757
f 889//1758 843//1758 756//1758
f 773//1759 954//1759 1034//1759
f 956//1760 758//1760 1035//1760
f 687//1761 688//1761 957//1761
f 870//1762 483//1762 958//1762
f 487//1763 485//1763 775//1763
f 764//1764 488//1764 871//1764
f 776//1765 691//1765 491//1765
f 969//1766 968//1766 740//1766
f 776//1767 493//1767 971//1767
f 972//1768 742//1768 891//1768
f 692//1769 779//1769 777//1769
f 894//1770 974//1770 896//1770
f 975//1771 781//1771 500//1771
f 874//1772 740//1772 968//1772
f 974//1773 894//1773 1037//1773
f 895//1774 782//1774 978//1774
f 1038//1775 782//1775 436//1775
f 781//1776 436//1776 499//1776
f 1038//1777 436//1777 781//1777
f 976//1778 778//1778 875//1778
f 979//1779 897//1779 783//1779
f 897//1780 876//1780 694//1780
f 744//1781 785//1781 848//1781
f 901//1782 904//1782 900//1782
f 698//1783 985//1783 1040//1783
f 904//1784 901//1784 788//1784
f 792//1785 698//1785 986//1785
f 903//1786 1042//1786 905//1786
f 1044//1787 621//1787 959//1787
f 906//1788 905//1788 1042//1788
f 907//1789 793//1789 906//1789
f 1045//1790 907//1790 906//1790
f 793//1791 1045//1791 907//1791
f 879//1792 708//1792 989//1792
f 1046//1793 795//1793 1043//1793
f 707//1794 795//1794 1046//1794
f 907//1795 1045//1795 746//1795
f 708//1796 913//1796 989//1796
f 797//1797 799//1797 990//1797
f 746//1798 1045//1798 992//1798
f 746//1799 910//1799 1045//1799
f 801//1800 914//1800 913//1800
f 746//1801 910//1801 992//1801
f 851//1802 746//1802 992//1802
f 1047//1803 709//1803 911//1803
f 993//1804 712//1804 918//1804
f 993//1805 914//1805 712//1805
f 915//1806 804//1806 850//1806
f 997//1807 852//1807 806//1807
f 997//1808 806//1808 1047//1808
f 805//1809 851//1809 995//1809
f 715//1810 998//1810 996//1810
f 853//1811 919//1811 999//1811
f 811//1812 920//1812 880//1812
f 881//1813 663//1813 854//1813
f 761//1814 856//1814 855//1814
f 814//1815 881//1815 857//1815
f 595//1816 1048//1816 816//1816
f 1049//1817 925//1817 592//1817
f 1048//1818 595//1818 962//1818
f 962//1819 817//1819 963//1819
f 724//1820 723//1820 925//1820
f 884//1821 1003//1821 1005//1821
f 882//1822 639//1822 1050//1822
f 1008//1823 769//1823 770//1823
f 1006//1824 821//1824 680//1824
f 1009//1825 1008//1825 770//1825
f 1080//1826 885//1826 820//1826
f 964//1827 1052//1827 1010//1827
f 861//1828 643//1828 1011//1828
f 1054//1829 964//1829 932//1829
f 934//1830 1055//1830 965//1830
f 683//1831 828//1831 1013//1831
f 936//1832 753//1832 1057//1832
f 753//1833 941//1833 1057//1833
f 728//1834 1059//1834 939//1834
f 1015//1835 1017//1835 938//1835
f 728//1836 1019//1836 939//1836
f 652//1837 863//1837 1016//1837
f 944//1838 940//1838 1017//1838
f 863//1839 835//1839 1021//1839
f 942//1840 864//1840 832//1840
f 832//1841 945//1841 730//1841
f 553//1842 551//1842 1023//1842
f 555//1843 553//1843 1024//1843
f 555//1844 1061//1844 868//1844
f 738//1845 887//1845 839//1845
f 1026//1846 557//1846 838//1846
f 838//1847 653//1847 840//1847
f 948//1848 949//1848 839//1848
f 1027//1849 559//1849 732//1849
f 673//1850 655//1850 1031//1850
f 953//1851 1063//1851 1064//1851
f 953//1852 1064//1852 954//1852
f 889//1853 757//1853 956//1853
f 955//1854 773//1854 1034//1854
f 739//1855 956//1855 957//1855
f 688//1856 739//1856 957//1856
f 493//1857 777//1857 971//1857
f 493//1858 494//1858 777//1858
f 1074//1859 895//1859 978//1859
f 779//1860 498//1860 977//1860
f 779//1861 497//1861 498//1861
f 845//1862 505//1862 784//1862
f 875//1863 504//1863 980//1863
f 1043//1864 705//1864 986//1864
f 795//1865 705//1865 1043//1865
f 1042//1866 903//1866 794//1866
f 1044//1867 621//1867 988//1867
f 908//1868 621//1868 1044//1868
f 794//1869 796//1869 909//1869
f 909//1870 796//1870 798//1870
f 911//1871 707//1871 1046//1871
f 908//1872 991//1872 912//1872
f 800//1873 710//1873 1065//1873
f 995//1874 851//1874 992//1874
f 803//1875 994//1875 1077//1875
f 803//1876 917//1876 994//1876
f 880//1877 714//1877 852//1877
f 999//1878 919//1878 995//1878
f 1066//1879 918//1879 679//1879
f 1066//1880 679//1880 921//1880
f 855//1881 1000//1881 717//1881
f 721//1882 816//1882 923//1882
f 856//1883 720//1883 961//1883
f 1002//1884 927//1884 857//1884
f 926//1885 858//1885 769//1885
f 1003//1886 724//1886 925//1886
f 1004//1887 926//1887 769//1887
f 859//1888 599//1888 820//1888
f 1068//1889 1069//1889 1070//1889
f 1068//1890 1070//1890 1051//1890
f 1010//1891 1068//1891 1051//1891
f 822//1892 1009//1892 771//1892
f 930//1893 1051//1893 1053//1893
f 1051//1894 1070//1894 1053//1894
f 1011//1895 643//1895 886//1895
f 934//1896 1053//1896 1055//1896
f 736//1897 824//1897 1012//1897
f 965//1898 1055//1898 1013//1898
f 966//1899 1056//1899 932//1899
f 938//1900 1058//1900 1015//1900
f 938//1901 1014//1901 1058//1901
f 966//1902 937//1902 1056//1902
f 937//1903 1016//1903 1060//1903
f 967//1904 944//1904 1017//1904
f 866//1905 731//1905 947//1905
f 1061//1906 1071//1906 868//1906
f 835//1907 1025//1907 1021//1907
f 948//1908 839//1908 887//1908
f 557//1909 1026//1909 1025//1909
f 732//1910 1028//1910 1027//1910
f 841//1911 610//1911 1030//1911
f 957//1912 956//1912 687//1912
f 485//1913 890//1913 775//1913
f 488//1914 775//1914 871//1914
f 969//1915 691//1915 776//1915
f 489//1916 871//1916 970//1916
f 968//1917 740//1917 873//1917
f 1074//1918 1037//1918 895//1918
f 976//1919 1072//1919 892//1919
f 977//1920 498//1920 973//1920
f 977//1921 973//1921 1075//1921
f 1038//1922 1091//1922 978//1922
f 784//1923 898//1923 900//1923
f 786//1924 981//1924 982//1924
f 982//1925 981//1925 983//1925
f 983//1926 981//1926 1076//1926
f 986//1927 698//1927 1040//1927
f 904//1928 767//1928 878//1928
f 1041//1929 902//1929 660//1929
f 987//1930 1041//1930 660//1930
f 797//1931 987//1931 660//1931
f 879//1932 913//1932 989//1932
f 800//1933 909//1933 624//1933
f 747//1934 991//1934 917//1934
f 1065//1935 710//1935 915//1935
f 993//1936 913//1936 914//1936
f 916//1937 715//1937 996//1937
f 850//1938 807//1938 1077//1938
f 919//1939 805//1939 995//1939
f 918//1940 1066//1940 921//1940
f 1001//1941 810//1941 811//1941
f 1067//1942 881//1942 854//1942
f 1078//1943 856//1943 961//1943
f 963//1944 1048//1944 962//1944
f 884//1945 1005//1945 1007//1945
f 769//1946 1008//1946 1004//1946
f 1079//1947 1068//1947 1010//1947
f 1079//1948 1010//1948 1081//1948
f 1082//1949 737//1949 861//1949
f 935//1950 737//1950 1082//1950
f 669//1951 965//1951 1013//1951
f 864//1952 939//1952 1019//1952
f 1020//1953 943//1953 865//1953
f 1071//1954 866//1954 947//1954
f 1023//1955 867//1955 946//1955
f 947//1956 868//1956 1071//1956
f 1024//1957 553//1957 1023//1957
f 840//1958 559//1958 1027//1958
f 950//1959 949//1959 1103//1959
f 1029//1960 673//1960 1031//1960
f 1031//1961 655//1961 842//1961
f 613//1962 973//1962 1075//1962
f 1073//1963 896//1963 974//1963
f 781//1964 975//1964 972//1964
f 1108//1965 845//1965 784//1965
f 1093//1966 784//1966 900//1966
f 807//1967 803//1967 1077//1967
f 1049//1968 592//1968 924//1968
f 859//1969 820//1969 1080//1969
f 1007//1970 885//1970 860//1970
f 861//1971 1011//1971 886//1971
f 932//1972 1056//1972 1100//1972
f 1012//1973 824//1973 936//1973
f 1056//1974 937//1974 1060//1974
f 1061//1975 555//1975 1024//1975
f 887//1976 1084//1976 948//1976
f 1028//1977 732//1977 1029//1977
f 1104//1978 1033//1978 841//1978
f 1105//1979 1064//1979 1087//1979
f 1064//1980 1063//1980 1087//1980
f 758//1981 955//1981 1035//1981
f 891//1982 892//1982 1089//1982
f 1072//1983 1089//1983 892//1983
f 775//1984 1088//1984 871//1984
f 613//1985 970//1985 973//1985
f 1090//1986 872//1986 845//1986
f 1072//1987 976//1987 1092//1987
f 896//1988 1073//1988 1039//1988
f 900//1989 904//1989 1094//1989
f 960//1990 878//1990 904//1990
f 1042//1991 794//1991 1133//1991
f 809//1992 812//1992 923//1992
f 881//1993 719//1993 1067//1993
f 1069//1994 1098//1994 1070//1994
f 1007//1995 1080//1995 885//1995
f 1098//1996 1086//1996 1070//1996
f 1052//1997 964//1997 1054//1997
f 1053//1998 1070//1998 1086//1998
f 1015//1999 1058//1999 1101//1999
f 967//2000 1017//2000 1083//2000
f 1017//2001 1118//2001 1083//2001
f 1119//2002 832//2002 864//2002
f 1023//2003 946//2003 1022//2003
f 1103//2004 948//2004 1062//2004
f 1103//2005 949//2005 948//2005
f 950//2006 1103//2006 1085//2006
f 1106//2007 1089//2007 1072//2007
f 1074//2008 978//2008 1091//2008
f 848//2009 785//2009 1128//2009
f 904//2010 878//2010 1129//2010
f 1129//2011 878//2011 960//2011
f 913//2012 1131//2012 989//2012
f 913//2013 993//2013 1110//2013
f 808//2014 1000//2014 855//2014
f 813//2015 1001//2015 1242//2015
f 1096//2016 1068//2016 1079//2016
f 1111//2017 1097//2017 1113//2017
f 1111//2018 1069//2018 1096//2018
f 1112//2019 1096//2019 1079//2019
f 1069//2020 1113//2020 1097//2020
f 1069//2021 1111//2021 1113//2021
f 1068//2022 1096//2022 1069//2022
f 1098//2023 1069//2023 1097//2023
f 885//2024 1080//2024 1204//2024
f 1081//2025 1010//2025 1052//2025
f 1086//2026 1055//2026 1053//2026
f 861//2027 886//2027 1099//2027
f 1055//2028 1086//2028 1115//2028
f 1058//2029 1117//2029 1101//2029
f 1017//2030 1015//2030 1118//2030
f 866//2031 1121//2031 865//2031
f 1123//2032 1021//2032 1025//2032
f 1021//2033 1123//2033 1120//2033
f 1122//2034 866//2034 1071//2034
f 1102//2035 1062//2035 948//2035
f 1030//2036 950//2036 1085//2036
f 1063//2037 1087//2037 1125//2037
f 1107//2038 891//2038 1089//2038
f 781//2039 972//2039 1166//2039
f 874//2040 968//2040 1127//2040
f 1165//2041 1038//2041 781//2041
f 1172//2042 875//2042 980//2042
f 985//2043 848//2043 1128//2043
f 1175//2044 789//2044 984//2044
f 797//2045 1041//2045 987//2045
f 1046//2046 1043//2046 1130//2046
f 1042//2047 1109//2047 906//2047
f 1132//2048 1133//2048 794//2048
f 794//2049 909//2049 1132//2049
f 1045//2050 906//2050 1109//2050
f 911//2051 1046//2051 1134//2051
f 1180//2052 990//2052 916//2052
f 800//2053 1065//2053 1182//2053
f 1047//2054 911//2054 1134//2054
f 1045//2055 1095//2055 1135//2055
f 992//2056 1136//2056 995//2056
f 1184//2057 916//2057 996//2057
f 996//2058 998//2058 1184//2058
f 1187//2059 918//2059 921//2059
f 1188//2060 998//2060 808//2060
f 1189//2061 999//2061 995//2061
f 853//2062 1137//2062 854//2062
f 1194//2063 1078//2063 856//2063
f 924//2064 813//2064 1242//2064
f 857//2065 1196//2065 1002//2065
f 1111//2066 1096//2066 1198//2066
f 928//2067 927//2067 1002//2067
f 1052//2068 1114//2068 1207//2068
f 1114//2069 1052//2069 1054//2069
f 1054//2070 932//2070 1142//2070
f 822//2071 1012//2071 1210//2071
f 1055//2072 1115//2072 1014//2072
f 1013//2073 1055//2073 1014//2073
f 1100//2074 1056//2074 1211//2074
f 1143//2075 1012//2075 936//2075
f 1015//2076 1101//2076 1118//2076
f 1144//2077 1060//2077 1145//2077
f 1060//2078 1016//2078 1145//2078
f 1016//2079 1120//2079 1145//2079
f 1020//2080 865//2080 1216//2080
f 1146//2081 1120//2081 1147//2081
f 1217//2082 945//2082 832//2082
f 1120//2083 1123//2083 1147//2083
f 946//2084 1220//2084 1022//2084
f 1026//2085 838//2085 1124//2085
f 838//2086 840//2086 1124//2086
f 1223//2087 1030//2087 1085//2087
f 1030//2088 1150//2088 841//2088
f 953//2089 1151//2089 1063//2089
f 955//2090 1154//2090 1035//2090
f 1156//2091 774//2091 872//2091
f 1072//2092 1155//2092 1106//2092
f 1158//2093 1088//2093 871//2093
f 968//2094 969//2094 1161//2094
f 1164//2095 973//2095 970//2095
f 1168//2096 1075//2096 973//2096
f 1164//2097 1168//2097 973//2097
f 1091//2098 1038//2098 1165//2098
f 1167//2099 779//2099 977//2099
f 1108//2100 1169//2100 845//2100
f 1039//2101 1170//2101 785//2101
f 979//2102 874//2102 1127//2102
f 876//2103 1173//2103 981//2103
f 984//2104 983//2104 1174//2104
f 1176//2105 849//2105 789//2105
f 1129//2106 1235//2106 1234//2106
f 959//2107 1177//2107 1044//2107
f 1178//2108 960//2108 879//2108
f 1179//2109 1044//2109 1177//2109
f 1109//2110 1042//2110 1133//2110
f 1045//2111 1109//2111 1237//2111
f 1095//2112 1045//2112 1181//2112
f 1065//2113 915//2113 1183//2113
f 1045//2114 1135//2114 992//2114
f 999//2115 1137//2115 853//2115
f 1138//2116 811//2116 880//2116
f 1067//2117 854//2117 1193//2117
f 1067//2118 857//2118 881//2118
f 1243//2119 816//2119 1048//2119
f 928//2120 1002//2120 1139//2120
f 882//2121 963//2121 818//2121
f 1111//2122 1197//2122 1113//2122
f 1003//2123 1049//2123 1005//2123
f 1003//2124 925//2124 1049//2124
f 1199//2125 1197//2125 1111//2125
f 1200//2126 1096//2126 1112//2126
f 1004//2127 1008//2127 1201//2127
f 1050//2128 859//2128 882//2128
f 1114//2129 1206//2129 1052//2129
f 1141//2130 821//2130 1140//2130
f 1207//2131 1114//2131 1054//2131
f 1099//2132 886//2132 1285//2132
f 1100//2133 1142//2133 932//2133
f 1212//2134 1101//2134 1117//2134
f 935//2135 1082//2135 1059//2135
f 1056//2136 1060//2136 1144//2136
f 1057//2137 941//2137 1018//2137
f 1289//2138 1083//2138 1118//2138
f 1120//2139 1016//2139 1021//2139
f 1119//2140 1215//2140 832//2140
f 1148//2141 1146//2141 1147//2141
f 1218//2142 1121//2142 866//2142
f 945//2143 1022//2143 946//2143
f 1220//2144 1023//2144 1022//2144
f 1024//2145 1249//2145 1250//2145
f 1071//2146 1061//2146 1221//2146
f 1122//2147 1071//2147 1221//2147
f 1102//2148 948//2148 1084//2148
f 1102//2149 1149//2149 1062//2149
f 1123//2150 1025//2150 1222//2150
f 1222//2151 1025//2151 1026//2151
f 1031//2152 842//2152 1032//2152
f 1104//2153 841//2153 1150//2153
f 1033//2154 1226//2154 951//2154
f 1125//2155 1153//2155 1087//2155
f 1087//2156 1228//2156 1105//2156
f 956//2157 1035//2157 889//2157
f 1034//2158 1229//2158 1230//2158
f 774//2159 1036//2159 872//2159
f 1232//2160 974//2160 1037//2160
f 1232//2161 1231//2161 974//2161
f 1072//2162 1157//2162 1106//2162
f 775//2163 1158//2163 871//2163
f 972//2164 891//2164 1159//2164
f 1167//2165 777//2165 779//2165
f 1127//2166 968//2166 1161//2166
f 1170//2167 896//2167 1039//2167
f 784//2168 1169//2168 1108//2168
f 979//2169 1127//2169 897//2169
f 1171//2170 784//2170 1093//2170
f 983//2171 1076//2171 1174//2171
f 984//2172 1174//2172 1175//2172
f 1304//2173 1094//2173 904//2173
f 1129//2174 1234//2174 904//2174
f 989//2175 1178//2175 879//2175
f 797//2176 990//2176 1180//2176
f 1265//2177 913//2177 1110//2177
f 994//2178 917//2178 991//2178
f 995//2179 1136//2179 1239//2179
f 1185//2180 850//2180 1077//2180
f 997//2181 1186//2181 852//2181
f 1191//2182 808//2182 855//2182
f 1240//2183 809//2183 923//2183
f 1244//2184 1199//2184 1198//2184
f 1199//2185 1111//2185 1198//2185
f 1113//2186 1197//2186 1245//2186
f 1097//2187 1245//2187 1203//2187
f 1113//2188 1245//2188 1097//2188
f 1202//2189 1201//2189 1008//2189
f 1098//2190 1097//2190 1203//2190
f 821//2191 1006//2191 1140//2191
f 1202//2192 1008//2192 1009//2192
f 1086//2193 1208//2193 1284//2193
f 1315//2194 1142//2194 1100//2194
f 861//2195 1099//2195 1285//2195
f 1116//2196 1056//2196 1144//2196
f 1022//2197 945//2197 1219//2197
f 1148//2198 1123//2198 1147//2198
f 1024//2199 1023//2199 1249//2199
f 1062//2200 1149//2200 1251//2200
f 1026//2201 1252//2201 1222//2201
f 1253//2202 1026//2202 1124//2202
f 840//2203 1253//2203 1124//2203
f 1027//2204 1028//2204 1029//2204
f 1223//2205 1085//2205 1295//2205
f 1031//2206 1032//2206 1224//2206
f 1224//2207 1032//2207 1225//2207
f 1032//2208 951//2208 1225//2208
f 1125//2209 1063//2209 1151//2209
f 1125//2210 1255//2210 1153//2210
f 1152//2211 953//2211 952//2211
f 843//2212 889//2212 1035//2212
f 1034//2213 954//2213 1229//2213
f 955//2214 1034//2214 1230//2214
f 872//2215 1256//2215 1156//2215
f 1106//2216 1157//2216 1155//2216
f 970//2217 871//2217 1303//2217
f 1091//2218 1163//2218 1074//2218
f 1165//2219 781//2219 1166//2219
f 1258//2220 845//2220 1169//2220
f 1259//2221 1072//2221 1092//2221
f 1259//2222 1157//2222 1072//2222
f 1092//2223 976//2223 1259//2223
f 1260//2224 1261//2224 897//2224
f 876//2225 897//2225 1261//2225
f 960//2226 1235//2226 1129//2226
f 1266//2227 1132//2227 909//2227
f 991//2228 908//2228 1236//2228
f 909//2229 800//2229 1182//2229
f 1183//2230 1268//2230 1065//2230
f 1047//2231 1269//2231 997//2231
f 993//2232 918//2232 1270//2232
f 918//2233 1187//2233 1270//2233
f 1077//2234 1271//2234 1185//2234
f 1138//2235 1192//2235 880//2235
f 1194//2236 855//2236 1078//2236
f 855//2237 856//2237 1078//2237
f 1001//2238 811//2238 1274//2238
f 1195//2239 961//2239 926//2239
f 1197//2240 1310//2240 1275//2240
f 1245//2241 1197//2241 1275//2241
f 1278//2242 1203//2242 1245//2242
f 1079//2243 1200//2243 1112//2243
f 1080//2244 1007//2244 1280//2244
f 1052//2245 1282//2245 1081//2245
f 1052//2246 1206//2246 1282//2246
f 1009//2247 1205//2247 1202//2247
f 1098//2248 1203//2248 1246//2248
f 886//2249 821//2249 1141//2249
f 886//2250 1141//2250 1397//2250
f 886//2251 1209//2251 1285//2251
f 1086//2252 1284//2252 1115//2252
f 1143//2253 1210//2253 1012//2253
f 1211//2254 1056//2254 1286//2254
f 1286//2255 1056//2255 1116//2255
f 1143//2256 936//2256 1287//2256
f 1014//2257 1319//2257 1058//2257
f 1321//2258 1145//2258 1248//2258
f 1018//2259 1288//2259 1057//2259
f 1101//2260 1289//2260 1118//2260
f 939//2261 1213//2261 1019//2261
f 864//2262 1019//2262 1214//2262
f 865//2263 1121//2263 1407//2263
f 1218//2264 866//2264 1122//2264
f 1220//2265 1022//2265 1219//2265
f 1221//2266 1218//2266 1122//2266
f 1292//2267 1102//2267 1084//2267
f 1061//2268 1024//2268 1250//2268
f 1251//2269 1103//2269 1062//2269
f 1103//2270 1251//2270 1293//2270
f 1294//2271 1253//2271 840//2271
f 1294//2272 840//2272 1027//2272
f 1254//2273 1326//2273 1295//2273
f 1223//2274 1327//2274 1030//2274
f 1297//2275 1031//2275 1224//2275
f 1327//2276 1150//2276 1030//2276
f 1299//2277 1255//2277 1298//2277
f 1125//2278 1298//2278 1255//2278
f 1153//2279 1255//2279 1299//2279
f 1152//2280 952//2280 1227//2280
f 843//2281 1301//2281 952//2281
f 1087//2282 1153//2282 1228//2282
f 1329//2283 1064//2283 1105//2283
f 1156//2284 958//2284 774//2284
f 890//2285 1330//2285 775//2285
f 775//2286 1331//2286 1158//2286
f 1037//2287 1074//2287 1232//2287
f 1074//2288 1302//2288 1232//2288
f 971//2289 1160//2289 776//2289
f 971//2290 777//2290 1162//2290
f 1090//2291 845//2291 1258//2291
f 1358//2292 1169//2292 784//2292
f 1358//2293 784//2293 1171//2293
f 1093//2294 900//2294 1171//2294
f 985//2295 1128//2295 1362//2295
f 1174//2296 1076//2296 1262//2296
f 1172//2297 980//2297 899//2297
f 1233//2298 1172//2298 899//2298
f 900//2299 1094//2299 1304//2299
f 1134//2300 1046//2300 1267//2300
f 1095//2301 1181//2301 1135//2301
f 1308//2302 1310//2302 1197//2302
f 1309//2303 1308//2303 1197//2303
f 1334//2304 1310//2304 1308//2304
f 1199//2305 1309//2305 1197//2305
f 1309//2306 1199//2306 1244//2306
f 1244//2307 1198//2307 1276//2307
f 1387//2308 1048//2308 963//2308
f 1276//2309 1198//2309 1096//2309
f 1312//2310 1276//2310 1096//2310
f 1312//2311 1096//2311 1200//2311
f 1245//2312 1275//2312 1278//2312
f 1277//2313 928//2313 1139//2313
f 1313//2314 1007//2314 1005//2314
f 1006//2315 928//2315 1277//2315
f 1079//2316 1081//2316 1200//2316
f 1203//2317 1278//2317 1279//2317
f 1098//2318 1246//2318 1086//2318
f 1086//2319 1246//2319 1314//2319
f 1315//2320 1054//2320 1142//2320
f 1286//2321 1116//2321 1316//2321
f 1212//2322 1317//2322 1101//2322
f 1101//2323 1317//2323 1318//2323
f 1144//2324 1321//2324 1116//2324
f 1116//2325 1321//2325 1316//2325
f 1322//2326 1059//2326 1082//2326
f 936//2327 1057//2327 1287//2327
f 1320//2328 1319//2328 1014//2328
f 1321//2329 1144//2329 1145//2329
f 939//2330 1059//2330 1213//2330
f 1120//2331 1148//2331 1146//2331
f 1219//2332 1323//2332 1220//2332
f 1324//2333 1061//2333 1250//2333
f 1252//2334 1026//2334 1253//2334
f 1253//2335 1294//2335 1325//2335
f 1085//2336 1254//2336 1295//2336
f 1029//2337 1296//2337 1027//2337
f 1299//2338 1297//2338 1328//2338
f 1151//2339 953//2339 1152//2339
f 1153//2340 1299//2340 1300//2340
f 1300//2341 1299//2341 1328//2341
f 1153//2342 1300//2342 1228//2342
f 843//2343 1035//2343 1301//2343
f 870//2344 958//2344 1126//2344
f 1345//2345 958//2345 1156//2345
f 1330//2346 890//2346 1346//2346
f 974//2347 1257//2347 1231//2347
f 1074//2348 1163//2348 1302//2348
f 1256//2349 872//2349 1090//2349
f 1158//2350 1303//2350 871//2350
f 1170//2351 1073//2351 1355//2351
f 1170//2352 1039//2352 1073//2352
f 1164//2353 1075//2353 1168//2353
f 875//2354 1259//2354 976//2354
f 1128//2355 785//2355 1360//2355
f 900//2356 1304//2356 1171//2356
f 902//2357 1041//2357 1363//2357
f 908//2358 1044//2358 1236//2358
f 1133//2359 1132//2359 1366//2359
f 1181//2360 1238//2360 1045//2360
f 909//2361 1182//2361 1333//2361
f 1136//2362 992//2362 1239//2362
f 997//2363 1269//2363 1186//2363
f 1306//2364 1077//2364 994//2364
f 995//2365 1307//2365 1239//2365
f 1270//2366 1187//2366 921//2366
f 1374//2367 808//2367 1191//2367
f 1273//2368 855//2368 1378//2368
f 857//2369 1067//2369 1382//2369
f 1382//2370 1385//2370 857//2370
f 1310//2371 1334//2371 1275//2371
f 1335//2372 1279//2372 1278//2372
f 1392//2373 882//2373 1394//2373
f 882//2374 859//2374 1394//2374
f 1335//2375 1336//2375 1279//2375
f 1395//2376 859//2376 1080//2376
f 1140//2377 1006//2377 1281//2377
f 1203//2378 1279//2378 1246//2378
f 1206//2379 1114//2379 1207//2379
f 1009//2380 822//2380 1283//2380
f 1054//2381 1247//2381 1207//2381
f 1205//2382 1009//2382 1283//2382
f 1315//2383 1100//2383 1211//2383
f 1319//2384 1320//2384 1399//2384
f 1213//2385 1059//2385 1322//2385
f 1401//2386 1057//2386 1288//2386
f 1083//2387 1289//2387 1291//2387
f 1289//2388 1402//2388 1291//2388
f 1018//2389 831//2389 1290//2389
f 864//2390 1214//2390 1403//2390
f 1215//2391 1119//2391 864//2391
f 831//2392 1020//2392 1216//2392
f 1323//2393 945//2393 1408//2393
f 1323//2394 1219//2394 945//2394
f 1292//2395 1411//2395 1102//2395
f 1253//2396 1342//2396 1252//2396
f 1293//2397 1085//2397 1103//2397
f 1253//2398 1325//2398 1343//2398
f 1253//2399 1343//2399 1342//2399
f 1254//2400 1085//2400 1293//2400
f 1029//2401 1297//2401 1299//2401
f 1029//2402 1031//2402 1297//2402
f 1228//2403 1300//2403 1328//2403
f 1421//2404 1064//2404 1329//2404
f 1345//2405 1126//2405 958//2405
f 870//2406 1346//2406 890//2406
f 1155//2407 1347//2407 1106//2407
f 1331//2408 775//2408 1330//2408
f 1107//2409 1348//2409 891//2409
f 1157//2410 1351//2410 1155//2410
f 1155//2411 1351//2411 1349//2411
f 1073//2412 974//2412 1350//2412
f 776//2413 1353//2413 969//2413
f 1159//2414 891//2414 1352//2414
f 1161//2415 969//2415 1353//2415
f 1165//2416 1163//2416 1091//2416
f 1164//2417 970//2417 1303//2417
f 1355//2418 1073//2418 1350//2418
f 1159//2419 1166//2419 972//2419
f 1437//2420 777//2420 1167//2420
f 1161//2421 1356//2421 1127//2421
f 977//2422 1075//2422 1357//2422
f 1127//2423 1260//2423 897//2423
f 1172//2424 1259//2424 875//2424
f 876//2425 1261//2425 1173//2425
f 1076//2426 981//2426 1262//2426
f 1361//2427 1171//2427 1304//2427
f 1362//2428 1128//2428 1360//2428
f 1175//2429 1176//2429 789//2429
f 1040//2430 985//2430 1305//2430
f 1304//2431 904//2431 1234//2431
f 1263//2432 902//2432 1363//2432
f 849//2433 1176//2433 959//2433
f 1176//2434 1364//2434 959//2434
f 1363//2435 1041//2435 1365//2435
f 1364//2436 1179//2436 1177//2436
f 1041//2437 797//2437 1365//2437
f 986//2438 1130//2438 1043//2438
f 1365//2439 797//2439 1264//2439
f 1046//2440 1130//2440 1267//2440
f 1264//2441 797//2441 1180//2441
f 1266//2442 1366//2442 1132//2442
f 1366//2443 1237//2443 1109//2443
f 1182//2444 1268//2444 1333//2444
f 1269//2445 1134//2445 1367//2445
f 916//2446 1184//2446 990//2446
f 1134//2447 1269//2447 1047//2447
f 915//2448 1370//2448 1183//2448
f 994//2449 991//2449 1369//2449
f 1371//2450 1184//2450 998//2450
f 1306//2451 994//2451 1369//2451
f 1370//2452 915//2452 850//2452
f 1372//2453 1371//2453 998//2453
f 1077//2454 1306//2454 1271//2454
f 998//2455 1188//2455 1372//2455
f 1270//2456 921//2456 1272//2456
f 1374//2457 1188//2457 808//2457
f 1372//2458 1188//2458 1374//2458
f 1375//2459 999//2459 1189//2459
f 1137//2460 999//2460 1375//2460
f 1193//2461 854//2461 1137//2461
f 1241//2462 1240//2462 923//2462
f 1379//2463 1381//2463 1334//2463
f 923//2464 1243//2464 1384//2464
f 1379//2465 1308//2465 1380//2465
f 1379//2466 1334//2466 1308//2466
f 1241//2467 923//2467 1384//2467
f 1381//2468 1383//2468 1334//2468
f 1243//2469 1048//2469 1384//2469
f 1388//2470 1334//2470 1383//2470
f 1334//2471 1388//2471 1275//2471
f 1311//2472 924//2472 1242//2472
f 1311//2473 1049//2473 924//2473
f 1424//2474 1195//2474 926//2474
f 1389//2475 1276//2475 1312//2475
f 1389//2476 1312//2476 1200//2476
f 1139//2477 1002//2477 1196//2477
f 1313//2478 1005//2478 1311//2478
f 1275//2479 1388//2479 1335//2479
f 1139//2480 1196//2480 1391//2480
f 1390//2481 963//2481 882//2481
f 882//2482 1392//2482 1390//2482
f 1201//2483 926//2483 1004//2483
f 1278//2484 1275//2484 1335//2484
f 1112//2485 1393//2485 1200//2485
f 1277//2486 1139//2486 1391//2486
f 1200//2487 1081//2487 1393//2487
f 1393//2488 1081//2488 1282//2488
f 1395//2489 1394//2489 859//2489
f 1204//2490 1395//2490 1080//2490
f 1080//2491 1280//2491 1204//2491
f 1006//2492 1281//2492 1141//2492
f 1279//2493 1336//2493 1426//2493
f 1207//2494 1396//2494 1282//2494
f 1207//2495 1282//2495 1206//2495
f 1141//2496 1140//2496 1006//2496
f 1247//2497 1315//2497 1207//2497
f 1208//2498 1086//2498 1314//2498
f 1283//2499 822//2499 1210//2499
f 1284//2500 1208//2500 1314//2500
f 1315//2501 1211//2501 1286//2501
f 1320//2502 1115//2502 1284//2502
f 1285//2503 1337//2503 861//2503
f 1285//2504 1428//2504 1337//2504
f 1143//2505 1287//2505 1210//2505
f 861//2506 1337//2506 1082//2506
f 1014//2507 1338//2507 1320//2507
f 1337//2508 1322//2508 1082//2508
f 1399//2509 1320//2509 1338//2509
f 1289//2510 1101//2510 1318//2510
f 1400//2511 1213//2511 1059//2511
f 1400//2512 1019//2512 1213//2512
f 1120//2513 1248//2513 1145//2513
f 1405//2514 1248//2514 1120//2514
f 1403//2515 1019//2515 1214//2515
f 831//2516 1404//2516 1290//2516
f 1018//2517 1290//2517 1404//2517
f 1403//2518 1215//2518 864//2518
f 1146//2519 1405//2519 1120//2519
f 1148//2520 1405//2520 1146//2520
f 1083//2521 1291//2521 1406//2521
f 832//2522 1215//2522 1217//2522
f 945//2523 1217//2523 1408//2523
f 967//2524 1409//2524 887//2524
f 1405//2525 1123//2525 1410//2525
f 1405//2526 1148//2526 1123//2526
f 1407//2527 1121//2527 1218//2527
f 1339//2528 1084//2528 1409//2528
f 1084//2529 887//2529 1409//2529
f 1123//2530 1252//2530 1410//2530
f 1412//2531 1024//2531 1249//2531
f 1024//2532 1412//2532 1250//2532
f 1411//2533 1149//2533 1102//2533
f 1324//2534 1061//2534 1340//2534
f 1071//2535 1221//2535 1413//2535
f 1411//2536 1251//2536 1149//2536
f 1023//2537 1341//2537 1249//2537
f 1023//2538 1220//2538 1341//2538
f 1341//2539 1220//2539 1249//2539
f 1324//2540 1250//2540 1340//2540
f 1340//2541 1250//2541 1412//2541
f 1411//2542 1414//2542 1251//2542
f 1415//2543 1251//2543 1414//2543
f 1123//2544 1222//2544 1252//2544
f 1343//2545 1325//2545 1342//2545
f 1416//2546 1294//2546 1027//2546
f 1296//2547 1416//2547 1027//2547
f 1296//2548 1029//2548 1299//2548
f 1033//2549 1432//2549 1226//2549
f 1225//2550 951//2550 1226//2550
f 1225//2551 1297//2551 1224//2551
f 1151//2552 1344//2552 1125//2552
f 1344//2553 1151//2553 1152//2553
f 1297//2554 1433//2554 1328//2554
f 1420//2555 952//2555 1301//2555
f 1228//2556 1328//2556 1419//2556
f 1105//2557 1228//2557 1329//2557
f 1154//2558 1420//2558 1035//2558
f 1420//2559 1301//2559 1035//2559
f 1346//2560 870//2560 1126//2560
f 1089//2561 1106//2561 1347//2561
f 1107//2562 1089//2562 1348//2562
f 1256//2563 1090//2563 1258//2563
f 974//2564 1231//2564 1350//2564
f 1163//2565 1165//2565 1302//2565
f 1455//2566 1256//2566 1258//2566
f 971//2567 1162//2567 1160//2567
f 1258//2568 1169//2568 1354//2568
f 1075//2569 1164//2569 1357//2569
f 977//2570 1357//2570 1167//2570
f 1127//2571 1356//2571 1260//2571
f 981//2572 1173//2572 1262//2572
f 1305//2573 985//2573 1362//2573
f 1175//2574 1174//2574 1176//2574
f 902//2575 1233//2575 899//2575
f 1438//2576 1304//2576 1234//2576
f 1233//2577 902//2577 1263//2577
f 1332//2578 1040//2578 1305//2578
f 986//2579 1040//2579 1332//2579
f 1177//2580 959//2580 1364//2580
f 1235//2581 960//2581 1178//2581
f 1130//2582 986//2582 1332//2582
f 1178//2583 989//2583 1131//2583
f 1236//2584 1044//2584 1179//2584
f 1109//2585 1133//2585 1366//2585
f 1266//2586 909//2586 1333//2586
f 1181//2587 1045//2587 1237//2587
f 1367//2588 1134//2588 1267//2588
f 1184//2589 1180//2589 990//2589
f 1369//2590 991//2590 1236//2590
f 1182//2591 1065//2591 1268//2591
f 1265//2592 1110//2592 993//2592
f 992//2593 1135//2593 1239//2593
f 1370//2594 850//2594 1185//2594
f 880//2595 852//2595 1373//2595
f 1189//2596 995//2596 1239//2596
f 921//2597 809//2597 1376//2597
f 1240//2598 1376//2598 809//2598
f 811//2599 1138//2599 1377//2599
f 1378//2600 855//2600 1194//2600
f 1382//2601 1067//2601 1193//2601
f 1195//2602 1194//2602 1078//2602
f 1380//2603 1308//2603 1309//2603
f 961//2604 1195//2604 1078//2604
f 923//2605 816//2605 1243//2605
f 1386//2606 1309//2606 1244//2606
f 1386//2607 1244//2607 1276//2607
f 1048//2608 1387//2608 1384//2608
f 857//2609 1385//2609 1196//2609
f 1005//2610 1049//2610 1311//2610
f 1006//2611 1277//2611 1391//2611
f 1006//2612 1391//2612 1281//2612
f 1280//2613 1007//2613 1313//2613
f 1282//2614 1081//2614 1396//2614
f 1246//2615 1279//2615 1426//2615
f 1315//2616 1247//2616 1054//2616
f 886//2617 1397//2617 1209//2617
f 1427//2618 1315//2618 1286//2618
f 1320//2619 1014//2619 1115//2619
f 1212//2620 1058//2620 1399//2620
f 1212//2621 1117//2621 1058//2621
f 1058//2622 1319//2622 1399//2622
f 1057//2623 1288//2623 1287//2623
f 1429//2624 1213//2624 1322//2624
f 1213//2625 1429//2625 1400//2625
f 1288//2626 1018//2626 1401//2626
f 1402//2627 1289//2627 1318//2627
f 1401//2628 1018//2628 1290//2628
f 1019//2629 1400//2629 1214//2629
f 1216//2630 865//2630 1407//2630
f 967//2631 1083//2631 1406//2631
f 1406//2632 1409//2632 967//2632
f 1221//2633 1061//2633 1324//2633
f 1413//2634 1221//2634 1324//2634
f 1324//2635 1412//2635 1340//2635
f 1326//2636 1254//2636 1430//2636
f 1431//2637 1326//2637 1430//2637
f 1416//2638 1029//2638 1296//2638
f 1295//2639 1327//2639 1223//2639
f 1150//2640 1327//2640 1417//2640
f 1344//2641 1298//2641 1125//2641
f 952//2642 1420//2642 1227//2642
f 1419//2643 1328//2643 1434//2643
f 1064//2644 1421//2644 1229//2644
f 954//2645 1064//2645 1229//2645
f 1154//2646 955//2646 1230//2646
f 1348//2647 1089//2647 1347//2647
f 1422//2648 1350//2648 1231//2648
f 1454//2649 1158//2649 1331//2649
f 1352//2650 891//2650 1348//2650
f 1353//2651 776//2651 1160//2651
f 1259//2652 1351//2652 1157//2652
f 1162//2653 777//2653 1437//2653
f 1356//2654 1161//2654 1423//2654
f 785//2655 1170//2655 1359//2655
f 1259//2656 1172//2656 1457//2656
f 1131//2657 913//2657 1265//2657
f 1368//2658 1265//2658 993//2658
f 1135//2659 1239//2659 1181//2659
f 1368//2660 993//2660 1270//2660
f 852//2661 1186//2661 1373//2661
f 880//2662 1373//2662 1190//2662
f 1272//2663 921//2663 1376//2663
f 1272//2664 1376//2664 1240//2664
f 1191//2665 855//2665 1374//2665
f 880//2666 1190//2666 1138//2666
f 1274//2667 811//2667 1377//2667
f 1380//2668 1464//2668 1379//2668
f 1380//2669 1309//2669 1442//2669
f 1242//2670 1001//2670 1274//2670
f 1383//2671 1443//2671 1444//2671
f 1383//2672 1444//2672 1388//2672
f 1387//2673 963//2673 1390//2673
f 926//2674 1424//2674 1425//2674
f 1425//2675 926//2675 1201//2675
f 1315//2676 1445//2676 1207//2676
f 1398//2677 1284//2677 1314//2677
f 1317//2678 1446//2678 1447//2678
f 1318//2679 1317//2679 1447//2679
f 1404//2680 831//2680 1216//2680
f 1408//2681 1217//2681 1215//2681
f 1408//2682 1215//2682 1448//2682
f 1220//2683 1323//2683 1449//2683
f 1033//2684 1104//2684 1418//2684
f 1033//2685 1418//2685 1432//2685
f 1150//2686 1417//2686 1418//2686
f 1104//2687 1150//2687 1418//2687
f 1433//2688 1297//2688 1225//2688
f 1451//2689 1452//2689 1435//2689
f 1451//2690 1450//2690 1452//2690
f 1454//2691 1303//2691 1158//2691
f 1453//2692 1302//2692 1165//2692
f 1456//2693 1357//2693 1164//2693
f 1360//2694 785//2694 1359//2694
f 1265//2695 1458//2695 1131//2695
f 1471//2696 1268//2696 1183//2696
f 1271//2697 1306//2697 1459//2697
f 1185//2698 1271//2698 1439//2698
f 1440//2699 1185//2699 1439//2699
f 1271//2700 1459//2700 1439//2700
f 1440//2701 1439//2701 1463//2701
f 1440//2702 1463//2702 1460//2702
f 1463//2703 1439//2703 1461//2703
f 1462//2704 1460//2704 1463//2704
f 1374//2705 855//2705 1273//2705
f 1379//2706 1464//2706 1462//2706
f 1462//2707 1463//2707 1381//2707
f 1379//2708 1462//2708 1381//2708
f 1381//2709 1463//2709 1441//2709
f 1381//2710 1441//2710 1443//2710
f 1381//2711 1443//2711 1383//2711
f 1210//2712 1466//2712 1283//2712
f 1291//2713 1402//2713 1478//2713
f 1409//2714 1406//2714 1339//2714
f 1292//2715 1084//2715 1339//2715
f 1220//2716 1449//2716 1467//2716
f 1220//2717 1467//2717 1341//2717
f 1412//2718 1249//2718 1341//2718
f 1468//2719 1221//2719 1413//2719
f 1218//2720 1221//2720 1468//2720
f 1434//2721 1328//2721 1433//2721
f 1154//2722 1230//2722 1229//2722
f 1420//2723 1154//2723 1229//2723
f 1435//2724 1452//2724 1436//2724
f 1455//2725 1258//2725 1523//2725
f 1357//2726 1437//2726 1167//2726
f 1176//2727 1469//2727 1364//2727
f 1470//2728 1368//2728 1270//2728
f 1370//2729 1440//2729 1460//2729
f 1370//2730 1185//2730 1440//2730
f 1240//2731 1490//2731 1376//2731
f 1461//2732 1459//2732 1489//2732
f 1464//2733 1460//2733 1462//2733
f 1463//2734 1461//2734 1441//2734
f 1375//2735 1193//2735 1137//2735
f 1464//2736 1380//2736 1472//2736
f 1441//2737 1461//2737 1473//2737
f 1441//2738 1473//2738 1474//2738
f 1443//2739 1441//2739 1474//2739
f 1386//2740 1276//2740 1389//2740
f 1335//2741 1444//2741 1465//2741
f 1336//2742 1335//2742 1475//2742
f 1476//2743 1315//2743 1427//2743
f 1397//2744 1497//2744 1209//2744
f 1287//2745 1288//2745 1477//2745
f 1403//2746 1214//2746 1400//2746
f 1403//2747 1400//2747 1479//2747
f 1325//2748 1253//2748 1342//2748
f 1299//2749 1298//2749 1296//2749
f 1419//2750 1434//2750 1450//2750
f 1454//2751 1164//2751 1303//2751
f 1453//2752 1165//2752 1166//2752
f 1357//2753 1456//2753 1437//2753
f 1480//2754 1356//2754 1423//2754
f 1354//2755 1169//2755 1358//2755
f 1173//2756 1174//2756 1262//2756
f 1234//2757 1235//2757 1178//2757
f 1236//2758 1179//2758 1482//2758
f 1484//2759 1333//2759 1268//2759
f 1135//2760 1181//2760 1486//2760
f 1486//2761 1239//2761 1135//2761
f 1471//2762 1183//2762 1370//2762
f 1306//2763 1487//2763 1459//2763
f 1471//2764 1370//2764 1460//2764
f 1459//2765 1516//2765 1556//2765
f 1464//2766 1488//2766 1460//2766
f 1461//2767 1439//2767 1459//2767
f 1243//2768 1241//2768 1384//2768
f 1444//2769 1443//2769 1474//2769
f 1382//2770 1493//2770 1196//2770
f 1382//2771 1196//2771 1385//2771
f 1335//2772 1388//2772 1444//2772
f 1389//2773 1200//2773 1393//2773
f 1335//2774 1465//2774 1475//2774
f 1207//2775 1445//2775 1396//2775
f 1315//2776 1476//2776 1445//2776
f 1314//2777 1246//2777 1426//2777
f 1314//2778 1426//2778 1496//2778
f 1497//2779 1285//2779 1209//2779
f 1284//2780 1398//2780 1320//2780
f 1210//2781 1498//2781 1466//2781
f 1498//2782 1210//2782 1287//2782
f 1499//2783 1321//2783 1248//2783
f 1402//2784 1318//2784 1478//2784
f 1499//2785 1248//2785 1405//2785
f 1502//2786 1401//2786 1290//2786
f 1404//2787 1502//2787 1290//2787
f 1291//2788 1478//2788 1501//2788
f 1400//2789 1429//2789 1479//2789
f 1503//2790 1404//2790 1216//2790
f 1403//2791 1479//2791 1504//2791
f 1505//2792 1216//2792 1407//2792
f 1506//2793 1505//2793 1407//2793
f 1468//2794 1407//2794 1218//2794
f 1468//2795 1506//2795 1407//2795
f 1323//2796 1408//2796 1449//2796
f 1415//2797 1414//2797 1507//2797
f 1340//2798 1413//2798 1324//2798
f 1510//2799 1293//2799 1415//2799
f 1293//2800 1251//2800 1415//2800
f 1522//2801 1252//2801 1342//2801
f 1522//2802 1342//2802 1253//2802
f 1416//2803 1325//2803 1294//2803
f 1226//2804 1512//2804 1225//2804
f 1152//2805 1511//2805 1344//2805
f 1420//2806 1152//2806 1227//2806
f 1450//2807 1434//2807 1513//2807
f 1451//2808 1228//2808 1419//2808
f 1450//2809 1451//2809 1419//2809
f 1452//2810 1450//2810 1513//2810
f 1348//2811 1347//2811 1624//2811
f 1454//2812 1514//2812 1164//2812
f 1481//2813 1351//2813 1259//2813
f 1362//2814 1360//2814 1524//2814
f 1176//2815 1174//2815 1469//2815
f 1178//2816 1131//2816 1526//2816
f 1483//2817 1236//2817 1482//2817
f 1266//2818 1333//2818 1484//2818
f 1485//2819 1181//2819 1237//2819
f 1236//2820 1483//2820 1515//2820
f 1269//2821 1267//2821 1367//2821
f 1306//2822 1369//2822 1487//2822
f 1471//2823 1460//2823 1488//2823
f 1272//2824 1376//2824 1490//2824
f 1473//2825 1461//2825 1518//2825
f 1472//2826 1380//2826 1442//2826
f 1242//2827 1274//2827 1491//2827
f 1444//2828 1474//2828 1492//2828
f 1281//2829 1391//2829 1494//2829
f 1532//2830 1205//2830 1283//2830
f 1322//2831 1428//2831 1520//2831
f 1428//2832 1322//2832 1337//2832
f 1478//2833 1318//2833 1447//2833
f 1500//2834 1477//2834 1288//2834
f 1288//2835 1401//2835 1500//2835
f 1216//2836 1505//2836 1503//2836
f 1467//2837 1509//2837 1341//2837
f 1298//2838 1416//2838 1296//2838
f 1433//2839 1225//2839 1512//2839
f 1420//2840 1229//2840 1152//2840
f 1537//2841 1232//2841 1302//2841
f 1258//2842 1354//2842 1523//2842
f 1469//2843 1174//2843 1525//2843
f 1469//2844 1544//2844 1364//2844
f 1369//2845 1236//2845 1515//2845
f 1189//2846 1239//2846 1527//2846
f 1487//2847 1516//2847 1459//2847
f 1190//2848 1373//2848 1186//2848
f 1461//2849 1489//2849 1518//2849
f 1528//2850 1472//2850 1442//2850
f 1240//2851 1241//2851 1683//2851
f 1442//2852 1309//2852 1386//2852
f 1195//2853 1424//2853 1425//2853
f 1529//2854 1387//2854 1390//2854
f 1565//2855 1389//2855 1393//2855
f 1444//2856 1492//2856 1465//2856
f 1530//2857 1390//2857 1392//2857
f 1570//2858 1281//2858 1494//2858
f 1497//2859 1428//2859 1285//2859
f 1466//2860 1287//2860 1498//2860
f 1317//2861 1212//2861 1574//2861
f 1578//2862 1577//2862 1316//2862
f 1578//2863 1316//2863 1321//2863
f 1212//2864 1399//2864 1519//2864
f 1478//2865 1580//2865 1581//2865
f 1535//2866 1345//2866 1156//2866
f 1536//2867 1156//2867 1256//2867
f 1617//2868 1537//2868 1302//2868
f 1539//2869 1454//2869 1331//2869
f 1302//2870 1453//2870 1538//2870
f 1350//2871 1422//2871 1541//2871
f 1453//2872 1166//2872 1542//2872
f 1172//2873 1233//2873 1457//2873
f 1173//2874 1543//2874 1174//2874
f 1543//2875 1525//2875 1174//2875
f 1545//2876 1234//2876 1178//2876
f 1364//2877 1544//2877 1546//2877
f 1363//2878 1365//2878 1595//2878
f 1364//2879 1546//2879 1179//2879
f 1179//2880 1546//2880 1482//2880
f 1264//2881 1547//2881 1365//2881
f 1237//2882 1366//2882 1549//2882
f 1369//2883 1515//2883 1550//2883
f 1487//2884 1369//2884 1550//2884
f 1551//2885 1486//2885 1181//2885
f 1487//2886 1553//2886 1516//2886
f 1488//2887 1464//2887 1472//2887
f 1554//2888 1488//2888 1472//2888
f 1556//2889 1489//2889 1459//2889
f 1518//2890 1489//2890 1559//2890
f 1474//2891 1473//2891 1518//2891
f 1442//2892 1386//2892 1560//2892
f 1518//2893 1561//2893 1474//2893
f 1690//2894 1776//2894 1386//2894
f 1382//2895 1687//2895 1693//2895
f 1195//2896 1425//2896 1562//2896
f 1474//2897 1563//2897 1492//2897
f 1529//2898 1390//2898 1530//2898
f 1465//2899 1492//2899 1566//2899
f 1475//2900 1465//2900 1568//2900
f 1282//2901 1567//2901 1393//2901
f 1282//2902 1396//2902 1567//2902
f 1201//2903 1202//2903 1569//2903
f 1445//2904 1495//2904 1396//2904
f 1445//2905 1531//2905 1495//2905
f 1475//2906 1426//2906 1336//2906
f 1570//2907 1141//2907 1281//2907
f 1283//2908 1466//2908 1572//2908
f 1572//2909 1466//2909 1498//2909
f 1428//2910 1573//2910 1575//2910
f 1576//2911 1447//2911 1446//2911
f 1574//2912 1212//2912 1519//2912
f 1579//2913 1322//2913 1520//2913
f 1478//2914 1447//2914 1580//2914
f 1321//2915 1499//2915 1613//2915
f 1500//2916 1401//2916 1521//2916
f 1478//2917 1581//2917 1501//2917
f 1521//2918 1401//2918 1502//2918
f 1582//2919 1502//2919 1404//2919
f 1411//2920 1292//2920 1584//2920
f 1410//2921 1252//2921 1586//2921
f 1252//2922 1589//2922 1586//2922
f 1252//2923 1522//2923 1589//2923
f 1509//2924 1412//2924 1341//2924
f 1253//2925 1325//2925 1590//2925
f 1534//2926 1344//2926 1511//2926
f 1592//2927 1152//2927 1229//2927
f 1766//2928 1513//2928 1761//2928
f 1593//2929 1435//2929 1436//2929
f 1616//2930 1232//2930 1537//2930
f 1616//2931 1231//2931 1232//2931
f 1624//2932 1347//2932 1155//2932
f 1454//2933 1594//2933 1514//2933
f 1594//2934 1164//2934 1514//2934
f 1636//2935 1635//2935 1162//2935
f 1355//2936 1629//2936 1170//2936
f 1628//2937 1354//2937 1358//2937
f 1171//2938 1361//2938 1644//2938
f 1647//2939 1173//2939 1261//2939
f 1361//2940 1304//2940 1644//2940
f 1651//2941 1263//2941 1653//2941
f 1547//2942 1595//2942 1365//2942
f 1482//2943 1596//2943 1548//2943
f 1482//2944 1548//2944 1483//2944
f 1657//2945 1265//2945 1659//2945
f 1237//2946 1665//2946 1485//2946
f 1484//2947 1268//2947 1597//2947
f 1672//2948 1186//2948 1269//2948
f 1676//2949 1673//2949 1374//2949
f 1599//2950 1272//2950 1490//2950
f 1273//2951 1680//2951 1676//2951
f 1517//2952 1554//2952 1472//2952
f 1517//2953 1472//2953 1528//2953
f 1558//2954 1377//2954 1274//2954
f 1518//2955 1559//2955 1561//2955
f 1563//2956 1474//2956 1561//2956
f 1564//2957 1196//2957 1493//2957
f 1601//2958 1387//2958 1529//2958
f 1494//2959 1391//2959 1701//2959
f 1703//2960 1280//2960 1313//2960
f 1605//2961 1603//2961 1604//2961
f 1568//2962 1706//2962 1475//2962
f 1603//2963 1605//2963 1606//2963
f 1606//2964 1605//2964 1604//2964
f 1426//2965 1571//2965 1496//2965
f 1606//2966 1604//2966 1608//2966
f 1607//2967 1606//2967 1608//2967
f 1316//2968 1577//2968 1286//2968
f 1398//2969 1611//2969 1320//2969
f 1428//2970 1497//2970 1573//2970
f 1498//2971 1710//2971 1572//2971
f 1447//2972 1576//2972 1714//2972
f 1574//2973 1519//2973 1612//2973
f 1613//2974 1499//2974 1405//2974
f 1583//2975 1404//2975 1503//2975
f 1406//2976 1730//2976 1339//2976
f 1413//2977 1340//2977 1746//2977
f 1746//2978 1468//2978 1413//2978
f 1510//2979 1748//2979 1293//2979
f 1325//2980 1416//2980 1754//2980
f 1325//2981 1754//2981 1753//2981
f 1326//2982 1327//2982 1295//2982
f 1326//2983 1591//2983 1327//2983
f 1327//2984 1756//2984 1417//2984
f 1152//2985 1614//2985 1511//2985
f 1761//2986 1434//2986 1433//2986
f 1421//2987 1592//2987 1229//2987
f 1346//2988 1126//2988 1768//2988
f 1540//2989 1231//2989 1616//2989
f 1302//2990 1620//2990 1617//2990
f 1624//2991 1155//2991 1805//2991
f 1523//2992 1619//2992 1256//2992
f 1422//2993 1231//2993 1540//2993
f 1454//2994 1539//2994 1594//2994
f 1627//2995 1349//2995 1351//2995
f 1456//2996 1164//2996 1626//2996
f 1628//2997 1523//2997 1354//2997
f 1355//2998 1350//2998 1629//2998
f 1631//2999 1159//2999 1352//2999
f 1631//3000 1352//3000 1625//3000
f 1631//3001 1166//3001 1159//3001
f 1161//3002 1353//3002 1634//3002
f 1634//3003 1633//3003 1161//3003
f 1626//3004 1437//3004 1456//3004
f 1437//3005 1637//3005 1162//3005
f 1637//3006 1636//3006 1162//3006
f 1627//3007 1351//3007 1481//3007
f 1639//3008 1628//3008 1358//3008
f 1481//3009 1638//3009 1627//3009
f 1356//3010 1480//3010 1641//3010
f 1640//3011 1359//3011 1170//3011
f 1481//3012 1259//3012 1638//3012
f 1638//3013 1259//3013 1642//3013
f 1481//3014 1642//3014 1259//3014
f 1639//3015 1358//3015 1171//3015
f 1643//3016 1356//3016 1641//3016
f 1800//3017 1639//3017 1644//3017
f 1260//3018 1646//3018 1261//3018
f 1260//3019 1643//3019 1646//3019
f 1261//3020 1646//3020 1647//3020
f 1648//3021 1362//3021 1524//3021
f 1457//3022 1233//3022 1649//3022
f 1649//3023 1233//3023 1651//3023
f 1644//3024 1304//3024 1650//3024
f 1650//3025 1304//3025 1438//3025
f 1650//3026 1438//3026 1234//3026
f 1525//3027 1544//3027 1469//3027
f 1233//3028 1263//3028 1651//3028
f 1546//3029 1544//3029 1654//3029
f 1653//3030 1263//3030 1363//3030
f 1653//3031 1595//3031 1547//3031
f 1526//3032 1458//3032 1657//3032
f 1656//3033 1547//3033 1264//3033
f 1657//3034 1458//3034 1265//3034
f 1662//3035 1266//3035 1661//3035
f 1266//3036 1597//3036 1661//3036
f 1515//3037 1483//3037 1667//3037
f 1267//3038 1664//3038 1367//3038
f 1551//3039 1181//3039 1485//3039
f 1268//3040 1471//3040 1597//3040
f 1597//3041 1471//3041 1670//3041
f 1486//3042 1669//3042 1671//3042
f 1471//3043 1552//3043 1670//3043
f 1674//3044 1527//3044 1671//3044
f 1239//3045 1671//3045 1527//3045
f 1672//3046 1675//3046 1190//3046
f 1186//3047 1672//3047 1190//3047
f 1527//3048 1674//3048 1189//3048
f 1772//3049 1272//3049 1599//3049
f 1599//3050 1490//3050 1678//3050
f 1375//3051 1189//3051 1679//3051
f 1240//3052 1678//3052 1490//3052
f 1240//3053 1557//3053 1678//3053
f 1600//3054 1273//3054 1378//3054
f 1489//3055 1556//3055 1559//3055
f 1193//3056 1375//3056 1685//3056
f 1378//3057 1194//3057 1600//3057
f 1442//3058 1560//3058 1682//3058
f 1688//3059 1241//3059 1384//3059
f 1688//3060 1683//3060 1241//3060
f 1684//3061 1194//3061 1195//3061
f 1691//3062 1195//3062 1562//3062
f 1692//3063 1563//3063 1561//3063
f 1691//3064 1562//3064 1425//3064
f 1201//3065 1695//3065 1425//3065
f 1565//3066 1393//3066 1696//3066
f 1567//3067 1696//3067 1393//3067
f 1698//3068 1313//3068 1694//3068
f 1492//3069 1563//3069 1566//3069
f 1196//3070 1564//3070 1391//3070
f 1697//3071 1695//3071 1201//3071
f 1313//3072 1311//3072 1694//3072
f 1699//3073 1567//3073 1396//3073
f 1602//3074 1699//3074 1396//3074
f 1391//3075 1700//3075 1701//3075
f 1698//3076 1703//3076 1313//3076
f 1697//3077 1201//3077 1569//3077
f 1704//3078 1204//3078 1703//3078
f 1531//3079 1602//3079 1396//3079
f 1204//3080 1704//3080 1395//3080
f 1495//3081 1531//3081 1396//3081
f 1780//3082 1603//3082 1606//3082
f 1475//3083 1706//3083 1426//3083
f 1445//3084 1705//3084 1531//3084
f 1494//3085 1701//3085 1570//3085
f 1783//3086 1205//3086 1532//3086
f 1141//3087 1570//3087 1609//3087
f 1397//3088 1141//3088 1609//3088
f 1707//3089 1532//3089 1283//3089
f 1787//3090 1427//3090 1286//3090
f 1397//3091 1609//3091 1784//3091
f 1497//3092 1397//3092 1610//3092
f 1709//3093 1286//3093 1577//3093
f 1573//3094 1497//3094 1610//3094
f 1576//3095 1446//3095 1711//3095
f 1317//3096 1711//3096 1446//3096
f 1712//3097 1320//3097 1611//3097
f 1498//3098 1287//3098 1710//3098
f 1575//3099 1579//3099 1428//3099
f 1520//3100 1428//3100 1579//3100
f 1710//3101 1287//3101 1477//3101
f 1477//3102 1713//3102 1710//3102
f 1717//3103 1322//3103 1579//3103
f 1447//3104 1714//3104 1580//3104
f 1477//3105 1500//3105 1715//3105
f 1578//3106 1321//3106 1613//3106
f 1429//3107 1322//3107 1718//3107
f 1719//3108 1715//3108 1500//3108
f 1500//3109 1521//3109 1719//3109
f 1721//3110 1613//3110 1405//3110
f 1581//3111 1720//3111 1501//3111
f 1722//3112 1479//3112 1429//3112
f 1502//3113 1582//3113 1521//3113
f 1583//3114 1726//3114 1404//3114
f 1403//3115 1728//3115 1215//3115
f 1727//3116 1403//3116 1504//3116
f 1215//3117 1728//3117 1448//3117
f 1585//3118 1414//3118 1411//3118
f 1584//3119 1585//3119 1411//3119
f 1583//3120 1503//3120 1726//3120
f 1732//3121 1726//3121 1503//3121
f 1505//3122 1732//3122 1503//3122
f 1507//3123 1734//3123 1587//3123
f 1448//3124 1733//3124 1408//3124
f 1506//3125 1732//3125 1505//3125
f 1468//3126 1738//3126 1506//3126
f 1736//3127 1467//3127 1588//3127
f 1509//3128 1742//3128 1412//3128
f 1589//3129 1743//3129 1735//3129
f 1586//3130 1589//3130 1735//3130
f 1588//3131 1467//3131 1741//3131
f 1741//3132 1467//3132 1449//3132
f 1742//3133 1745//3133 1412//3133
f 1738//3134 1468//3134 1744//3134
f 1736//3135 1509//3135 1467//3135
f 1746//3136 1744//3136 1468//3136
f 1747//3137 1507//3137 1587//3137
f 1507//3138 1747//3138 1415//3138
f 1743//3139 1589//3139 1522//3139
f 1340//3140 1412//3140 1508//3140
f 1510//3141 1415//3141 1748//3141
f 1743//3142 1253//3142 1590//3142
f 1522//3143 1253//3143 1743//3143
f 1749//3144 1254//3144 1293//3144
f 1749//3145 1750//3145 1254//3145
f 1752//3146 1430//3146 1254//3146
f 1431//3147 1430//3147 1752//3147
f 1431//3148 1533//3148 1326//3148
f 1755//3149 1416//3149 1298//3149
f 1755//3150 1754//3150 1416//3150
f 1757//3151 1758//3151 1418//3151
f 1417//3152 1757//3152 1418//3152
f 1432//3153 1418//3153 1798//3153
f 1226//3154 1432//3154 1759//3154
f 1760//3155 1512//3155 1226//3155
f 1534//3156 1511//3156 1614//3156
f 1512//3157 1760//3157 1433//3157
f 1614//3158 1152//3158 1592//3158
f 1763//3159 1228//3159 1764//3159
f 1228//3160 1763//3160 1329//3160
f 1421//3161 1329//3161 1763//3161
f 1765//3162 1764//3162 1228//3162
f 1228//3163 1451//3163 1765//3163
f 1766//3164 1767//3164 1513//3164
f 1435//3165 1765//3165 1451//3165
f 1767//3166 1452//3166 1513//3166
f 1593//3167 1452//3167 1767//3167
f 1593//3168 1436//3168 1452//3168
f 1535//3169 1156//3169 1615//3169
f 1615//3170 1156//3170 1536//3170
f 1615//3171 1536//3171 1256//3171
f 1621//3172 1330//3172 1768//3172
f 1620//3173 1302//3173 1538//3173
f 1805//3174 1155//3174 1349//3174
f 1805//3175 1349//3175 1622//3175
f 1330//3176 1623//3176 1331//3176
f 1523//3177 1256//3177 1455//3177
f 1540//3178 1541//3178 1422//3178
f 1542//3179 1538//3179 1453//3179
f 1625//3180 1348//3180 1624//3180
f 1626//3181 1164//3181 1594//3181
f 1166//3182 1630//3182 1542//3182
f 1629//3183 1350//3183 1541//3183
f 1625//3184 1352//3184 1348//3184
f 1630//3185 1166//3185 1631//3185
f 1161//3186 1633//3186 1423//3186
f 1634//3187 1353//3187 1635//3187
f 1632//3188 1423//3188 1633//3188
f 1635//3189 1160//3189 1162//3189
f 1437//3190 1626//3190 1637//3190
f 1423//3191 1632//3191 1480//3191
f 1632//3192 1641//3192 1480//3192
f 1639//3193 1171//3193 1644//3193
f 1360//3194 1640//3194 1524//3194
f 1259//3195 1457//3195 1645//3195
f 1645//3196 1642//3196 1259//3196
f 1643//3197 1260//3197 1356//3197
f 1525//3198 1543//3198 1544//3198
f 1544//3199 1543//3199 1801//3199
f 1305//3200 1362//3200 1648//3200
f 1770//3201 1305//3201 1648//3201
f 1654//3202 1544//3202 1801//3202
f 1652//3203 1234//3203 1545//3203
f 1526//3204 1545//3204 1178//3204
f 1653//3205 1363//3205 1595//3205
f 1655//3206 1130//3206 1332//3206
f 1596//3207 1482//3207 1546//3207
f 1655//3208 1771//3208 1130//3208
f 1526//3209 1131//3209 1458//3209
f 1130//3210 1660//3210 1267//3210
f 1264//3211 1180//3211 1658//3211
f 1366//3212 1266//3212 1663//3212
f 1266//3213 1662//3213 1663//3213
f 1266//3214 1484//3214 1597//3214
f 1666//3215 1658//3215 1180//3215
f 1485//3216 1665//3216 1551//3216
f 1659//3217 1368//3217 1598//3217
f 1180//3218 1184//3218 1666//3218
f 1550//3219 1515//3219 1667//3219
f 1668//3220 1371//3220 1372//3220
f 1772//3221 1598//3221 1470//3221
f 1239//3222 1486//3222 1671//3222
f 1772//3223 1470//3223 1270//3223
f 1487//3224 1550//3224 1553//3224
f 1471//3225 1488//3225 1670//3225
f 1372//3226 1374//3226 1673//3226
f 1550//3227 1773//3227 1553//3227
f 1670//3228 1488//3228 1554//3228
f 1272//3229 1772//3229 1270//3229
f 1675//3230 1555//3230 1190//3230
f 1189//3231 1674//3231 1677//3231
f 1189//3232 1677//3232 1679//3232
f 1374//3233 1273//3233 1676//3233
f 1190//3234 1681//3234 1138//3234
f 1600//3235 1680//3235 1273//3235
f 1138//3236 1681//3236 1377//3236
f 1774//3237 1559//3237 1556//3237
f 1528//3238 1442//3238 1682//3238
f 1684//3239 1600//3239 1194//3239
f 1377//3240 1681//3240 1558//3240
f 1686//3241 1193//3241 1685//3241
f 1561//3242 1559//3242 1774//3242
f 1386//3243 1776//3243 1560//3243
f 1689//3244 1684//3244 1195//3244
f 1687//3245 1382//3245 1193//3245
f 1491//3246 1274//3246 1775//3246
f 1242//3247 1491//3247 1775//3247
f 1688//3248 1384//3248 1601//3248
f 1386//3249 1389//3249 1690//3249
f 1601//3250 1384//3250 1387//3250
f 1493//3251 1382//3251 1693//3251
f 1311//3252 1242//3252 1694//3252
f 1564//3253 1493//3253 1693//3253
f 1696//3254 1389//3254 1565//3254
f 1693//3255 1564//3255 1196//3255
f 1391//3256 1693//3256 1777//3256
f 1391//3257 1564//3257 1693//3257
f 1699//3258 1567//3258 1393//3258
f 1392//3259 1394//3259 1530//3259
f 1465//3260 1566//3260 1778//3260
f 1568//3261 1465//3261 1778//3261
f 1602//3262 1531//3262 1699//3262
f 1394//3263 1395//3263 1702//3263
f 1779//3264 1395//3264 1704//3264
f 1204//3265 1280//3265 1703//3265
f 1803//3266 1569//3266 1205//3266
f 1571//3267 1426//3267 1706//3267
f 1476//3268 1705//3268 1445//3268
f 1781//3269 1783//3269 1707//3269
f 1782//3270 1606//3270 1607//3270
f 1607//3271 1786//3271 1782//3271
f 1785//3272 1705//3272 1476//3272
f 1707//3273 1783//3273 1532//3273
f 1785//3274 1476//3274 1427//3274
f 1570//3275 1784//3275 1609//3275
f 1608//3276 1789//3276 1607//3276
f 1788//3277 1707//3277 1572//3277
f 1607//3278 1791//3278 1786//3278
f 1804//3279 1787//3279 1286//3279
f 1707//3280 1283//3280 1572//3280
f 1398//3281 1314//3281 1708//3281
f 1804//3282 1286//3282 1709//3282
f 1398//3283 1708//3283 1611//3283
f 1711//3284 1317//3284 1574//3284
f 1320//3285 1712//3285 1793//3285
f 1320//3286 1793//3286 1338//3286
f 1713//3287 1477//3287 1715//3287
f 1580//3288 1447//3288 1581//3288
f 1580//3289 1581//3289 1794//3289
f 1722//3290 1429//3290 1718//3290
f 1479//3291 1722//3291 1723//3291
f 1291//3292 1720//3292 1724//3292
f 1291//3293 1501//3293 1720//3293
f 1582//3294 1404//3294 1583//3294
f 1291//3295 1724//3295 1406//3295
f 1504//3296 1479//3296 1723//3296
f 1728//3297 1403//3297 1727//3297
f 1727//3298 1504//3298 1723//3298
f 1729//3299 1584//3299 1292//3299
f 1410//3300 1721//3300 1405//3300
f 1725//3301 1730//3301 1406//3301
f 1721//3302 1410//3302 1586//3302
f 1292//3303 1339//3303 1729//3303
f 1507//3304 1414//3304 1734//3304
f 1449//3305 1733//3305 1737//3305
f 1449//3306 1408//3306 1733//3306
f 1734//3307 1740//3307 1587//3307
f 1506//3308 1738//3308 1739//3308
f 1732//3309 1506//3309 1739//3309
f 1741//3310 1736//3310 1588//3310
f 1737//3311 1736//3311 1741//3311
f 1449//3312 1737//3312 1741//3312
f 1746//3313 1508//3313 1796//3313
f 1746//3314 1340//3314 1508//3314
f 1745//3315 1508//3315 1412//3315
f 1415//3316 1747//3316 1748//3316
f 1293//3317 1748//3317 1749//3317
f 1590//3318 1325//3318 1751//3318
f 1750//3319 1752//3319 1254//3319
f 1533//3320 1812//3320 1591//3320
f 1327//3321 1591//3321 1756//3321
f 1755//3322 1298//3322 1344//3322
f 1757//3323 1417//3323 1756//3323
f 1759//3324 1432//3324 1798//3324
f 1755//3325 1344//3325 1534//3325
f 1226//3326 1759//3326 1760//3326
f 1534//3327 1592//3327 1762//3327
f 1761//3328 1433//3328 1760//3328
f 1534//3329 1614//3329 1592//3329
f 1421//3330 1762//3330 1592//3330
f 1421//3331 1763//3331 1762//3331
f 1513//3332 1434//3332 1761//3332
f 1765//3333 1435//3333 1593//3333
f 1616//3334 1537//3334 1617//3334
f 1768//3335 1126//3335 1618//3335
f 1618//3336 1345//3336 1535//3336
f 1618//3337 1126//3337 1345//3337
f 1256//3338 1619//3338 1615//3338
f 1330//3339 1346//3339 1768//3339
f 1623//3340 1330//3340 1621//3340
f 1623//3341 1539//3341 1331//3341
f 1769//3342 1622//3342 1349//3342
f 1626//3343 1594//3343 1799//3343
f 1622//3344 1349//3344 1627//3344
f 1631//3345 1542//3345 1630//3345
f 1353//3346 1160//3346 1635//3346
f 1632//3347 1633//3347 1641//3347
f 1360//3348 1359//3348 1640//3348
f 1457//3349 1649//3349 1645//3349
f 1652//3350 1650//3350 1234//3350
f 1332//3351 1305//3351 1770//3351
f 1655//3352 1332//3352 1770//3352
f 1237//3353 1549//3353 1665//3353
f 1667//3354 1483//3354 1548//3354
f 1470//3355 1598//3355 1368//3355
f 1666//3356 1184//3356 1668//3356
f 1673//3357 1668//3357 1372//3357
f 1555//3358 1681//3358 1190//3358
f 1516//3359 1553//3359 1556//3359
f 1375//3360 1679//3360 1685//3360
f 1240//3361 1683//3361 1557//3361
f 1193//3362 1686//3362 1687//3362
f 1274//3363 1558//3363 1775//3363
f 1690//3364 1389//3364 1565//3364
f 1425//3365 1695//3365 1691//3365
f 1777//3366 1700//3366 1391//3366
f 1394//3367 1702//3367 1530//3367
f 1701//3368 1700//3368 1777//3368
f 1702//3369 1395//3369 1779//3369
f 1802//3370 1603//3370 1780//3370
f 1569//3371 1202//3371 1205//3371
f 1803//3372 1205//3372 1781//3372
f 1205//3373 1783//3373 1781//3373
f 1785//3374 1787//3374 1427//3374
f 1785//3375 1787//3375 1804//3375
f 1397//3376 1784//3376 1610//3376
f 1790//3377 1607//3377 1789//3377
f 1791//3378 1607//3378 1790//3378
f 1399//3379 1338//3379 1793//3379
f 1612//3380 1792//3380 1574//3380
f 1716//3381 1399//3381 1793//3381
f 1612//3382 1399//3382 1716//3382
f 1717//3383 1718//3383 1322//3383
f 1580//3384 1714//3384 1794//3384
f 1725//3385 1406//3385 1724//3385
f 1448//3386 1728//3386 1731//3386
f 1734//3387 1414//3387 1585//3387
f 1448//3388 1731//3388 1733//3388
f 1509//3389 1795//3389 1742//3389
f 1795//3390 1509//3390 1736//3390
f 1751//3391 1325//3391 1753//3391
f 1533//3392 1431//3392 1752//3392
f 1591//3393 1326//3393 1533//3393
f 1418//3394 1758//3394 1798//3394
f 1628//3395 1806//3395 1523//3395
f 1807//3396 1542//3396 1631//3396
f 1640//3397 1170//3397 1629//3397
f 1173//3398 1647//3398 1543//3398
f 1265//3399 1368//3399 1659//3399
f 1549//3400 1366//3400 1663//3400
f 1831//3401 1659//3401 1598//3401
f 1184//3402 1371//3402 1668//3402
f 1269//3403 1367//3403 1664//3403
f 1551//3404 1671//3404 1486//3404
f 1689//3405 1195//3405 1691//3405
f 1567//3406 1699//3406 1696//3406
f 1814//3407 1603//3407 1802//3407
f 1814//3408 1803//3408 1603//3408
f 1701//3409 1777//3409 1810//3409
f 1809//3410 1802//3410 1780//3410
f 1604//3411 1603//3411 1781//3411
f 1708//3412 1314//3412 1496//3412
f 1788//3413 1572//3413 1710//3413
f 1612//3414 1519//3414 1399//3414
f 1794//3415 1720//3415 1581//3415
f 1719//3416 1521//3416 1582//3416
f 1746//3417 1796//3417 1811//3417
f 1744//3418 1746//3418 1738//3418
f 1752//3419 1749//3419 1748//3419
f 1755//3420 1534//3420 1813//3420
f 1769//3421 1622//3421 1627//3421
f 1808//3422 1628//3422 1639//3422
f 1543//3423 1647//3423 1801//3423
f 1644//3424 1650//3424 1825//3424
f 1647//3425 1646//3425 1801//3425
f 1664//3426 1267//3426 1660//3426
f 1672//3427 1269//3427 1664//3427
f 1554//3428 1517//3428 1528//3428
f 1528//3429 1682//3429 1560//3429
f 1694//3430 1242//3430 1775//3430
f 1697//3431 1569//3431 1803//3431
f 1781//3432 1603//3432 1803//3432
f 1780//3433 1606//3433 1782//3433
f 1608//3434 1604//3434 1707//3434
f 1574//3435 1792//3435 1711//3435
f 1728//3436 1733//3436 1731//3436
f 1729//3437 1339//3437 1730//3437
f 1855//3438 1729//3438 1730//3438
f 1745//3439 1796//3439 1508//3439
f 1811//3440 1738//3440 1746//3440
f 1815//3441 1747//3441 1587//3441
f 1752//3442 1750//3442 1749//3442
f 1762//3443 1763//3443 1534//3443
f 1816//3444 1769//3444 1627//3444
f 1638//3445 1642//3445 1645//3445
f 1660//3446 1130//3446 1771//3446
f 1656//3447 1264//3447 1658//3447
f 1679//3448 1677//3448 1674//3448
f 1556//3449 1553//3449 1773//3449
f 1561//3450 1774//3450 1838//3450
f 1697//3451 1803//3451 1814//3451
f 1843//3452 1780//3452 1782//3452
f 1604//3453 1781//3453 1707//3453
f 1707//3454 1789//3454 1608//3454
f 1788//3455 1789//3455 1707//3455
f 1790//3456 1819//3456 1791//3456
f 1819//3457 1789//3457 1790//3457
f 1900//3458 1735//3458 1743//3458
f 1747//3459 1815//3459 1748//3459
f 1758//3460 1757//3460 1861//3460
f 1759//3461 1798//3461 1758//3461
f 1862//3462 1767//3462 1766//3462
f 1821//3463 1620//3463 1538//3463
f 1625//3464 1822//3464 1631//3464
f 1823//3465 1633//3465 1634//3465
f 1641//3466 1633//3466 1823//3466
f 1646//3467 1643//3467 1641//3467
f 1646//3468 1641//3468 1823//3468
f 1638//3469 1645//3469 1824//3469
f 2067//3470 1649//3470 1651//3470
f 1770//3471 1648//3471 1826//3471
f 1653//3472 1547//3472 1827//3472
f 1596//3473 1546//3473 1829//3473
f 1549//3474 1663//3474 1832//3474
f 1663//3475 1662//3475 1661//3475
f 1832//3476 1663//3476 1661//3476
f 1551//3477 1669//3477 1671//3477
f 1674//3478 1671//3478 1669//3478
f 1773//3479 1836//3479 1556//3479
f 1866//3480 1556//3480 1836//3480
f 1682//3481 1560//3481 1837//3481
f 1691//3482 1867//3482 1689//3482
f 1687//3483 1686//3483 1839//3483
f 1561//3484 1838//3484 1692//3484
f 1694//3485 1775//3485 1817//3485
f 1690//3486 1565//3486 1696//3486
f 1840//3487 1565//3487 1696//3487
f 1563//3488 1692//3488 1566//3488
f 1818//3489 1802//3489 1809//3489
f 1818//3490 1809//3490 1869//3490
f 1814//3491 1842//3491 1695//3491
f 1814//3492 1695//3492 1697//3492
f 1844//3493 1782//3493 1786//3493
f 1577//3494 1804//3494 1709//3494
f 1789//3495 1846//3495 1790//3495
f 1846//3496 1819//3496 1790//3496
f 1848//3497 1579//3497 1575//3497
f 1848//3498 1717//3498 1579//3498
f 1849//3499 1722//3499 1718//3499
f 1722//3500 1727//3500 1723//3500
f 1727//3501 1722//3501 1850//3501
f 1850//3502 1728//3502 1727//3502
f 1728//3503 1851//3503 1733//3503
f 1737//3504 1733//3504 1851//3504
f 1726//3505 1732//3505 1583//3505
f 1740//3506 1734//3506 1854//3506
f 1796//3507 1745//3507 1742//3507
f 1755//3508 1860//3508 1754//3508
f 1754//3509 1860//3509 1859//3509
f 1758//3510 1820//3510 1759//3510
f 1534//3511 1763//3511 1813//3511
f 1765//3512 1862//3512 1764//3512
f 1765//3513 1593//3513 1767//3513
f 1862//3514 1765//3514 1767//3514
f 1536//3515 1535//3515 1615//3515
f 1821//3516 1538//3516 1542//3516
f 1622//3517 1769//3517 1949//3517
f 2123//3518 1624//3518 2166//3518
f 1637//3519 1626//3519 1863//3519
f 1626//3520 1799//3520 1863//3520
f 1629//3521 1541//3521 1876//3521
f 1634//3522 1635//3522 1823//3522
f 1828//3523 1829//3523 1546//3523
f 1656//3524 1658//3524 1881//3524
f 1830//3525 1596//3525 1829//3525
f 1830//3526 1548//3526 1596//3526
f 1667//3527 1548//3527 1830//3527
f 1665//3528 1549//3528 1832//3528
f 1667//3529 1830//3529 1833//3529
f 1833//3530 1550//3530 1667//3530
f 1597//3531 1670//3531 1661//3531
f 1772//3532 1906//3532 1598//3532
f 1834//3533 1673//3533 1676//3533
f 1835//3534 1554//3534 1528//3534
f 1837//3535 1528//3535 1682//3535
f 1774//3536 1556//3536 1866//3536
f 1686//3537 1685//3537 1839//3537
f 1560//3538 1776//3538 1690//3538
f 1690//3539 1565//3539 1840//3539
f 1693//3540 1687//3540 1868//3540
f 1814//3541 1802//3541 1818//3541
f 1818//3542 1842//3542 1814//3542
f 1566//3543 1692//3543 1870//3543
f 1696//3544 1699//3544 1841//3544
f 1779//3545 1530//3545 1702//3545
f 1786//3546 1791//3546 1844//3546
f 1844//3547 1791//3547 1871//3547
f 1708//3548 1496//3548 1845//3548
f 1846//3549 1789//3549 1788//3549
f 1573//3550 1610//3550 1575//3550
f 1819//3551 1872//3551 1791//3551
f 1576//3552 1711//3552 1893//3552
f 1873//3553 1576//3553 1847//3553
f 1712//3554 1611//3554 1793//3554
f 1717//3555 1849//3555 1718//3555
f 1732//3556 1739//3556 1852//3556
f 1853//3557 1732//3557 1852//3557
f 1853//3558 1852//3558 1896//3558
f 1732//3559 1853//3559 1583//3559
f 1855//3560 1730//3560 1856//3560
f 1815//3561 1587//3561 1858//3561
f 1587//3562 1740//3562 1858//3562
f 1753//3563 1590//3563 1751//3563
f 1540//3564 1616//3564 1874//3564
f 1620//3565 1821//3565 1617//3565
f 1822//3566 1807//3566 1631//3566
f 1807//3567 1822//3567 1625//3567
f 1904//3568 1769//3568 1816//3568
f 1629//3569 1877//3569 1640//3569
f 1833//3570 1830//3570 1882//3570
f 1672//3571 1664//3571 1865//3571
f 1678//3572 1772//3572 1599//3572
f 1680//3573 1600//3573 1676//3573
f 1867//3574 1684//3574 1689//3574
f 1687//3575 1839//3575 1868//3575
f 1695//3576 1887//3576 1691//3576
f 1693//3577 1868//3577 1777//3577
f 1566//3578 1889//3578 1778//3578
f 1609//3579 1784//3579 1610//3579
f 1871//3580 1791//3580 1892//3580
f 1872//3581 1892//3581 1791//3581
f 1580//3582 1711//3582 1792//3582
f 1714//3583 1576//3583 1873//3583
f 1580//3584 1792//3584 1918//3584
f 1895//3585 1583//3585 1896//3585
f 1853//3586 1896//3586 1583//3586
f 1920//3587 1852//3587 1738//3587
f 1739//3588 1738//3588 1852//3588
f 1584//3589 1729//3589 1898//3589
f 1740//3590 1854//3590 1899//3590
f 1740//3591 1899//3591 1857//3591
f 1812//3592 1533//3592 1797//3592
f 1820//3593 1758//3593 1861//3593
f 1763//3594 1902//3594 1813//3594
f 2054//3595 1540//3595 1874//3595
f 1623//3596 1621//3596 2061//3596
f 1805//3597 1622//3597 2064//3597
f 1903//3598 1542//3598 1807//3598
f 1816//3599 1627//3599 1905//3599
f 1627//3600 1638//3600 1905//3600
f 1650//3601 1545//3601 1652//3601
f 1659//3602 1831//3602 1967//3602
f 1550//3603 1833//3603 1883//3603
f 1670//3604 1884//3604 1661//3604
f 1669//3605 1975//3605 1671//3605
f 1884//3606 1670//3606 1554//3606
f 1679//3607 1982//3607 1985//3607
f 1600//3608 1684//3608 1885//3608
f 1886//3609 1690//3609 1840//3609
f 1818//3610 1869//3610 1909//3610
f 1869//3611 1809//3611 1909//3611
f 1782//3612 1844//3612 1911//3612
f 1912//3613 1575//3613 1610//3613
f 1710//3614 1913//3614 1788//3614
f 1788//3615 1914//3615 1846//3615
f 1848//3616 1575//3616 1932//3616
f 1819//3617 1915//3617 1933//3617
f 1917//3618 1873//3618 1847//3618
f 1934//3619 1716//3619 1793//3619
f 1719//3620 1521//3620 1919//3620
f 1728//3621 1850//3621 2026//3621
f 1740//3622 1857//3622 1858//3622
f 1942//3623 1755//3623 1813//3623
f 1942//3624 1813//3624 1902//3624
f 1766//3625 1922//3625 1862//3625
f 2120//3626 1821//3626 1944//3626
f 2118//3627 1619//3627 2062//3627
f 1944//3628 1821//3628 1542//3628
f 1955//3629 1877//3629 1629//3629
f 1923//3630 1823//3630 1635//3630
f 1864//3631 1655//3631 1770//3631
f 1546//3632 1654//3632 1880//3632
f 1668//3633 1974//3633 1666//3633
f 1884//3634 1554//3634 1835//3634
f 1925//3635 1528//3635 1837//3635
f 1866//3636 1836//3636 1986//3636
f 1987//3637 1837//3637 1560//3637
f 1886//3638 1560//3638 1690//3638
f 2085//3639 1683//3639 1688//3639
f 1696//3640 1994//3640 1840//3640
f 1927//3641 1818//3641 1998//3641
f 1692//3642 1838//3642 1993//3642
f 1842//3643 1887//3643 1695//3643
f 1809//3644 1888//3644 1909//3644
f 1928//3645 1777//3645 1868//3645
f 2005//3646 2003//3646 1779//3646
f 2006//3647 1843//3647 2008//3647
f 1703//3648 1930//3648 1704//3648
f 1891//3649 1788//3649 1913//3649
f 1892//3650 1931//3650 1871//3650
f 1892//3651 1872//3651 1916//3651
f 1819//3652 1846//3652 1915//3652
f 1710//3653 1713//3653 2022//3653
f 2102//3654 1578//3654 1613//3654
f 1582//3655 1583//3655 1521//3655
f 1852//3656 1939//3656 1896//3656
f 1796//3657 2036//3657 1811//3657
f 1591//3658 1812//3658 2047//3658
f 1860//3659 1755//3659 1942//3659
f 1763//3660 1764//3660 1902//3660
f 2119//3661 1615//3661 1619//3661
f 2060//3662 1539//3662 1623//3662
f 1615//3663 1875//3663 1536//3663
f 1946//3664 1541//3664 1540//3664
f 1944//3665 1542//3665 1903//3665
f 1808//3666 1953//3666 1628//3666
f 1808//3667 1639//3667 1953//3667
f 1800//3668 1958//3668 1639//3668
f 1905//3669 1638//3669 1957//3669
f 1958//3670 1800//3670 1644//3670
f 1638//3671 1824//3671 2065//3671
f 1801//3672 1646//3672 1961//3672
f 1961//3673 1878//3673 1801//3673
f 1645//3674 1649//3674 1962//3674
f 1878//3675 1654//3675 1801//3675
f 1653//3676 1963//3676 2069//3676
f 1653//3677 1827//3677 1963//3677
f 1655//3678 1864//3678 2073//3678
f 1664//3679 1660//3679 1924//3679
f 1970//3680 1832//3680 1969//3680
f 1882//3681 1968//3681 1833//3681
f 1832//3682 1661//3682 1969//3682
f 1971//3683 1551//3683 1665//3683
f 1865//3684 1664//3684 1972//3684
f 1976//3685 1865//3685 1972//3685
f 1669//3686 1551//3686 1975//3686
f 1773//3687 1550//3687 1979//3687
f 1674//3688 1671//3688 1980//3688
f 1555//3689 1675//3689 2080//3689
f 1925//3690 2081//3690 1835//3690
f 2082//3691 1676//3691 1981//3691
f 1925//3692 1835//3692 1528//3692
f 1679//3693 1674//3693 1980//3693
f 1676//3694 1600//3694 1981//3694
f 1679//3695 1674//3695 1982//3695
f 2083//3696 1925//3696 1528//3696
f 1600//3697 1885//3697 1981//3697
f 1866//3698 1926//3698 1774//3698
f 1988//3699 1684//3699 1867//3699
f 1886//3700 1690//3700 1990//3700
f 1839//3701 1685//3701 1908//3701
f 1868//3702 1908//3702 1995//3702
f 1839//3703 1908//3703 1868//3703
f 1887//3704 1997//3704 1996//3704
f 1887//3705 1842//3705 1997//3705
f 1818//3706 1909//3706 1998//3706
f 1818//3707 1927//3707 1842//3707
f 2000//3708 1601//3708 1529//3708
f 1841//3709 1699//3709 1999//3709
f 1529//3710 1530//3710 2000//3710
f 1566//3711 1870//3711 2001//3711
f 1928//3712 1810//3712 1777//3712
f 2003//3713 1530//3713 1779//3713
f 1703//3714 1698//3714 2002//3714
f 2006//3715 1780//3715 1843//3715
f 2008//3716 1843//3716 1782//3716
f 1570//3717 1701//3717 2009//3717
f 1568//3718 2010//3718 1706//3718
f 1531//3719 1705//3719 2011//3719
f 1705//3720 1910//3720 2011//3720
f 2013//3721 1782//3721 1911//3721
f 1785//3722 1910//3722 1705//3722
f 1706//3723 1496//3723 1571//3723
f 1844//3724 1871//3724 2014//3724
f 1845//3725 1496//3725 1890//3725
f 1609//3726 2016//3726 1610//3726
f 2017//3727 1785//3727 1804//3727
f 2018//3728 1912//3728 1610//3728
f 2019//3729 1871//3729 2020//3729
f 1912//3730 1932//3730 1575//3730
f 1848//3731 1932//3731 2098//3731
f 1715//3732 2022//3732 1713//3732
f 1819//3733 1933//3733 1872//3733
f 1933//3734 1916//3734 1872//3734
f 1711//3735 1580//3735 1918//3735
f 2022//3736 1715//3736 2023//3736
f 1717//3737 2024//3737 1849//3737
f 1794//3738 1714//3738 1936//3738
f 1714//3739 1873//3739 1936//3739
f 1794//3740 1936//3740 1937//3740
f 2027//3741 1919//3741 1521//3741
f 1583//3742 2027//3742 1521//3742
f 1583//3743 1895//3743 2027//3743
f 2030//3744 1895//3744 1896//3744
f 1794//3745 1937//3745 1720//3745
f 2031//3746 1720//3746 2105//3746
f 1724//3747 1720//3747 2031//3747
f 1725//3748 2033//3748 1730//3748
f 1811//3749 1920//3749 1738//3749
f 1585//3750 1584//3750 1898//3750
f 1898//3751 1729//3751 1921//3751
f 1857//3752 1899//3752 2112//3752
f 2038//3753 1921//3753 1855//3753
f 2038//3754 1855//3754 1856//3754
f 1921//3755 1729//3755 1855//3755
f 2038//3756 1856//3756 1730//3756
f 1857//3757 2040//3757 2041//3757
f 1857//3758 1940//3758 2040//3758
f 1941//3759 1857//3759 2041//3759
f 1858//3760 1941//3760 2042//3760
f 1858//3761 2042//3761 1815//3761
f 1815//3762 2042//3762 1748//3762
f 2042//3763 1752//3763 1748//3763
f 2042//3764 2043//3764 1752//3764
f 2043//3765 2044//3765 1752//3765
f 2046//3766 1797//3766 1533//3766
f 1797//3767 2046//3767 1812//3767
f 2045//3768 1859//3768 1860//3768
f 1591//3769 2047//3769 1756//3769
f 1756//3770 2047//3770 1901//3770
f 1901//3771 1757//3771 1756//3771
f 1861//3772 1757//3772 2049//3772
f 1761//3773 1760//3773 2051//3773
f 1764//3774 1942//3774 1902//3774
f 1862//3775 2053//3775 1764//3775
f 1922//3776 1766//3776 1761//3776
f 1946//3777 1540//3777 2054//3777
f 1874//3778 1616//3778 2055//3778
f 2055//3779 1616//3779 2056//3779
f 2056//3780 1617//3780 2057//3780
f 2061//3781 1621//3781 1945//3781
f 1594//3782 1539//3782 2060//3782
f 1768//3783 1945//3783 1621//3783
f 2118//3784 1875//3784 1615//3784
f 2166//3785 1805//3785 2064//3785
f 1624//3786 1805//3786 2166//3786
f 1948//3787 1950//3787 1799//3787
f 1618//3788 1535//3788 2121//3788
f 2127//3789 1625//3789 2123//3789
f 1637//3790 1863//3790 1951//3790
f 1769//3791 1904//3791 1949//3791
f 1955//3792 1629//3792 1954//3792
f 1957//3793 1904//3793 1816//3793
f 1816//3794 1905//3794 1957//3794
f 1808//3795 1639//3795 1956//3795
f 1640//3796 1877//3796 1955//3796
f 1923//3797 2130//3797 1823//3797
f 1962//3798 2065//3798 1824//3798
f 2131//3799 1644//3799 2132//3799
f 2067//3800 1651//3800 2068//3800
f 1648//3801 2133//3801 2135//3801
f 1650//3802 1652//3802 1879//3802
f 1546//3803 1880//3803 2072//3803
f 2074//3804 1545//3804 1526//3804
f 1864//3805 1770//3805 2073//3805
f 2072//3806 1828//3806 1546//3806
f 1829//3807 1828//3807 1964//3807
f 1881//3808 1547//3808 1656//3808
f 1658//3809 1666//3809 1966//3809
f 1906//3810 1967//3810 1598//3810
f 1967//3811 1831//3811 1598//3811
f 1974//3812 1966//3812 1666//3812
f 2077//3813 1661//3813 1884//3813
f 1672//3814 1865//3814 1976//3814
f 1673//3815 1834//3815 1978//3815
f 2079//3816 1834//3816 1676//3816
f 2140//3817 1979//3817 1550//3817
f 1675//3818 1672//3818 2080//3818
f 1983//3819 1678//3819 1557//3819
f 1836//3820 1979//3820 1984//3820
f 1555//3821 2080//3821 1681//3821
f 2083//3822 1925//3822 1837//3822
f 1986//3823 1836//3823 1984//3823
f 2083//3824 1987//3824 1560//3824
f 2084//3825 1679//3825 1982//3825
f 2162//3826 1560//3826 1987//3826
f 1560//3827 1990//3827 1987//3827
f 1886//3828 1990//3828 1560//3828
f 1774//3829 1926//3829 1986//3829
f 2085//3830 1991//3830 1683//3830
f 2086//3831 1775//3831 1558//3831
f 1691//3832 1988//3832 1867//3832
f 1685//3833 2084//3833 1908//3833
f 2087//3834 1775//3834 2086//3834
f 2088//3835 1927//3835 1909//3835
f 1927//3836 1996//3836 1997//3836
f 1993//3837 1838//3837 1992//3837
f 1927//3838 1997//3838 1842//3838
f 2089//3839 1688//3839 1601//3839
f 1997//3840 1842//3840 1996//3840
f 1995//3841 1928//3841 1868//3841
f 1870//3842 1692//3842 2001//3842
f 1888//3843 1809//3843 1780//3843
f 2007//3844 1699//3844 1531//3844
f 2004//3845 1810//3845 1928//3845
f 2009//3846 1701//3846 2004//3846
f 1810//3847 2004//3847 1701//3847
f 2005//3848 1779//3848 1930//3848
f 1930//3849 1779//3849 1704//3849
f 2007//3850 1531//3850 2011//3850
f 2012//3851 1570//3851 2009//3851
f 2008//3852 1782//3852 2013//3852
f 2008//3853 2013//3853 1911//3853
f 2016//3854 1570//3854 2092//3854
f 2016//3855 1784//3855 1570//3855
f 2014//3856 1911//3856 1844//3856
f 2016//3857 1609//3857 1784//3857
f 1891//3858 1913//3858 2093//3858
f 1891//3859 2093//3859 2094//3859
f 2147//3860 2014//3860 2019//3860
f 2019//3861 2014//3861 1871//3861
f 1845//3862 2095//3862 1708//3862
f 1913//3863 1710//3863 2021//3863
f 1871//3864 1931//3864 2020//3864
f 1931//3865 2096//3865 2020//3865
f 2097//3866 1847//3866 1576//3866
f 2021//3867 1710//3867 2022//3867
f 1931//3868 1892//3868 1916//3868
f 1894//3869 1577//3869 1578//3869
f 1916//3870 1872//3870 2100//3870
f 1793//3871 1611//3871 1934//3871
f 2098//3872 2153//3872 1848//3872
f 2153//3873 1717//3873 1848//3873
f 1933//3874 1915//3874 2099//3874
f 1933//3875 2099//3875 2101//3875
f 1612//3876 1716//3876 1934//3876
f 2103//3877 1715//3877 1919//3877
f 1919//3878 1715//3878 1719//3878
f 1873//3879 1917//3879 1936//3879
f 1722//3880 1849//3880 2024//3880
f 1850//3881 1722//3881 2024//3881
f 1728//3882 2026//3882 2028//3882
f 1851//3883 2155//3883 2032//3883
f 1737//3884 1851//3884 2032//3884
f 1737//3885 2034//3885 1897//3885
f 2035//3886 1734//3886 1585//3886
f 2157//3887 1586//3887 2159//3887
f 1795//3888 1736//3888 2107//3888
f 2035//3889 1854//3889 1734//3889
f 2035//3890 2037//3890 1854//3890
f 2110//3891 1585//3891 1898//3891
f 2111//3892 1898//3892 1584//3892
f 2033//3893 2158//3893 1730//3893
f 2039//3894 1857//3894 2112//3894
f 2159//3895 1735//3895 1900//3895
f 2044//3896 1533//3896 1752//3896
f 1860//3897 1942//3897 2048//3897
f 1757//3898 1901//3898 2049//3898
f 2052//3899 1761//3899 2051//3899
f 1942//3900 1764//3900 1943//3900
f 1943//3901 1764//3901 2053//3901
f 2053//3902 1761//3902 2052//3902
f 2053//3903 1922//3903 1761//3903
f 1862//3904 1922//3904 2053//3904
f 2054//3905 1874//3905 2055//3905
f 2056//3906 1616//3906 1617//3906
f 2057//3907 1617//3907 2058//3907
f 2059//3908 1617//3908 1821//3908
f 2060//3909 1623//3909 2061//3909
f 1947//3910 1768//3910 1618//3910
f 1799//3911 1594//3911 1948//3911
f 1769//3912 1949//3912 2124//3912
f 2063//3913 2126//3913 1541//3913
f 1625//3914 1624//3914 2123//3914
f 2126//3915 1876//3915 1541//3915
f 2127//3916 1807//3916 1625//3916
f 1903//3917 1807//3917 2127//3917
f 1636//3918 1637//3918 1951//3918
f 1628//3919 2125//3919 1806//3919
f 1629//3920 1876//3920 2126//3920
f 1635//3921 1636//3921 2129//3921
f 1956//3922 1953//3922 1808//3922
f 1923//3923 1635//3923 2129//3923
f 1640//3924 1955//3924 1959//3924
f 1957//3925 1638//3925 1960//3925
f 1646//3926 1823//3926 2130//3926
f 1960//3927 1638//3927 2065//3927
f 2130//3928 1961//3928 1646//3928
f 1640//3929 1959//3929 1524//3929
f 2132//3930 1644//3930 1825//3930
f 1648//3931 2066//3931 2133//3931
f 1825//3932 1650//3932 2132//3932
f 1648//3933 1524//3933 2066//3933
f 2068//3934 1651//3934 1653//3934
f 2068//3935 1653//3935 2136//3935
f 1652//3936 1545//3936 2070//3936
f 1880//3937 1654//3937 2137//3937
f 2072//3938 1880//3938 2137//3938
f 2138//3939 1963//3939 1547//3939
f 1827//3940 1547//3940 1963//3940
f 1771//3941 1655//3941 2075//3941
f 2074//3942 1526//3942 2076//3942
f 1881//3943 2138//3943 1547//3943
f 1830//3944 1964//3944 1882//3944
f 2076//3945 1659//3945 1965//3945
f 1657//3946 1659//3946 2076//3946
f 1830//3947 1829//3947 1964//3947
f 1966//3948 1881//3948 1658//3948
f 1967//3949 1965//3949 1659//3949
f 1924//3950 1972//3950 1664//3950
f 1661//3951 1969//3951 1970//3951
f 1971//3952 1973//3952 1551//3952
f 1833//3953 1968//3953 1883//3953
f 2077//3954 1969//3954 1661//3954
f 1977//3955 1906//3955 1772//3955
f 2078//3956 1883//3956 1968//3956
f 1974//3957 1668//3957 1978//3957
f 1551//3958 1973//3958 1975//3958
f 2079//3959 1978//3959 1834//3959
f 1550//3960 1883//3960 2078//3960
f 2140//3961 1550//3961 2078//3961
f 1907//3962 2079//3962 1676//3962
f 1671//3963 1975//3963 1980//3963
f 2141//3964 1772//3964 1678//3964
f 2141//3965 1977//3965 1772//3965
f 1672//3966 2139//3966 2080//3966
f 1884//3967 1835//3967 2081//3967
f 1983//3968 2141//3968 1678//3968
f 1979//3969 1773//3969 2140//3969
f 1836//3970 1773//3970 1979//3970
f 1679//3971 1980//3971 1982//3971
f 1837//3972 1987//3972 2083//3972
f 1558//3973 1681//3973 2142//3973
f 1983//3974 1557//3974 1991//3974
f 1991//3975 1557//3975 1683//3975
f 1684//3976 1885//3976 1981//3976
f 1986//3977 1926//3977 1866//3977
f 1685//3978 1679//3978 2084//3978
f 2162//3979 1987//3979 1990//3979
f 1684//3980 1988//3980 1885//3980
f 1887//3981 1988//3981 1691//3981
f 2143//3982 1990//3982 1886//3982
f 1558//3983 1989//3983 2086//3983
f 1991//3984 2085//3984 1688//3984
f 1817//3985 1775//3985 2087//3985
f 1688//3986 2089//3986 2085//3986
f 1927//3987 1998//3987 1909//3987
f 2143//3988 1840//3988 1696//3988
f 1696//3989 1994//3989 2143//3989
f 1817//3990 2087//3990 2144//3990
f 1694//3991 1817//3991 2144//3991
f 1999//3992 1994//3992 1841//3992
f 1841//3993 1994//3993 1696//3993
f 2000//3994 1530//3994 2091//3994
f 1929//3995 1699//3995 2007//3995
f 2091//3996 1530//3996 2003//3996
f 1888//3997 1780//3997 2006//3997
f 1703//3998 2002//3998 1930//3998
f 2163//3999 1778//3999 1889//3999
f 1778//4000 2010//4000 1568//4000
f 2092//4001 1570//4001 2012//4001
f 2010//4002 2173//4002 1890//4002
f 2016//4003 2148//4003 1610//4003
f 1890//4004 2149//4004 1845//4004
f 2148//4005 2018//4005 1610//4005
f 1845//4006 2149//4006 2095//4006
f 1914//4007 1788//4007 1891//4007
f 1611//4008 1708//4008 2095//4008
f 1804//4009 1577//4009 2151//4009
f 2019//4010 2020//4010 2096//4010
f 1576//4011 1893//4011 2097//4011
f 1915//4012 1846//4012 1914//4012
f 1894//4013 2151//4013 1577//4013
f 1934//4014 1611//4014 2150//4014
f 1847//4015 2152//4015 1917//4015
f 2154//4016 1917//4016 2152//4016
f 1916//4017 2100//4017 1931//4017
f 1711//4018 1918//4018 1893//4018
f 1916//4019 1933//4019 2101//4019
f 2100//4020 1916//4020 2101//4020
f 2024//4021 1717//4021 2153//4021
f 2103//4022 2023//4022 1715//4022
f 1850//4023 2024//4023 2026//4023
f 2103//4024 1919//4024 2027//4024
f 2030//4025 2027//4025 1895//4025
f 1937//4026 2029//4026 1720//4026
f 1720//4027 2029//4027 2105//4027
f 2106//4028 1613//4028 1721//4028
f 1851//4029 1728//4029 2155//4029
f 1938//4030 2033//4030 1725//4030
f 1737//4031 2032//4031 2034//4031
f 2157//4032 1721//4032 1586//4032
f 2157//4033 2106//4033 1721//4033
f 2107//4034 1736//4034 1737//4034
f 2109//4035 1795//4035 2107//4035
f 1811//4036 2036//4036 2108//4036
f 1735//4037 2159//4037 1586//4037
f 1899//4038 1854//4038 2037//4038
f 2111//4039 1898//4039 1921//4039
f 1858//4040 1857//4040 1941//4040
f 1590//4041 2113//4041 1743//4041
f 1753//4042 2114//4042 1590//4042
f 2046//4043 1533//4043 2044//4043
f 2160//4044 1754//4044 1859//4044
f 2160//4045 1859//4045 2045//4045
f 2115//4046 1812//4046 2046//4046
f 2048//4047 2045//4047 1860//4047
f 1812//4048 2115//4048 2047//4048
f 1820//4049 1861//4049 2049//4049
f 2050//4050 1760//4050 1759//4050
f 2051//4051 1760//4051 2050//4051
f 2118//4052 1615//4052 2119//4052
f 2059//4053 2058//4053 1617//4053
f 2059//4054 1821//4054 2120//4054
f 2063//4055 1541//4055 1946//4055
f 1768//4056 1947//4056 1945//4056
f 1619//4057 1523//4057 2062//4057
f 1944//4058 1903//4058 2120//4058
f 2121//4059 1947//4059 1618//4059
f 1535//4060 1536//4060 2122//4060
f 1536//4061 1875//4061 2122//4061
f 2062//4062 1523//4062 2125//4062
f 1863//4063 1799//4063 1951//4063
f 1799//4064 1950//4064 1951//4064
f 2125//4065 1523//4065 1806//4065
f 1949//4066 2128//4066 2124//4066
f 2125//4067 1628//4067 1953//4067
f 1904//4068 2128//4068 1949//4068
f 1952//4069 1636//4069 1951//4069
f 1954//4070 1629//4070 2126//4070
f 1636//4071 1952//4071 2129//4071
f 1639//4072 1958//4072 1956//4072
f 1958//4073 1644//4073 2131//4073
f 1959//4074 2066//4074 1524//4074
f 1962//4075 1824//4075 1645//4075
f 1826//4076 1648//4076 2135//4076
f 2134//4077 1654//4077 1878//4077
f 1654//4078 2134//4078 2137//4078
f 2136//4079 1653//4079 2069//4079
f 2070//4080 1545//4080 2074//4080
f 2073//4081 1770//4081 2071//4081
f 1964//4082 1828//4082 2072//4082
f 1660//4083 1771//4083 1924//4083
f 1665//4084 1832//4084 1970//4084
f 1971//4085 1665//4085 1970//4085
f 1978//4086 1668//4086 1673//4086
f 1907//4087 1676//4087 2082//4087
f 2161//4088 2081//4088 1925//4088
f 1925//4089 2083//4089 2161//4089
f 1989//4090 1558//4090 2142//4090
f 2162//4091 2083//4091 1560//4091
f 1992//4092 1838//4092 1774//4092
f 2143//4093 1886//4093 1840//4093
f 1993//4094 2090//4094 1692//4094
f 1929//4095 1999//4095 1699//4095
f 1889//4096 1566//4096 2001//4096
f 1698//4097 2145//4097 2002//4097
f 1778//4098 2163//4098 2010//4098
f 1706//4099 2010//4099 1890//4099
f 1785//4100 2015//4100 1910//4100
f 1496//4101 1706//4101 1890//4101
f 1785//4102 2017//4102 2015//4102
f 1913//4103 2021//4103 2022//4103
f 2097//4104 1847//4104 2152//4104
f 1931//4105 2100//4105 2164//4105
f 1935//4106 1918//4106 1792//4106
f 1612//4107 2025//4107 1935//4107
f 1792//4108 1612//4108 1935//4108
f 1934//4109 2025//4109 1612//4109
f 2102//4110 1613//4110 2104//4110
f 1613//4111 2106//4111 2104//4111
f 2155//4112 1728//4112 2028//4112
f 1725//4113 1724//4113 1938//4113
f 1939//4114 1852//4114 1920//4114
f 1939//4115 1920//4115 2156//4115
f 1897//4116 2107//4116 1737//4116
f 1920//4117 1811//4117 2108//4117
f 2036//4118 1796//4118 1742//4118
f 2035//4119 1585//4119 2110//4119
f 2112//4120 1899//4120 2037//4120
f 2110//4121 1898//4121 2111//4121
f 2038//4122 1730//4122 2158//4122
f 2113//4123 1900//4123 1743//4123
f 2114//4124 2113//4124 1590//4124
f 2114//4125 1753//4125 2160//4125
f 1753//4126 1754//4126 2160//4126
f 1759//4127 1820//4127 2117//4127
f 2165//4128 1942//4128 1943//4128
f 2053//4129 2165//4129 1943//4129
f 1619//4130 2118//4130 2119//4130
f 1535//4131 2122//4131 2121//4131
f 2132//4132 1650//4132 1879//4132
f 1962//4133 1649//4133 2067//4133
f 1770//4134 1826//4134 2135//4134
f 1879//4135 1652//4135 2070//4135
f 1770//4136 2135//4136 2071//4136
f 2075//4137 1655//4137 2167//4137
f 1655//4138 2073//4138 2167//4138
f 2076//4139 1526//4139 1657//4139
f 1771//4140 2075//4140 1924//4140
f 2139//4141 1672//4141 1976//4141
f 2077//4142 1884//4142 2081//4142
f 2142//4143 1681//4143 2080//4143
f 1992//4144 1774//4144 1986//4144
f 2089//4145 1601//4145 2000//4145
f 1698//4146 2144//4146 2145//4146
f 2001//4147 1692//4147 2090//4147
f 2170//4148 1928//4148 1995//4148
f 1698//4149 1694//4149 2144//4149
f 2146//4150 2008//4150 1911//4150
f 2093//4151 2171//4151 2094//4151
f 2093//4152 2172//4152 2171//4152
f 1932//4153 1912//4153 2018//4153
f 2022//4154 2179//4154 1913//4154
f 2017//4155 1804//4155 2151//4155
f 2150//4156 1611//4156 2095//4156
f 1894//4157 1578//4157 2102//4157
f 1938//4158 1724//4158 2031//4158
f 2036//4159 1742//4159 2174//4159
f 1940//4160 1857//4160 2039//4160
f 1820//4161 2049//4161 2116//4161
f 2050//4162 1759//4162 2117//4162
f 1948//4163 1594//4163 2060//4163
f 2074//4164 2076//4164 2168//4164
f 1969//4165 2077//4165 1970//4165
f 1975//4166 1973//4166 1971//4166
f 2184//4167 1975//4167 1971//4167
f 1984//4168 1979//4168 2140//4168
f 1988//4169 1981//4169 1885//4169
f 1927//4170 2088//4170 2169//4170
f 2176//4171 2000//4171 2091//4171
f 2177//4172 2009//4172 1928//4172
f 2009//4173 2004//4173 1928//4173
f 2014//4174 2147//4174 1911//4174
f 2147//4175 2178//4175 1911//4175
f 2018//4176 2148//4176 2016//4176
f 2093//4177 1913//4177 2179//4177
f 1932//4178 2018//4178 2098//4178
f 2096//4179 1931//4179 2164//4179
f 1742//4180 1795//4180 2109//4180
f 2158//4181 2038//4181 2181//4181
f 1622//4182 1949//4182 2064//4182
f 1878//4183 1961//4183 2134//4183
f 2186//4184 1977//4184 2141//4184
f 1989//4185 2142//4185 2208//4185
f 1996//4186 1927//4186 2169//4186
f 2171//4187 2190//4187 2189//4187
f 2171//4188 2172//4188 2190//4188
f 2191//4189 2019//4189 2096//4189
f 2192//4190 2096//4190 2164//4190
f 2154//4191 1936//4191 1917//4191
f 1742//4192 2109//4192 2174//4192
f 2110//4193 2180//4193 2194//4193
f 2035//4194 2110//4194 2194//4194
f 1942//4195 2165//4195 2197//4195
f 1942//4196 2197//4196 2048//4196
f 2049//4197 1901//4197 2182//4197
f 1820//4198 2116//4198 2117//4198
f 2053//4199 2052//4199 2051//4199
f 2051//4200 2165//4200 2053//4200
f 2059//4201 2120//4201 2175//4201
f 2119//4202 2118//4202 2062//4202
f 2058//4203 2059//4203 2057//4203
f 1962//4204 2067//4204 2068//4204
f 2071//4205 2135//4205 2133//4205
f 1976//4206 1972//4206 2198//4206
f 2199//4207 1970//4207 2077//4207
f 2206//4208 2139//4208 1976//4208
f 2161//4209 2077//4209 2081//4209
f 1980//4210 1975//4210 2185//4210
f 2139//4211 2206//4211 2080//4211
f 1984//4212 2140//4212 2207//4212
f 1996//4213 2169//4213 2200//4213
f 2169//4214 2088//4214 2187//4214
f 1992//4215 1986//4215 2201//4215
f 2170//4216 1995//4216 1908//4216
f 1993//4217 2001//4217 2090//4217
f 1929//4218 1994//4218 1999//4218
f 1929//4219 2188//4219 1994//4219
f 2007//4220 2188//4220 1929//4220
f 2011//4221 1910//4221 2015//4221
f 2210//4222 2093//4222 2179//4222
f 2191//4223 2147//4223 2019//4223
f 2202//4224 2191//4224 2096//4224
f 2031//4225 2105//4225 2029//4225
f 1920//4226 2108//4226 2193//4226
f 2217//4227 2040//4227 2195//4227
f 2196//4228 2040//4228 2195//4228
f 1903//4229 2183//4229 2120//4229
f 2413//4230 2166//4230 2270//4230
f 1952//4231 1951//4231 2204//4231
f 2071//4232 2167//4232 2073//4232
f 1906//4233 1965//4233 1967//4233
f 2079//4234 1974//4234 1978//4234
f 2199//4235 2077//4235 2161//4235
f 1907//4236 2082//4236 2079//4236
f 2322//4237 1983//4237 1991//4237
f 2200//4238 1988//4238 1996//4238
f 2001//4239 2220//4239 1889//4239
f 2098//4240 2018//4240 2211//4240
f 2022//4241 2023//4241 2103//4241
f 2221//4242 2022//4242 2103//4242
f 2203//4243 1893//4243 1918//4243
f 2164//4244 2100//4244 2214//4244
f 2101//4245 2099//4245 2213//4245
f 2107//4246 1897//4246 2034//4246
f 1900//4247 2157//4247 2159//4247
f 2110//4248 2111//4248 2180//4248
f 2195//4249 2217//4249 2196//4249
f 2218//4250 2113//4250 2114//4250
f 2063//4251 1946//4251 2054//4251
f 2054//4252 2055//4252 2056//4252
f 2175//4253 2059//4253 2225//4253
f 2226//4254 2124//4254 2128//4254
f 2205//4255 1879//4255 2070//4255
f 2075//4256 2229//4256 1924//4256
f 1971//4257 1970//4257 2184//4257
f 1970//4258 2199//4258 2184//4258
f 2084//4259 2219//4259 1908//4259
f 1988//4260 1887//4260 1996//4260
f 2237//4261 2170//4261 1908//4261
f 1909//4262 1888//4262 2241//4262
f 2241//4263 1888//4263 2006//4263
f 2012//4264 2009//4264 2092//4264
f 2245//4265 2093//4265 2210//4265
f 2250//4266 1914//4266 1891//4266
f 2152//4267 2222//4267 2154//4267
f 2024//4268 2153//4268 2098//4268
f 1894//4269 2102//4269 2212//4269
f 2101//4270 2214//4270 2100//4270
f 2258//4271 2103//4271 2027//4271
f 2262//4272 2106//4272 2157//4272
f 1920//4273 2193//4273 2156//4273
f 2195//4274 2040//4274 1940//4274
f 2223//4275 1900//4275 2113//4275
f 2042//4276 1941//4276 2216//4276
f 2293//4277 2062//4277 2412//4277
f 2059//4278 2120//4278 2225//4278
f 2224//4279 2183//4279 1903//4279
f 2057//4280 2059//4280 2175//4280
f 1945//4281 1947//4281 2271//4281
f 2129//4282 2130//4282 1923//4282
f 1904//4283 1957//4283 2227//4283
f 2128//4284 1904//4284 2227//4284
f 1960//4285 2228//4285 1957//4285
f 1977//4286 2230//4286 1906//4286
f 2206//4287 1976//4287 2232//4287
f 2084//4288 2234//4288 2277//4288
f 1908//4289 2280//4289 2237//4289
f 2143//4290 1994//4290 2238//4290
f 2189//4291 2190//4291 2209//4291
f 2242//4292 1930//4292 2002//4292
f 1911//4293 2243//4293 2146//4293
f 2251//4294 2191//4294 2202//4294
f 1915//4295 1914//4295 2250//4295
f 2098//4296 2211//4296 2249//4296
f 2097//4297 2252//4297 2152//4297
f 2152//4298 2253//4298 2222//4298
f 1915//4299 2254//4299 2099//4299
f 2022//4300 2221//4300 2493//4300
f 2497//4301 2203//4301 1918//4301
f 2222//4302 2256//4302 2154//4302
f 1918//4303 1935//4303 2255//4303
f 2368//4304 1936//4304 2154//4304
f 2261//4305 1896//4305 1939//4305
f 2107//4306 2034//4306 2215//4306
f 2035//4307 2194//4307 2264//4307
f 2180//4308 2264//4308 2194//4308
f 2157//4309 1900//4309 2265//4309
f 2223//4310 2265//4310 1900//4310
f 2266//4311 2040//4311 2196//4311
f 2041//4312 2040//4312 2267//4312
f 2268//4313 2113//4313 2218//4313
f 2292//4314 2044//4314 2043//4314
f 2046//4315 2044//4315 2292//4315
f 2115//4316 2269//4316 2047//4316
f 2051//4317 2197//4317 2165//4317
f 2405//4318 2183//4318 2224//4318
f 1949//4319 2270//4319 2064//4319
f 2225//4320 2057//4320 2175//4320
f 2270//4321 2166//4321 2064//4321
f 2297//4322 2056//4322 2057//4322
f 2416//4323 2122//4323 2407//4323
f 2204//4324 1951//4324 2414//4324
f 2302//4325 1954//4325 2126//4325
f 1956//4326 1958//4326 2306//4326
f 2425//4327 2131//4327 2132//4327
f 2069//4328 1963//4328 2437//4328
f 1966//4329 1974//4329 2272//4329
f 2198//4330 2231//4330 1976//4330
f 2078//4331 1968//4331 2315//4331
f 2273//4332 2184//4332 2199//4332
f 2316//4333 2186//4333 2141//4333
f 2083//4334 2317//4334 2161//4334
f 1984//4335 2207//4335 2235//4335
f 2084//4336 1982//4336 2234//4336
f 1989//4337 2208//4337 2276//4337
f 2321//4338 2169//4338 2187//4338
f 1986//4339 1984//4339 2320//4339
f 2277//4340 2219//4340 2084//4340
f 2326//4341 2200//4341 2325//4341
f 2465//4342 1991//4342 2282//4342
f 2143//4343 2279//4343 1990//4343
f 2238//4344 2331//4344 2143//4344
f 1993//4345 1992//4345 2467//4345
f 2238//4346 1994//4346 2188//4346
f 2246//4347 2178//4347 2147//4347
f 2173//4348 2349//4348 1890//4348
f 2284//4349 2178//4349 2246//4349
f 2191//4350 2246//4350 2147//4350
f 2018//4351 2249//4351 2211//4351
f 2151//4352 1894//4352 2212//4352
f 2259//4353 2372//4353 2027//4353
f 2286//4354 1938//4354 2031//4354
f 2174//4355 2263//4355 2036//4355
f 2382//4356 2262//4356 2157//4356
f 2516//4357 2038//4357 2386//4357
f 2287//4358 2265//4358 2288//4358
f 2288//4359 2265//4359 2289//4359
f 2289//4360 2265//4360 2290//4360
f 2288//4361 2289//4361 2290//4361
f 2290//4362 2265//4362 2223//4362
f 2223//4363 2291//4363 2290//4363
f 2291//4364 2223//4364 2113//4364
f 2267//4365 2040//4365 2266//4365
f 2395//4366 2114//4366 2160//4366
f 2395//4367 2160//4367 2045//4367
f 2294//4368 2063//4368 2054//4368
f 2413//4369 2123//4369 2166//4369
f 2298//4370 2057//4370 2225//4370
f 2415//4371 2123//4371 2413//4371
f 2121//4372 2122//4372 2416//4372
f 2128//4373 2227//4373 2422//4373
f 1961//4374 2130//4374 2424//4374
f 2228//4375 1960//4375 2065//4375
f 2427//4376 1962//4376 2428//4376
f 2429//4377 2134//4377 1961//4377
f 2431//4378 2068//4378 2136//4378
f 2431//4379 2136//4379 2432//4379
f 2308//4380 2071//4380 2133//4380
f 2432//4381 2136//4381 2436//4381
f 2437//4382 1963//4382 2138//4382
f 1976//4383 2453//4383 2232//4383
f 1975//4384 2184//4384 2455//4384
f 2453//4385 2206//4385 2232//4385
f 2457//4386 2079//4386 2082//4386
f 2316//4387 2452//4387 2186//4387
f 2140//4388 2315//4388 2275//4388
f 2185//4389 2274//4389 1980//4389
f 2207//4390 2140//4390 2275//4390
f 2274//4391 1982//4391 1980//4391
f 2461//4392 2082//4392 1981//4392
f 2463//4393 2208//4393 2142//4393
f 2187//4394 2278//4394 2321//4394
f 2208//4395 2463//4395 2276//4395
f 2326//4396 1988//4396 2200//4396
f 2278//4397 2466//4397 2187//4397
f 2328//4398 1908//4398 2219//4398
f 2280//4399 1908//4399 2328//4399
f 2187//4400 2088//4400 2278//4400
f 2088//4401 2281//4401 2278//4401
f 2086//4402 2276//4402 2330//4402
f 2329//4403 1992//4403 2201//4403
f 2281//4404 2088//4404 2332//4404
f 2085//4405 2089//4405 2282//4405
f 2279//4406 2143//4406 2331//4406
f 2332//4407 2088//4407 1909//4407
f 2283//4408 2089//4408 2000//4408
f 2333//4409 2144//4409 2087//4409
f 2240//4410 2238//4410 2188//4410
f 2335//4411 2145//4411 2144//4411
f 1993//4412 2336//4412 2001//4412
f 1928//4413 2338//4413 2177//4413
f 2239//4414 2337//4414 2209//4414
f 2335//4415 2242//4415 2002//4415
f 2007//4416 2474//4416 2188//4416
f 2009//4417 2177//4417 2338//4417
f 2341//4418 2006//4418 2008//4418
f 2220//4419 2478//4419 1889//4419
f 2005//4420 1930//4420 2342//4420
f 1889//4421 2478//4421 2163//4421
f 2009//4422 2344//4422 2092//4422
f 2345//4423 2190//4423 2172//4423
f 2483//4424 2163//4424 2478//4424
f 2346//4425 2011//4425 2015//4425
f 2016//4426 2092//4426 2484//4426
f 2093//4427 2245//4427 2172//4427
f 2353//4428 2148//4428 2016//4428
f 2357//4429 2247//4429 2017//4429
f 2149//4430 2487//4430 2095//4430
f 2285//4431 2356//4431 2191//4431
f 2357//4432 2017//4432 2358//4432
f 2251//4433 2285//4433 2191//4433
f 2354//4434 2179//4434 2022//4434
f 2253//4435 2152//4435 2359//4435
f 2202//4436 2096//4436 2360//4436
f 2361//4437 2222//4437 2253//4437
f 1893//4438 2252//4438 2097//4438
f 2363//4439 2192//4439 2257//4439
f 2222//4440 2362//4440 2256//4440
f 2365//4441 2025//4441 1934//4441
f 2024//4442 2366//4442 2501//4442
f 2256//4443 2362//4443 2154//4443
f 2024//4444 2501//4444 2026//4444
f 2364//4445 2103//4445 2258//4445
f 2502//4446 2102//4446 2104//4446
f 2256//4447 2368//4447 2154//4447
f 2213//4448 2369//4448 2101//4448
f 2028//4449 2026//4449 2260//4449
f 2372//4450 2027//4450 2030//4450
f 2376//4451 2156//4451 2512//4451
f 2215//4452 2377//4452 2107//4452
f 2109//4453 2107//4453 2378//4453
f 2174//4454 2109//4454 2379//4454
f 2174//4455 2379//4455 2380//4455
f 2039//4456 2112//4456 2383//4456
f 2037//4457 2384//4457 2112//4457
f 2510//4458 2382//4458 2288//4458
f 2157//4459 2265//4459 2287//4459
f 2382//4460 2157//4460 2287//4460
f 2386//4461 2038//4461 2181//4461
f 2195//4462 1940//4462 2390//4462
f 2288//4463 2290//4463 2387//4463
f 2387//4464 2290//4464 2391//4464
f 2041//4465 2267//4465 1941//4465
f 2519//4466 2216//4466 2393//4466
f 2268//4467 2291//4467 2113//4467
f 2195//4468 2518//4468 2217//4468
f 2291//4469 2268//4469 2392//4469
f 2196//4470 2217//4470 2266//4470
f 2292//4471 2522//4471 2046//4471
f 2525//4472 2395//4472 2045//4472
f 2396//4473 2045//4473 2048//4473
f 2396//4474 2048//4474 2197//4474
f 1901//4475 2047//4475 2182//4475
f 2182//4476 2397//4476 2049//4476
f 2117//4477 2116//4477 2399//4477
f 1875//4478 2118//4478 2407//4478
f 2119//4479 2293//4479 2118//4479
f 2293//4480 2119//4480 2062//4480
f 2297//4481 2054//4481 2056//4481
f 2403//4482 2054//4482 2297//4482
f 2409//4483 1950//4483 1948//4483
f 2060//4484 2061//4484 2296//4484
f 2224//4485 1903//4485 2408//4485
f 1903//4486 2127//4486 2408//4486
f 2410//4487 2270//4487 1949//4487
f 1950//4488 2414//4488 1951//4488
f 2409//4489 2414//4489 1950//4489
f 2061//4490 1945//4490 2296//4490
f 2407//4491 2122//4491 1875//4491
f 2298//4492 2297//4492 2057//4492
f 2296//4493 1945//4493 2271//4493
f 2415//4494 2127//4494 2123//4494
f 2417//4495 2063//4495 2294//4495
f 2417//4496 2126//4496 2063//4496
f 1947//4497 2299//4497 2271//4497
f 1952//4498 2204//4498 2418//4498
f 2301//4499 1953//4499 2304//4499
f 1953//4500 2301//4500 2125//4500
f 2302//4501 2126//4501 2417//4501
f 2419//4502 1952//4502 2303//4502
f 1955//4503 1954//4503 2420//4503
f 1956//4504 2304//4504 1953//4504
f 1956//4505 2306//4505 2304//4505
f 2422//4506 2226//4506 2128//4506
f 1955//4507 2423//4507 1959//4507
f 2420//4508 2423//4508 1955//4508
f 1957//4509 2422//4509 2227//4509
f 2130//4510 2305//4510 2424//4510
f 1958//4511 2131//4511 2306//4511
f 2228//4512 2227//4512 1957//4512
f 2425//4513 2306//4513 2131//4513
f 2427//4514 2228//4514 2065//4514
f 2427//4515 2065//4515 1962//4515
f 2308//4516 2133//4516 2426//4516
f 2066//4517 2426//4517 2133//4517
f 1879//4518 2205//4518 2433//4518
f 2137//4519 2134//4519 2309//4519
f 2205//4520 2070//4520 2435//4520
f 2310//4521 2071//4521 2308//4521
f 2136//4522 2069//4522 2436//4522
f 2435//4523 2433//4523 2205//4523
f 2438//4524 2435//4524 2074//4524
f 2435//4525 2070//4525 2074//4525
f 2439//4526 2072//4526 2311//4526
f 2168//4527 2438//4527 2074//4527
f 2438//4528 2168//4528 2440//4528
f 1964//4529 2072//4529 2439//4529
f 2168//4530 2442//4530 2440//4530
f 2168//4531 2076//4531 2442//4531
f 2313//4532 2312//4532 2138//4532
f 2229//4533 2444//4533 1924//4533
f 1881//4534 1966//4534 2313//4534
f 2445//4535 2313//4535 1966//4535
f 2445//4536 1966//4536 2272//4536
f 2444//4537 2314//4537 1924//4537
f 1906//4538 2448//4538 1965//4538
f 2446//4539 1965//4539 2448//4539
f 1924//4540 2314//4540 1972//4540
f 2449//4541 1882//4541 2447//4541
f 1972//4542 2314//4542 2198//4542
f 2449//4543 2315//4543 1968//4543
f 1974//4544 2451//4544 2450//4544
f 2450//4545 2451//4545 2233//4545
f 2451//4546 1974//4546 2233//4546
f 2453//4547 1976//4547 2231//4547
f 2184//4548 2454//4548 2455//4548
f 2454//4549 2184//4549 2273//4549
f 2454//4550 2273//4550 2199//4550
f 1975//4551 2455//4551 2456//4551
f 2079//4552 2457//4552 2233//4552
f 2454//4553 2199//4553 2458//4553
f 2140//4554 2078//4554 2315//4554
f 2458//4555 2199//4555 2161//4555
f 2456//4556 2185//4556 1975//4556
f 2456//4557 2459//4557 2185//4557
f 2080//4558 2206//4558 2453//4558
f 2318//4559 2080//4559 2453//4559
f 2459//4560 2274//4560 2185//4560
f 2080//4561 2318//4561 2460//4561
f 2318//4562 2142//4562 2080//4562
f 2161//4563 2317//4563 2458//4563
f 2458//4564 2317//4564 2083//4564
f 2316//4565 2141//4565 1983//4565
f 2461//4566 2457//4566 2082//4566
f 2318//4567 2460//4567 2142//4567
f 2458//4568 2083//4568 2319//4568
f 1982//4569 2274//4569 2462//4569
f 2234//4570 1982//4570 2462//4570
f 2320//4571 2235//4571 2207//4571
f 2323//4572 2169//4572 2321//4572
f 2083//4573 2162//4573 2319//4573
f 2323//4574 2236//4574 2169//4574
f 1984//4575 2235//4575 2320//4575
f 1990//4576 2319//4576 2162//4576
f 1988//4577 2326//4577 2461//4577
f 1988//4578 2461//4578 1981//4578
f 2323//4579 2464//4579 2200//4579
f 1990//4580 2324//4580 2319//4580
f 2463//4581 1989//4581 2276//4581
f 2169//4582 2323//4582 2200//4582
f 2320//4583 2327//4583 1986//4583
f 2328//4584 2219//4584 2277//4584
f 2324//4585 1990//4585 2279//4585
f 2282//4586 1991//4586 2085//4586
f 2276//4587 2086//4587 1989//4587
f 2278//4588 2332//4588 2466//4588
f 2278//4589 2281//4589 2332//4589
f 2087//4590 2086//4590 2330//4590
f 2470//4591 2170//4591 2469//4591
f 2333//4592 2335//4592 2144//4592
f 2338//4593 1928//4593 2470//4593
f 1928//4594 2170//4594 2470//4594
f 2283//4595 2000//4595 2471//4595
f 2000//4596 2176//4596 2471//4596
f 2335//4597 2002//4597 2145//4597
f 2472//4598 2220//4598 2001//4598
f 2474//4599 2240//4599 2188//4599
f 2091//4600 2003//4600 2473//4600
f 2189//4601 2209//4601 2339//4601
f 2337//4602 2339//4602 2209//4602
f 2239//4603 2209//4603 2190//4603
f 2341//4604 2241//4604 2006//4604
f 2341//4605 2008//4605 2343//4605
f 2243//4606 2008//4606 2146//4606
f 2003//4607 2005//4607 2342//4607
f 2476//4608 2003//4608 2342//4608
f 2343//4609 2008//4609 2243//4609
f 2480//4610 1930//4610 2481//4610
f 2479//4611 2007//4611 2011//4611
f 2190//4612 2345//4612 2477//4612
f 2171//4613 2189//4613 2339//4613
f 1911//4614 2482//4614 2243//4614
f 2092//4615 2344//4615 2484//4615
f 2348//4616 2010//4616 2483//4616
f 2010//4617 2163//4617 2483//4617
f 2345//4618 2172//4618 2485//4618
f 2347//4619 1911//4619 2178//4619
f 2482//4620 1911//4620 2347//4620
f 2178//4621 2284//4621 2347//4621
f 2094//4622 2171//4622 2244//4622
f 2351//4623 2094//4623 2244//4623
f 2485//4624 2172//4624 2245//4624
f 2010//4625 2349//4625 2173//4625
f 2486//4626 2094//4626 2351//4626
f 2016//4627 2350//4627 2353//4627
f 1890//4628 2487//4628 2149//4628
f 2353//4629 2018//4629 2148//4629
f 2245//4630 2210//4630 2179//4630
f 1891//4631 2094//4631 2486//4631
f 2018//4632 2353//4632 2248//4632
f 1891//4633 2486//4633 2355//4633
f 2487//4634 2488//4634 2095//4634
f 2095//4635 2488//4635 2150//4635
f 2249//4636 2489//4636 2098//4636
f 2250//4637 2355//4637 1915//4637
f 2017//4638 2151//4638 2358//4638
f 2492//4639 1915//4639 2355//4639
f 2359//4640 2152//4640 2252//4640
f 2493//4641 2490//4641 2022//4641
f 2202//4642 2360//4642 2251//4642
f 2363//4643 2360//4643 2096//4643
f 2361//4644 2362//4644 2222//4644
f 2192//4645 2363//4645 2096//4645
f 2491//4646 2494//4646 2150//4646
f 1915//4647 2492//4647 2254//4647
f 2252//4648 1893//4648 2496//4648
f 2024//4649 2098//4649 2495//4649
f 2203//4650 2496//4650 1893//4650
f 2496//4651 2203//4651 2497//4651
f 2358//4652 2212//4652 2498//4652
f 2499//4653 2497//4653 1918//4653
f 2364//4654 2493//4654 2103//4654
f 2365//4655 1934//4655 2494//4655
f 1934//4656 2150//4656 2494//4656
f 1935//4657 2025//4657 2500//4657
f 2500//4658 2025//4658 2365//4658
f 2212//4659 2102//4659 2498//4659
f 2164//4660 2367//4660 2192//4660
f 2257//4661 2192//4661 2367//4661
f 2260//4662 2026//4662 2501//4662
f 2099//4663 2254//4663 2213//4663
f 2164//4664 2370//4664 2367//4664
f 2259//4665 2258//4665 2027//4665
f 2214//4666 2101//4666 2503//4666
f 2213//4667 2254//4667 2504//4667
f 2369//4668 2213//4668 2504//4668
f 1936//4669 2368//4669 2505//4669
f 2371//4670 2502//4670 2104//4670
f 2369//4671 2506//4671 2214//4671
f 2164//4672 2214//4672 2370//4672
f 2260//4673 2374//4673 2028//4673
f 2505//4674 2507//4674 1936//4674
f 2507//4675 2508//4675 1937//4675
f 2508//4676 2029//4676 1937//4676
f 2372//4677 2030//4677 1896//4677
f 2508//4678 2029//4678 2373//4678
f 2371//4679 2104//4679 2106//4679
f 2032//4680 2155//4680 2374//4680
f 2372//4681 1896//4681 2261//4681
f 2286//4682 2031//4682 2373//4682
f 2031//4683 2029//4683 2373//4683
f 2371//4684 2106//4684 2262//4684
f 2032//4685 2374//4685 2375//4685
f 2156//4686 2261//4686 1939//4686
f 2034//4687 2375//4687 2511//4687
f 2156//4688 2193//4688 2512//4688
f 2509//4689 2262//4689 2510//4689
f 2034//4690 2215//4690 2377//4690
f 2107//4691 2377//4691 2378//4691
f 2036//4692 2512//4692 2108//4692
f 2379//4693 2109//4693 2378//4693
f 2036//4694 2263//4694 2380//4694
f 2262//4695 2382//4695 2510//4695
f 2385//4696 2158//4696 2033//4696
f 2383//4697 2112//4697 2384//4697
f 2382//4698 2287//4698 2288//4698
f 2383//4699 1940//4699 2039//4699
f 2513//4700 1940//4700 2383//4700
f 2264//4701 2037//4701 2035//4701
f 2037//4702 2264//4702 2384//4702
f 2158//4703 2386//4703 2181//4703
f 2386//4704 2158//4704 2385//4704
f 2387//4705 2510//4705 2288//4705
f 2514//4706 2180//4706 2111//4706
f 2514//4707 2111//4707 2515//4707
f 2388//4708 2111//4708 1921//4708
f 1921//4709 2038//4709 2388//4709
f 1940//4710 2513//4710 2390//4710
f 2387//4711 2391//4711 2389//4711
f 2389//4712 2391//4712 2517//4712
f 2392//4713 2290//4713 2291//4713
f 2216//4714 1941//4714 2393//4714
f 2519//4715 2042//4715 2216//4715
f 2043//4716 2042//4716 2519//4716
f 2290//4717 2392//4717 2520//4717
f 2217//4718 2518//4718 2394//4718
f 2268//4719 2218//4719 2114//4719
f 2395//4720 2268//4720 2114//4720
f 2521//4721 2520//4721 2523//4721
f 2524//4722 2521//4722 2523//4722
f 2526//4723 2115//4723 2522//4723
f 2115//4724 2046//4724 2522//4724
f 2525//4725 2045//4725 2396//4725
f 2115//4726 2526//4726 2269//4726
f 2269//4727 2526//4727 2047//4727
f 2197//4728 2051//4728 2528//4728
f 2197//4729 2528//4729 2527//4729
f 2528//4730 2051//4730 2529//4730
f 2529//4731 2050//4731 2400//4731
f 2116//4732 2049//4732 2398//4732
f 2050//4733 2117//4733 2530//4733
f 2400//4734 2050//4734 2530//4734
f 2403//4735 2402//4735 2054//4735
f 2404//4736 2120//4736 2183//4736
f 1948//4737 2060//4737 2295//4737
f 2407//4738 2118//4738 2293//4738
f 2405//4739 2224//4739 2408//4739
f 1948//4740 2406//4740 2409//4740
f 2410//4741 1949//4741 2124//4741
f 2410//4742 2124//4742 2411//4742
f 2295//4743 2060//4743 2296//4743
f 2412//4744 2062//4744 2301//4744
f 2062//4745 2125//4745 2301//4745
f 2415//4746 2408//4746 2127//4746
f 2418//4747 2204//4747 2414//4747
f 2300//4748 1947//4748 2121//4748
f 2300//4749 2299//4749 1947//4749
f 2300//4750 2121//4750 2416//4750
f 2303//4751 1952//4751 2418//4751
f 2411//4752 2124//4752 2226//4752
f 2129//4753 1952//4753 2419//4753
f 2420//4754 1954//4754 2302//4754
f 2130//4755 2129//4755 2421//4755
f 2066//4756 1959//4756 2426//4756
f 2425//4757 2132//4757 2430//4757
f 2424//4758 2429//4758 1961//4758
f 1962//4759 2068//4759 2531//4759
f 2309//4760 2134//4760 2429//4760
f 2137//4761 2309//4761 2434//4761
f 2069//4762 2437//4762 2436//4762
f 2312//4763 2437//4763 2138//4763
f 2229//4764 2075//4764 2167//4764
f 2167//4765 2441//4765 2229//4765
f 2138//4766 1881//4766 2313//4766
f 1964//4767 2439//4767 2443//4767
f 2446//4768 2442//4768 1965//4768
f 2442//4769 2076//4769 1965//4769
f 2449//4770 1968//4770 1882//4770
f 2231//4771 2198//4771 2314//4771
f 2450//4772 2272//4772 1974//4772
f 1974//4773 2079//4773 2233//4773
f 1977//4774 2452//4774 2230//4774
f 2459//4775 2456//4775 2274//4775
f 2452//4776 1977//4776 2186//4776
f 2460//4777 2463//4777 2142//4777
f 2278//4778 2532//4778 2321//4778
f 2278//4779 2466//4779 2532//4779
f 2322//4780 1991//4780 2465//4780
f 2201//4781 1986//4781 2327//4781
f 1992//4782 2329//4782 2467//4782
f 1909//4783 2468//4783 2332//4783
f 2280//4784 2170//4784 2237//4784
f 2089//4785 2283//4785 2282//4785
f 2539//4786 2334//4786 2239//4786
f 1909//4787 2241//4787 2468//4787
f 1993//4788 2467//4788 2336//4788
f 2001//4789 2336//4789 2472//4789
f 2091//4790 2473//4790 2471//4790
f 2471//4791 2176//4791 2091//4791
f 2540//4792 2209//4792 2239//4792
f 2476//4793 2473//4793 2003//4793
f 2220//4794 2472//4794 2340//4794
f 2338//4795 2475//4795 2009//4795
f 2239//4796 2190//4796 2477//4796
f 2478//4797 2220//4797 2340//4797
f 2009//4798 2475//4798 2344//4798
f 2474//4799 2007//4799 2479//4799
f 2190//4800 2477//4800 2541//4800
f 2342//4801 1930//4801 2480//4801
f 1930//4802 2242//4802 2481//4802
f 2171//4803 2339//4803 2244//4803
f 2346//4804 2479//4804 2011//4804
f 2484//4805 2350//4805 2016//4805
f 2351//4806 2244//4806 2486//4806
f 2486//4807 2244//4807 2533//4807
f 2346//4808 2015//4808 2534//4808
f 1890//4809 2352//4809 2487//4809
f 2245//4810 2179//4810 2354//4810
f 2246//4811 2191//4811 2356//4811
f 2248//4812 2249//4812 2018//4812
f 2354//4813 2022//4813 2490//4813
f 2361//4814 2253//4814 2359//4814
f 2358//4815 2151//4815 2212//4815
f 2489//4816 2495//4816 2098//4816
f 2499//4817 1918//4817 2255//4817
f 2024//4818 2495//4818 2366//4818
f 2498//4819 2102//4819 2502//4819
f 2154//4820 2362//4820 2368//4820
f 2369//4821 2214//4821 2503//4821
f 2507//4822 1937//4822 1936//4822
f 2370//4823 2214//4823 2506//4823
f 2155//4824 2028//4824 2374//4824
f 2261//4825 2156//4825 2376//4825
f 2034//4826 2032//4826 2375//4826
f 2034//4827 2511//4827 2377//4827
f 2193//4828 2108//4828 2512//4828
f 2033//4829 1938//4829 2381//4829
f 2385//4830 2033//4830 2381//4830
f 2264//4831 2180//4831 2514//4831
f 2195//4832 2390//4832 2518//4832
f 1941//4833 2267//4833 2393//4833
f 2043//4834 2519//4834 2292//4834
f 2217//4835 2394//4835 2266//4835
f 2550//4836 2392//4836 2268//4836
f 2520//4837 2392//4837 2536//4837
f 2536//4838 2392//4838 2535//4838
f 2523//4839 2520//4839 2536//4839
f 2182//4840 2047//4840 2397//4840
f 2047//4841 2269//4841 2397//4841
f 2051//4842 2050//4842 2529//4842
f 2117//4843 2399//4843 2530//4843
f 2054//4844 2402//4844 2401//4844
f 2183//4845 2405//4845 2404//4845
f 1948//4846 2295//4846 2406//4846
f 2225//4847 2120//4847 2404//4847
f 2923//4848 2636//4848 2270//4848
f 2419//4849 2421//4849 2129//4849
f 2305//4850 2130//4850 2421//4850
f 2430//4851 2132//4851 1879//4851
f 2428//4852 1962//4852 2531//4852
f 2531//4853 2068//4853 2431//4853
f 1879//4854 2433//4854 2307//4854
f 2072//4855 2137//4855 2434//4855
f 2072//4856 2434//4856 2311//4856
f 2438//4857 2440//4857 2442//4857
f 1882//4858 2443//4858 2447//4858
f 2448//4859 1906//4859 2230//4859
f 2320//4860 2207//4860 2275//4860
f 1983//4861 2322//4861 2316//4861
f 2463//4862 2460//4862 2569//4862
f 2325//4863 2200//4863 2464//4863
f 2201//4864 2327//4864 2329//4864
f 2087//4865 2330//4865 2333//4865
f 2537//4866 2538//4866 2334//4866
f 2537//4867 2334//4867 2539//4867
f 2469//4868 2170//4868 2280//4868
f 2331//4869 2238//4869 2240//4869
f 2239//4870 2541//4870 2540//4870
f 2239//4871 2477//4871 2541//4871
f 2341//4872 2343//4872 2542//4872
f 2552//4873 2341//4873 2542//4873
f 2349//4874 2010//4874 2348//4874
f 2352//4875 1890//4875 2349//4875
f 2534//4876 2015//4876 2247//4876
f 2015//4877 2017//4877 2247//4877
f 2250//4878 1891//4878 2355//4878
f 2251//4879 2285//4879 2356//4879
f 2150//4880 2488//4880 2491//4880
f 2493//4881 2221//4881 2103//4881
f 2361//4882 2543//4882 2362//4882
f 2362//4883 2543//4883 2544//4883
f 2101//4884 2369//4884 2503//4884
f 1938//4885 2286//4885 2381//4885
f 2512//4886 2036//4886 2380//4886
f 2263//4887 2174//4887 2380//4887
f 2518//4888 2548//4888 2394//4888
f 2394//4889 2548//4889 2549//4889
f 2395//4890 2550//4890 2268//4890
f 2535//4891 2392//4891 2550//4891
f 2396//4892 2197//4892 2527//4892
f 2047//4893 2269//4893 2551//4893
f 2399//4894 2116//4894 2398//4894
f 2294//4895 2054//4895 2401//4895
f 2403//4896 2401//4896 2402//4896
f 2636//4897 2413//4897 2270//4897
f 2426//4898 1959//4898 2423//4898
f 2430//4899 1879//4899 2307//4899
f 2441//4900 2167//4900 2310//4900
f 1882//4901 1964//4901 2443//4901
f 2460//4902 2318//4902 2569//4902
f 2274//4903 2234//4903 2462//4903
f 2539//4904 2239//4904 2540//4904
f 2541//4905 2477//4905 2345//4905
f 2482//4906 2343//4906 2243//4906
f 2343//4907 2482//4907 2542//4907
f 1935//4908 2500//4908 2255//4908
f 2547//4909 2546//4909 2509//4909
f 2545//4910 2262//4910 2509//4910
f 2545//4911 2371//4911 2262//4911
f 2546//4912 2545//4912 2509//4912
f 2388//4913 2038//4913 2516//4913
f 2397//4914 2269//4914 2551//4914
f 2049//4915 2397//4915 2398//4915
f 2424//4916 2305//4916 2429//4916
f 2167//4917 2071//4917 2310//4917
f 2453//4918 2231//4918 2232//4918
f 2457//4919 2553//4919 2233//4919
f 2571//4920 2570//4920 2321//4920
f 2317//4921 2458//4921 2319//4921
f 2326//4922 2555//4922 2461//4922
f 2574//4923 2326//4923 2325//4923
f 2555//4924 2326//4924 2537//4924
f 2326//4925 2538//4925 2537//4925
f 2541//4926 2345//4926 2485//4926
f 2542//4927 2482//4927 2556//4927
f 2583//4928 2542//4928 2556//4928
f 2354//4929 2490//4929 2584//4929
f 2515//4930 2111//4930 2388//4930
f 2299//4931 2300//4931 2648//4931
f 2419//4932 2303//4932 2418//4932
f 2427//4933 2559//4933 2228//4933
f 2311//4934 2434//4934 2439//4934
f 2229//4935 2314//4935 2444//4935
f 2561//4936 2314//4936 2229//4936
f 2449//4937 2563//4937 2315//4937
f 2233//4938 2564//4938 2450//4938
f 2565//4939 2453//4939 2231//4939
f 2232//4940 2453//4940 2565//4940
f 2456//4941 2566//4941 2274//4941
f 2568//4942 2564//4942 2233//4942
f 2553//4943 2568//4943 2233//4943
f 2455//4944 2454//4944 2458//4944
f 2274//4945 2567//4945 2566//4945
f 2234//4946 2274//4946 2567//4946
f 2323//4947 2321//4947 2570//4947
f 2572//4948 2316//4948 2322//4948
f 2461//4949 2553//4949 2457//4949
f 2554//4950 2553//4950 2461//4950
f 2277//4951 2234//4951 2573//4951
f 2325//4952 2464//4952 2574//4952
f 2324//4953 2575//4953 2319//4953
f 2319//4954 2575//4954 2317//4954
f 2328//4955 2277//4955 2573//4955
f 2576//4956 2554//4956 2555//4956
f 2554//4957 2461//4957 2555//4957
f 2324//4958 2279//4958 2575//4958
f 2276//4959 2577//4959 2330//4959
f 2335//4960 2333//4960 2578//4960
f 2476//4961 2471//4961 2473//4961
f 2578//4962 2579//4962 2335//4962
f 2242//4963 2335//4963 2579//4963
f 2342//4964 2480//4964 2476//4964
f 2481//4965 2242//4965 2580//4965
f 2595//4966 2341//4966 2552//4966
f 2339//4967 2533//4967 2244//4967
f 2486//4968 2533//4968 2581//4968
f 2484//4969 2353//4969 2350//4969
f 2533//4970 2552//4970 2581//4970
f 2581//4971 2552//4971 2542//4971
f 2556//4972 2482//4972 2582//4972
f 2482//4973 2347//4973 2582//4973
f 2285//4974 2246//4974 2356//4974
f 2493//4975 2584//4975 2490//4975
f 2585//4976 2494//4976 2491//4976
f 2251//4977 2360//4977 2363//4977
f 2496//4978 2497//4978 2499//4978
f 2493//4979 2364//4979 2258//4979
f 2363//4980 2257//4980 2586//4980
f 2586//4981 2257//4981 2588//4981
f 2362//4982 2587//4982 2368//4982
f 2369//4983 2504//4983 2503//4983
f 2508//4984 2507//4984 2589//4984
f 2508//4985 2589//4985 2373//4985
f 2379//4986 2378//4986 2592//4986
f 2379//4987 2592//4987 2380//4987
f 2519//4988 2522//4988 2292//4988
f 2405//4989 2408//4989 2557//4989
f 2404//4990 2405//4990 2224//4990
f 2301//4991 2304//4991 2558//4991
f 2420//4992 2302//4992 2423//4992
f 2422//4993 2227//4993 2228//4993
f 2559//4994 2560//4994 2228//4994
f 2448//4995 2562//4995 2446//4995
f 2450//4996 2594//4996 2593//4996
f 2594//4997 2450//4997 2564//4997
f 2554//4998 2568//4998 2553//4998
f 2571//4999 2321//4999 2532//4999
f 2600//5000 2282//5000 2283//5000
f 2595//5001 2552//5001 2533//5001
f 2602//5002 2353//5002 2484//5002
f 2581//5003 2542//5003 2583//5003
f 2534//5004 2247//5004 2357//5004
f 2604//5005 2582//5005 2246//5005
f 2487//5006 2352//5006 2488//5006
f 2374//5007 2260//5007 2501//5007
f 2590//5008 2375//5008 2374//5008
f 2372//5009 2261//5009 2591//5009
f 2529//5010 2596//5010 2528//5010
f 2892//5011 2409//5011 2406//5011
f 2632//5012 2410//5012 2633//5012
f 2436//5013 2437//5013 2312//5013
f 2562//5014 2448//5014 2230//5014
f 2554//5015 2599//5015 2568//5015
f 2598//5016 2571//5016 2532//5016
f 2610//5017 2239//5017 2334//5017
f 2611//5018 2471//5018 2476//5018
f 2475//5019 2338//5019 2344//5019
f 2533//5020 2339//5020 2595//5020
f 2486//5021 2581//5021 2355//5021
f 2285//5022 2604//5022 2246//5022
f 2355//5023 2581//5023 2603//5023
f 2543//5024 2605//5024 2544//5024
f 2258//5025 2259//5025 2372//5025
f 2503//5026 2369//5026 2506//5026
f 2529//5027 2400//5027 2596//5027
f 2628//5028 2405//5028 2557//5028
f 2294//5029 2626//5029 2645//5029
f 2301//5030 2558//5030 2638//5030
f 2648//5031 2300//5031 2416//5031
f 2302//5032 2417//5032 2650//5032
f 2446//5033 2562//5033 2230//5033
f 2593//5034 2445//5034 2450//5034
f 2594//5035 2617//5035 2593//5035
f 2571//5036 2598//5036 2608//5036
f 2727//5037 2716//5037 2322//5037
f 2609//5038 2575//5038 2279//5038
f 2470//5039 2469//5039 2280//5039
f 2906//5040 2280//5040 2736//5040
f 2742//5041 2600//5041 2283//5041
f 2480//5042 2601//5042 2476//5042
f 2246//5043 2582//5043 2347//5043
f 2246//5044 2347//5044 2284//5044
f 2583//5045 2556//5045 2613//5045
f 2583//5046 2612//5046 2603//5046
f 2613//5047 2556//5047 2582//5047
f 2612//5048 2583//5048 2613//5048
f 2585//5049 2807//5049 2494//5049
f 2366//5050 2794//5050 2501//5050
f 2544//5051 2606//5051 2362//5051
f 2370//5052 2506//5052 2825//5052
f 2607//5053 2522//5053 2519//5053
f 2627//5054 2403//5054 2635//5054
f 2413//5055 2643//5055 2415//5055
f 2637//5056 2295//5056 2296//5056
f 2894//5057 2271//5057 2615//5057
f 2657//5058 2226//5058 2422//5058
f 2659//5059 2657//5059 2422//5059
f 2422//5060 2228//5060 2597//5060
f 2531//5061 2616//5061 2428//5061
f 2667//5062 2531//5062 2431//5062
f 2431//5063 2531//5063 2428//5063
f 2307//5064 2433//5064 2435//5064
f 2307//5065 2435//5065 2671//5065
f 2678//5066 2439//5066 2675//5066
f 2676//5067 2435//5067 2438//5067
f 2443//5068 2439//5068 2678//5068
f 2682//5069 2561//5069 2229//5069
f 2685//5070 2442//5070 2687//5070
f 2443//5071 2686//5071 2447//5071
f 2445//5072 2272//5072 2450//5072
f 2693//5073 2446//5073 2230//5073
f 2700//5074 2566//5074 2456//5074
f 2564//5075 2568//5075 2707//5075
f 2900//5076 2571//5076 2705//5076
f 2320//5077 2275//5077 2711//5077
f 2574//5078 2464//5078 2720//5078
f 2724//5079 2574//5079 2720//5079
f 2276//5080 2463//5080 2723//5080
f 2718//5081 2532//5081 2466//5081
f 2728//5082 2576//5082 2555//5082
f 2329//5083 2327//5083 2732//5083
f 2735//5084 2575//5084 2609//5084
f 2736//5085 2328//5085 2726//5085
f 2740//5086 2279//5086 2331//5086
f 2744//5087 2332//5087 2468//5087
f 2337//5088 2239//5088 2610//5088
f 2751//5089 2240//5089 2758//5089
f 2777//5090 2480//5090 2481//5090
f 2778//5091 2602//5091 2484//5091
f 2534//5092 2357//5092 2783//5092
f 2603//5093 2581//5093 2583//5093
f 2613//5094 2582//5094 2604//5094
f 2285//5095 2788//5095 2356//5095
f 2794//5096 2495//5096 2489//5096
f 2491//5097 2800//5097 2585//5097
f 2366//5098 2495//5098 2794//5098
f 2251//5099 2363//5099 2808//5099
f 2374//5100 2501//5100 2820//5100
f 2606//5101 2544//5101 2619//5101
f 2829//5102 2587//5102 2828//5102
f 2505//5103 2368//5103 2831//5103
f 2511//5104 2375//5104 2839//5104
f 2512//5105 2846//5105 2843//5105
f 2378//5106 2845//5106 2592//5106
f 2509//5107 2510//5107 2847//5107
f 2854//5108 2510//5108 2387//5108
f 2914//5109 2516//5109 2855//5109
f 2852//5110 2390//5110 2513//5110
f 2264//5111 2514//5111 2860//5111
f 2857//5112 2518//5112 2390//5112
f 2290//5113 2520//5113 2865//5113
f 2876//5114 2536//5114 2535//5114
f 2876//5115 2877//5115 2536//5115
f 2396//5116 2880//5116 2525//5116
f 2397//5117 2551//5117 2886//5117
f 2630//5118 2407//5118 2293//5118
f 2626//5119 2294//5119 2401//5119
f 2629//5120 2557//5120 2408//5120
f 2634//5121 2414//5121 2409//5121
f 2405//5122 2628//5122 2224//5122
f 2629//5123 2408//5123 2415//5123
f 2410//5124 2411//5124 2633//5124
f 2403//5125 2297//5125 2635//5125
f 2628//5126 2404//5126 2224//5126
f 2641//5127 2297//5127 2298//5127
f 2225//5128 2646//5128 2298//5128
f 2647//5129 2225//5129 2404//5129
f 2417//5130 2294//5130 2645//5130
f 2419//5131 2639//5131 2649//5131
f 2419//5132 2418//5132 2639//5132
f 2299//5133 2615//5133 2271//5133
f 2650//5134 2417//5134 2645//5134
f 2411//5135 2226//5135 2633//5135
f 2226//5136 2651//5136 2633//5136
f 2654//5137 2419//5137 2652//5137
f 2421//5138 2419//5138 2654//5138
f 2305//5139 2421//5139 2655//5139
f 2306//5140 2656//5140 2304//5140
f 2302//5141 2658//5141 2423//5141
f 2658//5142 2660//5142 2423//5142
f 2423//5143 2661//5143 2426//5143
f 2660//5144 2661//5144 2423//5144
f 2597//5145 2663//5145 2422//5145
f 2425//5146 2430//5146 2664//5146
f 2663//5147 2597//5147 2228//5147
f 2428//5148 2616//5148 2427//5148
f 2430//5149 2666//5149 2664//5149
f 2616//5150 2531//5150 2667//5150
f 2228//5151 2560//5151 2663//5151
f 2669//5152 2309//5152 2429//5152
f 2559//5153 2427//5153 2665//5153
f 2559//5154 2670//5154 2560//5154
f 2676//5155 2671//5155 2435//5155
f 2674//5156 2441//5156 2310//5156
f 2436//5157 2312//5157 2677//5157
f 2672//5158 2436//5158 2677//5158
f 2441//5159 2682//5159 2229//5159
f 2680//5160 2682//5160 2441//5160
f 2684//5161 2443//5161 2678//5161
f 2684//5162 2686//5162 2443//5162
f 2561//5163 2682//5163 2314//5163
f 2313//5164 2445//5164 2688//5164
f 2687//5165 2442//5165 2446//5165
f 2445//5166 2689//5166 2688//5166
f 2449//5167 2447//5167 2686//5167
f 2449//5168 2686//5168 2692//5168
f 2694//5169 2231//5169 2691//5169
f 2593//5170 2617//5170 2445//5170
f 2231//5171 2314//5171 2691//5171
f 2617//5172 2899//5172 2689//5172
f 2694//5173 2565//5173 2231//5173
f 2695//5174 2693//5174 2230//5174
f 2452//5175 2695//5175 2230//5175
f 2449//5176 2692//5176 2563//5176
f 2617//5177 2594//5177 2696//5177
f 2565//5178 2694//5178 2453//5178
f 2697//5179 2453//5179 2694//5179
f 2315//5180 2563//5180 2698//5180
f 2571//5181 2704//5181 2705//5181
f 2455//5182 2458//5182 2703//5182
f 2452//5183 2316//5183 2706//5183
f 2712//5184 2567//5184 2701//5184
f 2696//5185 2564//5185 2707//5185
f 2571//5186 2900//5186 2570//5186
f 2317//5187 2710//5187 2458//5187
f 2317//5188 2713//5188 2710//5188
f 2323//5189 2570//5189 2464//5189
f 2568//5190 2599//5190 2714//5190
f 2608//5191 2598//5191 2532//5191
f 2320//5192 2711//5192 2717//5192
f 2316//5193 2572//5193 2716//5193
f 2573//5194 2715//5194 2721//5194
f 2573//5195 2234//5195 2715//5195
f 2717//5196 2722//5196 2320//5196
f 2326//5197 2724//5197 2725//5197
f 2724//5198 2326//5198 2574//5198
f 2465//5199 2727//5199 2322//5199
f 2728//5200 2554//5200 2576//5200
f 2729//5201 2718//5201 2466//5201
f 2276//5202 2723//5202 2577//5202
f 2330//5203 2577//5203 2723//5203
f 2730//5204 2575//5204 2735//5204
f 2330//5205 2723//5205 2737//5205
f 2728//5206 2555//5206 2738//5206
f 2733//5207 2538//5207 2326//5207
f 2537//5208 2738//5208 2555//5208
f 2279//5209 2735//5209 2609//5209
f 2735//5210 2279//5210 2740//5210
f 2744//5211 2741//5211 2332//5211
f 2737//5212 2333//5212 2330//5212
f 2537//5213 2539//5213 2743//5213
f 2746//5214 2333//5214 2737//5214
f 2329//5215 2734//5215 2467//5215
f 2282//5216 2600//5216 2742//5216
f 2334//5217 2538//5217 2749//5217
f 2240//5218 2745//5218 2331//5218
f 2753//5219 2337//5219 2749//5219
f 2467//5220 2750//5220 2336//5220
f 2470//5221 2748//5221 2338//5221
f 2752//5222 2283//5222 2471//5222
f 2337//5223 2610//5223 2749//5223
f 2241//5224 2744//5224 2468//5224
f 2750//5225 2472//5225 2336//5225
f 2750//5226 2757//5226 2472//5226
f 2755//5227 2759//5227 2338//5227
f 2756//5228 2241//5228 2341//5228
f 2338//5229 2759//5229 2344//5229
f 2472//5230 2764//5230 2340//5230
f 2337//5231 2753//5231 2339//5231
f 2471//5232 2611//5232 2762//5232
f 2611//5233 2476//5233 2762//5233
f 2341//5234 2595//5234 2767//5234
f 2340//5235 2768//5235 2478//5235
f 2242//5236 2579//5236 2769//5236
f 2595//5237 2339//5237 2763//5237
f 2761//5238 2484//5238 2344//5238
f 2770//5239 2580//5239 2242//5239
f 2541//5240 2485//5240 2772//5240
f 2478//5241 2773//5241 2483//5241
f 2480//5242 2774//5242 2601//5242
f 2775//5243 2348//5243 2483//5243
f 2775//5244 2483//5244 2773//5244
f 2780//5245 2481//5245 2580//5245
f 2780//5246 2580//5246 2779//5246
f 2349//5247 2348//5247 2775//5247
f 2353//5248 2602//5248 2778//5248
f 2778//5249 2781//5249 2353//5249
f 2245//5250 2772//5250 2485//5250
f 2782//5251 2352//5251 2349//5251
f 2357//5252 2784//5252 2783//5252
f 2353//5253 2781//5253 2248//5253
f 2908//5254 2245//5254 2354//5254
f 2781//5255 2786//5255 2248//5255
f 2488//5256 2352//5256 2785//5256
f 2786//5257 2249//5257 2248//5257
f 2604//5258 2285//5258 2788//5258
f 2603//5259 2791//5259 2618//5259
f 2603//5260 2612//5260 2791//5260
f 2794//5261 2489//5261 2249//5261
f 2584//5262 2493//5262 2792//5262
f 2355//5263 2603//5263 2618//5263
f 2785//5264 2491//5264 2488//5264
f 2249//5265 2786//5265 2794//5265
f 2355//5266 2618//5266 2492//5266
f 2793//5267 2357//5267 2358//5267
f 2788//5268 2285//5268 2251//5268
f 2795//5269 2798//5269 2543//5269
f 2795//5270 2543//5270 2361//5270
f 2800//5271 2491//5271 2785//5271
f 2251//5272 2360//5272 2787//5272
f 2251//5273 2787//5273 2797//5273
f 2799//5274 2361//5274 2359//5274
f 2251//5275 2803//5275 2360//5275
f 2801//5276 2358//5276 2793//5276
f 2805//5277 2252//5277 2496//5277
f 2796//5278 2493//5278 2806//5278
f 2544//5279 2605//5279 2798//5279
f 2806//5280 2493//5280 2258//5280
f 2803//5281 2251//5281 2808//5281
f 2974//5282 2805//5282 2809//5282
f 2498//5283 2811//5283 2810//5283
f 2501//5284 2794//5284 2815//5284
f 2255//5285 2813//5285 2499//5285
f 2255//5286 2817//5286 2813//5286
f 2500//5287 2817//5287 2255//5287
f 2808//5288 2363//5288 2586//5288
f 2254//5289 2816//5289 2504//5289
f 2821//5290 2257//5290 2367//5290
f 2822//5291 2808//5291 2586//5291
f 2811//5292 2498//5292 2502//5292
f 2371//5293 2811//5293 2502//5293
f 2821//5294 2367//5294 2370//5294
f 2371//5295 2621//5295 2620//5295
f 2503//5296 2504//5296 2816//5296
f 2369//5297 2503//5297 2824//5297
f 2821//5298 2370//5298 2825//5298
f 2257//5299 2821//5299 2826//5299
f 2257//5300 2826//5300 2588//5300
f 2828//5301 2587//5301 2362//5301
f 2828//5302 2362//5302 2606//5302
f 2587//5303 2829//5303 2368//5303
f 2828//5304 2606//5304 2619//5304
f 2833//5305 2621//5305 2371//5305
f 2832//5306 2586//5306 2588//5306
f 2833//5307 2371//5307 2545//5307
f 2369//5308 2824//5308 2506//5308
f 2832//5309 2822//5309 2586//5309
f 2827//5310 2590//5310 2374//5310
f 2831//5311 2507//5311 2505//5311
f 2837//5312 2507//5312 2831//5312
f 2834//5313 2375//5313 2590//5313
f 2825//5314 2506//5314 2824//5314
f 2622//5315 2589//5315 2507//5315
f 2261//5316 2838//5316 2591//5316
f 2837//5317 2589//5317 2622//5317
f 2261//5318 2376//5318 2838//5318
f 2377//5319 2511//5319 2840//5319
f 2837//5320 2373//5320 2589//5320
f 2380//5321 2592//5321 2846//5321
f 2841//5322 2547//5322 2847//5322
f 2547//5323 2509//5323 2847//5323
f 2850//5324 2385//5324 2381//5324
f 2513//5325 2623//5325 2852//5325
f 2853//5326 2513//5326 2383//5326
f 2623//5327 2513//5327 2853//5327
f 2851//5328 2510//5328 2854//5328
f 2850//5329 2386//5329 2385//5329
f 2855//5330 2386//5330 2385//5330
f 2855//5331 2386//5331 2850//5331
f 2854//5332 2387//5332 2389//5332
f 2516//5333 2386//5333 2855//5333
f 2852//5334 2857//5334 2390//5334
f 2383//5335 2384//5335 2853//5335
f 2859//5336 2915//5336 2264//5336
f 2861//5337 2514//5337 2515//5337
f 2862//5338 2518//5338 2857//5338
f 2391//5339 2863//5339 2517//5339
f 2862//5340 2548//5340 2518//5340
f 2864//5341 2548//5341 2862//5341
f 2391//5342 2290//5342 2865//5342
f 2548//5343 2866//5343 2549//5343
f 2520//5344 2867//5344 2865//5344
f 2549//5345 2866//5345 2868//5345
f 2393//5346 2267//5346 2869//5346
f 2519//5347 2393//5347 2869//5347
f 2520//5348 2521//5348 2867//5348
f 2870//5349 2267//5349 2266//5349
f 2871//5350 2394//5350 2549//5350
f 2266//5351 2394//5351 2871//5351
f 2625//5352 2549//5352 2868//5352
f 2607//5353 2519//5353 2873//5353
f 2523//5354 2874//5354 2521//5354
f 2549//5355 2625//5355 2875//5355
f 2607//5356 2873//5356 2522//5356
f 2876//5357 2550//5357 2922//5357
f 2874//5358 2523//5358 2877//5358
f 2879//5359 2395//5359 2525//5359
f 2523//5360 2536//5360 2877//5360
f 2878//5361 2526//5361 2522//5361
f 2878//5362 2881//5362 2526//5362
f 2527//5363 2880//5363 2396//5363
f 2528//5364 2882//5364 2527//5364
f 2528//5365 2883//5365 2882//5365
f 2269//5366 2526//5366 2884//5366
f 2883//5367 2528//5367 2885//5367
f 2528//5368 2596//5368 2885//5368
f 2551//5369 2269//5369 2884//5369
f 2886//5370 2887//5370 2397//5370
f 2888//5371 2889//5371 2400//5371
f 2885//5372 2400//5372 2889//5372
f 2890//5373 2397//5373 2887//5373
f 2397//5374 2890//5374 2398//5374
f 2399//5375 2398//5375 2891//5375
f 2402//5376 2627//5376 2626//5376
f 2626//5377 2401//5377 2402//5377
f 2627//5378 2402//5378 2403//5378
f 2628//5379 2557//5379 2629//5379
f 2630//5380 2293//5380 2893//5380
f 2643//5381 2408//5381 2629//5381
f 2412//5382 2301//5382 2893//5382
f 2631//5383 2295//5383 2637//5383
f 2640//5384 2407//5384 2630//5384
f 2635//5385 2297//5385 2641//5385
f 2643//5386 2413//5386 2636//5386
f 2894//5387 2295//5387 2296//5387
f 2644//5388 2416//5388 2407//5388
f 2407//5389 2640//5389 2644//5389
f 2404//5390 2642//5390 2647//5390
f 2614//5391 2299//5391 2648//5391
f 2652//5392 2419//5392 2649//5392
f 2558//5393 2304//5393 2638//5393
f 2225//5394 2895//5394 2647//5394
f 2226//5395 2657//5395 2651//5395
f 2653//5396 2304//5396 2656//5396
f 2654//5397 2655//5397 2421//5397
f 2429//5398 2305//5398 2662//5398
f 2659//5399 2422//5399 2663//5399
f 2306//5400 2425//5400 2656//5400
f 2656//5401 2425//5401 2664//5401
f 2616//5402 2665//5402 2427//5402
f 2430//5403 2307//5403 2666//5403
f 2669//5404 2429//5404 2662//5404
f 2668//5405 2663//5405 2560//5405
f 2559//5406 2665//5406 2670//5406
f 2668//5407 2560//5407 2670//5407
f 2310//5408 2308//5408 2896//5408
f 2674//5409 2310//5409 2896//5409
f 2309//5410 2669//5410 2434//5410
f 2431//5411 2432//5411 2436//5411
f 2431//5412 2436//5412 2672//5412
f 2439//5413 2434//5413 2675//5413
f 2681//5414 2676//5414 2438//5414
f 2683//5415 2312//5415 2313//5415
f 2683//5416 2677//5416 2312//5416
f 2681//5417 2438//5417 2442//5417
f 2681//5418 2442//5418 2685//5418
f 2898//5419 2683//5419 2689//5419
f 2688//5420 2683//5420 2313//5420
f 2683//5421 2688//5421 2689//5421
f 2691//5422 2314//5422 2690//5422
f 2687//5423 2446//5423 2693//5423
f 2445//5424 2617//5424 2689//5424
f 2617//5425 2593//5425 2899//5425
f 2700//5426 2456//5426 2699//5426
f 2456//5427 2455//5427 2699//5427
f 2701//5428 2566//5428 2700//5428
f 2274//5429 2566//5429 2701//5429
f 2696//5430 2594//5430 2564//5430
f 2567//5431 2274//5431 2701//5431
f 2901//5432 2705//5432 2571//5432
f 2275//5433 2315//5433 2698//5433
f 2703//5434 2458//5434 2710//5434
f 2708//5435 2318//5435 2453//5435
f 2936//5436 2696//5436 2707//5436
f 2901//5437 2571//5437 2608//5437
f 2569//5438 2318//5438 2708//5438
f 2463//5439 2569//5439 2708//5439
f 2715//5440 2234//5440 2567//5440
f 2464//5441 2937//5441 2720//5441
f 2608//5442 2532//5442 2718//5442
f 2463//5443 2902//5443 2903//5443
f 2599//5444 2554//5444 2719//5444
f 2572//5445 2322//5445 2716//5445
f 2463//5446 2903//5446 2723//5446
f 2726//5447 2328//5447 2573//5447
f 2573//5448 2721//5448 2726//5448
f 2575//5449 2730//5449 2317//5449
f 2317//5450 2730//5450 2713//5450
f 2722//5451 2327//5451 2320//5451
f 2732//5452 2327//5452 2722//5452
f 2465//5453 2282//5453 2739//5453
f 2736//5454 2280//5454 2328//5454
f 2738//5455 2904//5455 2728//5455
f 2725//5456 2733//5456 2326//5456
f 2466//5457 2332//5457 2741//5457
f 2905//5458 2733//5458 2538//5458
f 2470//5459 2280//5459 2906//5459
f 2331//5460 2745//5460 2740//5460
f 2282//5461 2742//5461 2739//5461
f 2537//5462 2743//5462 2738//5462
f 2734//5463 2747//5463 2467//5463
f 2578//5464 2333//5464 2746//5464
f 2467//5465 2747//5465 2750//5465
f 2240//5466 2751//5466 2745//5466
f 2752//5467 2927//5467 2742//5467
f 2752//5468 2742//5468 2283//5468
f 2755//5469 2338//5469 2748//5469
f 2760//5470 2743//5470 2540//5470
f 2743//5471 2539//5471 2540//5471
f 2760//5472 2540//5472 2541//5472
f 2759//5473 2761//5473 2344//5473
f 2472//5474 2757//5474 2764//5474
f 2579//5475 2578//5475 2754//5475
f 2339//5476 2753//5476 2763//5476
f 2752//5477 2471//5477 2762//5477
f 2767//5478 2765//5478 2341//5478
f 2479//5479 2766//5479 2474//5479
f 2595//5480 2763//5480 2767//5480
f 2242//5481 2769//5481 2770//5481
f 2346//5482 2766//5482 2479//5482
f 2476//5483 2601//5483 2774//5483
f 2779//5484 2580//5484 2770//5484
f 2484//5485 2776//5485 2778//5485
f 2774//5486 2480//5486 2777//5486
f 2346//5487 2534//5487 2771//5487
f 2771//5488 2534//5488 2783//5488
f 2775//5489 2782//5489 2349//5489
f 2785//5490 2352//5490 2782//5490
f 2908//5491 2354//5491 2792//5491
f 2940//5492 2908//5492 2792//5492
f 2790//5493 2788//5493 2285//5493
f 2790//5494 2285//5494 2356//5494
f 2792//5495 2354//5495 2584//5495
f 2613//5496 2604//5496 2787//5496
f 2789//5497 2613//5497 2787//5497
f 2612//5498 2613//5498 2789//5498
f 2791//5499 2612//5499 2789//5499
f 2356//5500 2788//5500 2790//5500
f 2791//5501 2909//5501 2618//5501
f 2784//5502 2357//5502 2793//5502
f 2788//5503 2797//5503 2787//5503
f 2788//5504 2251//5504 2797//5504
f 2796//5505 2792//5505 2493//5505
f 2603//5506 2618//5506 2909//5506
f 2803//5507 2787//5507 2360//5507
f 2605//5508 2543//5508 2798//5508
f 2910//5509 2359//5509 2252//5509
f 2492//5510 2618//5510 2909//5510
f 2804//5511 2492//5511 2909//5511
f 2807//5512 2585//5512 2800//5512
f 2358//5513 2810//5513 2793//5513
f 2492//5514 2804//5514 2254//5514
f 2805//5515 2496//5515 2499//5515
f 2358//5516 2498//5516 2810//5516
f 2813//5517 2809//5517 2499//5517
f 2544//5518 2814//5518 2911//5518
f 2500//5519 2365//5519 2818//5519
f 2816//5520 2812//5520 2503//5520
f 2544//5521 2814//5521 2619//5521
f 2824//5522 2503//5522 2812//5522
f 2827//5523 2374//5523 2820//5523
f 2823//5524 2372//5524 2912//5524
f 2588//5525 2830//5525 2832//5525
f 2590//5526 2827//5526 2834//5526
f 2835//5527 2912//5527 2372//5527
f 2372//5528 2591//5528 2835//5528
f 2835//5529 2591//5529 2838//5529
f 2547//5530 2841//5530 2546//5530
f 2841//5531 2836//5531 2546//5531
f 2507//5532 2837//5532 2622//5532
f 2838//5533 2512//5533 2843//5533
f 2837//5534 2842//5534 2373//5534
f 2378//5535 2377//5535 2840//5535
f 2512//5536 2380//5536 2846//5536
f 2286//5537 2848//5537 2849//5537
f 2381//5538 2286//5538 2849//5538
f 2847//5539 2510//5539 2851//5539
f 2850//5540 2381//5540 2849//5540
f 2856//5541 2854//5541 2389//5541
f 2515//5542 2388//5542 2858//5542
f 2384//5543 2916//5543 2853//5543
f 2915//5544 2916//5544 2384//5544
f 2915//5545 2384//5545 2264//5545
f 2389//5546 2517//5546 2854//5546
f 2517//5547 2863//5547 2854//5547
f 2864//5548 2866//5548 2548//5548
f 2918//5549 2865//5549 2867//5549
f 2917//5550 2865//5550 2918//5550
f 2520//5551 2867//5551 2918//5551
f 2267//5552 2624//5552 2869//5552
f 2870//5553 2266//5553 2872//5553
f 2919//5554 2267//5554 2870//5554
f 2873//5555 2519//5555 2869//5555
f 2521//5556 2874//5556 2867//5556
f 2624//5557 2267//5557 2919//5557
f 2920//5558 2625//5558 2868//5558
f 2871//5559 2549//5559 2875//5559
f 2875//5560 2625//5560 2920//5560
f 2873//5561 2878//5561 2522//5561
f 2395//5562 2879//5562 2921//5562
f 2550//5563 2395//5563 2921//5563
f 2922//5564 2550//5564 2921//5564
f 2535//5565 2550//5565 2876//5565
f 2525//5566 2880//5566 2879//5566
f 2880//5567 2527//5567 2882//5567
f 2596//5568 2400//5568 2885//5568
f 2400//5569 2530//5569 2888//5569
f 2530//5570 2399//5570 2888//5570
f 2892//5571 2406//5571 2631//5571
f 2893//5572 2293//5572 2412//5572
f 2629//5573 2415//5573 2643//5573
f 2270//5574 2410//5574 2632//5574
f 2418//5575 2414//5575 2634//5575
f 2631//5576 2406//5576 2295//5576
f 2642//5577 2404//5577 2628//5577
f 2637//5578 2295//5578 2894//5578
f 2641//5579 2298//5579 2646//5579
f 2894//5580 2296//5580 2271//5580
f 2615//5581 2299//5581 2614//5581
f 2648//5582 2416//5582 2644//5582
f 2646//5583 2225//5583 2647//5583
f 2638//5584 2304//5584 2653//5584
f 2658//5585 2302//5585 2650//5585
f 2924//5586 2305//5586 2655//5586
f 2308//5587 2426//5587 2661//5587
f 2925//5588 2616//5588 2667//5588
f 2897//5589 2307//5589 2671//5589
f 2667//5590 2431//5590 2672//5590
f 2673//5591 2434//5591 2669//5591
f 2434//5592 2673//5592 2675//5592
f 2679//5593 2441//5593 2680//5593
f 2899//5594 2617//5594 2696//5594
f 2702//5595 2453//5595 2694//5595
f 2455//5596 2703//5596 2699//5596
f 2708//5597 2453//5597 2702//5597
f 2570//5598 2900//5598 2709//5598
f 2695//5599 2452//5599 2706//5599
f 2715//5600 2567//5600 2712//5600
f 2707//5601 2568//5601 2714//5601
f 2464//5602 2570//5602 2937//5602
f 2463//5603 2708//5603 2903//5603
f 2714//5604 2599//5604 2719//5604
f 2465//5605 2731//5605 2727//5605
f 2734//5606 2329//5606 2732//5606
f 2731//5607 2465//5607 2739//5607
f 2905//5608 2733//5608 2725//5608
f 2926//5609 2905//5609 2725//5609
f 2904//5610 2738//5610 2537//5610
f 2610//5611 2334//5611 2749//5611
f 2754//5612 2578//5612 2746//5612
f 2758//5613 2240//5613 2766//5613
f 2907//5614 2760//5614 2541//5614
f 2756//5615 2341//5615 2765//5615
f 2240//5616 2474//5616 2766//5616
f 2768//5617 2340//5617 2764//5617
f 2907//5618 2541//5618 2772//5618
f 2478//5619 2768//5619 2773//5619
f 2908//5620 2940//5620 2245//5620
f 2604//5621 2788//5621 2787//5621
f 2799//5622 2359//5622 2802//5622
f 2254//5623 2804//5623 2816//5623
f 2804//5624 2812//5624 2816//5624
f 2804//5625 2909//5625 2812//5625
f 2805//5626 2499//5626 2809//5626
f 2818//5627 2365//5627 2494//5627
f 2807//5628 2818//5628 2494//5628
f 2500//5629 2818//5629 2817//5629
f 2820//5630 2501//5630 2815//5630
f 2823//5631 2819//5631 2258//5631
f 2258//5632 2372//5632 2823//5632
f 2588//5633 2826//5633 2830//5633
f 2545//5634 2836//5634 2833//5634
f 2545//5635 2546//5635 2836//5635
f 2375//5636 2834//5636 2839//5636
f 2511//5637 2839//5637 2840//5637
f 2838//5638 2376//5638 2512//5638
f 2844//5639 2378//5639 2840//5639
f 2846//5640 2592//5640 2845//5640
f 2264//5641 2860//5641 2859//5641
f 2860//5642 2514//5642 2861//5642
f 2391//5643 2865//5643 2863//5643
f 2869//5644 2624//5644 2919//5644
f 2872//5645 2266//5645 2871//5645
f 2596//5646 2889//5646 2885//5646
f 2399//5647 2891//5647 2888//5647
f 2634//5648 2409//5648 2892//5648
f 2895//5649 2646//5649 2647//5649
f 2951//5650 2646//5650 2895//5650
f 2651//5651 2657//5651 2934//5651
f 2659//5652 2934//5652 2657//5652
f 2662//5653 2305//5653 2924//5653
f 2658//5654 2661//5654 2660//5654
f 2308//5655 2661//5655 2896//5655
f 2670//5656 2665//5656 2616//5656
f 2668//5657 2935//5657 2663//5657
f 2307//5658 2897//5658 2666//5658
f 2666//5659 2897//5659 2671//5659
f 2441//5660 2674//5660 2680//5660
f 2314//5661 2682//5661 2690//5661
f 2698//5662 2563//5662 2692//5662
f 2706//5663 2316//5663 2716//5663
f 2554//5664 2728//5664 2719//5664
f 2748//5665 2470//5665 2906//5665
f 2749//5666 2538//5666 2733//5666
f 2744//5667 2241//5667 2756//5667
f 2756//5668 2767//5668 2938//5668
f 2767//5669 2756//5669 2765//5669
f 2484//5670 2761//5670 2776//5670
f 2766//5671 2346//5671 2771//5671
f 2928//5672 2780//5672 2779//5672
f 2777//5673 2481//5673 2929//5673
f 2481//5674 2780//5674 2929//5674
f 2780//5675 2928//5675 2929//5675
f 2940//5676 2772//5676 2908//5676
f 2786//5677 2781//5677 2941//5677
f 2945//5678 2791//5678 2789//5678
f 2945//5679 2909//5679 2791//5679
f 2795//5680 2361//5680 2799//5680
f 2802//5681 2359//5681 2910//5681
f 2910//5682 2252//5682 2805//5682
f 2815//5683 2794//5683 2954//5683
f 2819//5684 2806//5684 2258//5684
f 2814//5685 2544//5685 2798//5685
f 2812//5686 2946//5686 2824//5686
f 2620//5687 2811//5687 2371//5687
f 2912//5688 2835//5688 2823//5688
f 2368//5689 2829//5689 2831//5689
f 2847//5690 2833//5690 2841//5690
f 2836//5691 2841//5691 2833//5691
f 2955//5692 2840//5692 2839//5692
f 2845//5693 2378//5693 2844//5693
f 2286//5694 2373//5694 2842//5694
f 2858//5695 2388//5695 2516//5695
f 2861//5696 2515//5696 2858//5696
f 2873//5697 2869//5697 2947//5697
f 2874//5698 2877//5698 2867//5698
f 2919//5699 2870//5699 2872//5699
f 2921//5700 2879//5700 3004//5700
f 2886//5701 2551//5701 2884//5701
f 2888//5702 2949//5702 2885//5702
f 2882//5703 2948//5703 2880//5703
f 2931//5704 2880//5704 2948//5704
f 2891//5705 2398//5705 2890//5705
f 2923//5706 2270//5706 2632//5706
f 2639//5707 2418//5707 2634//5707
f 2893//5708 2301//5708 2638//5708
f 2959//5709 2895//5709 2933//5709
f 2616//5710 2925//5710 2665//5710
f 2702//5711 2694//5711 2952//5711
f 2275//5712 2698//5712 2711//5712
f 2729//5713 2466//5713 2741//5713
f 2743//5714 2989//5714 2904//5714
f 2746//5715 2737//5715 2967//5715
f 2767//5716 2763//5716 2753//5716
f 2769//5717 2579//5717 2754//5717
f 2476//5718 2774//5718 2762//5718
f 2939//5719 2777//5719 2929//5719
f 2929//5720 2928//5720 2779//5720
f 2772//5721 2245//5721 2908//5721
f 2800//5722 2785//5722 2943//5722
f 2796//5723 2806//5723 2792//5723
f 2944//5724 2789//5724 2787//5724
f 2944//5725 2787//5725 2803//5725
f 2945//5726 2789//5726 2944//5726
f 2812//5727 2909//5727 2945//5727
f 2803//5728 2808//5728 2797//5728
f 2812//5729 2945//5729 2946//5729
f 2824//5730 2946//5730 2825//5730
f 2858//5731 2516//5731 2914//5731
f 2947//5732 2869//5732 2919//5732
f 2526//5733 2881//5733 2884//5733
f 2629//5734 2628//5734 2956//5734
f 2658//5735 2960//5735 2661//5735
f 2961//5736 2667//5736 2672//5736
f 2962//5737 2672//5737 2677//5737
f 2898//5738 2689//5738 2982//5738
f 2983//5739 2899//5739 2696//5739
f 2937//5740 2570//5740 2709//5740
f 2724//5741 2720//5741 2937//5741
f 2714//5742 2719//5742 2728//5742
f 2966//5743 2727//5743 2731//5743
f 2966//5744 2731//5744 2739//5744
f 2968//5745 2744//5745 2756//5745
f 2767//5746 2753//5746 2938//5746
f 2762//5747 2774//5747 2969//5747
f 2774//5748 2777//5748 3012//5748
f 2991//5749 2772//5749 2940//5749
f 2771//5750 2783//5750 2971//5750
f 2785//5751 2782//5751 2972//5751
f 2794//5752 2786//5752 2973//5752
f 2798//5753 2930//5753 2814//5753
f 2946//5754 2945//5754 2944//5754
f 2946//5755 2944//5755 2821//5755
f 2797//5756 2826//5756 2803//5756
f 2826//5757 2797//5757 2808//5757
f 2946//5758 2821//5758 2825//5758
f 2834//5759 2827//5759 2820//5759
f 2811//5760 2620//5760 2975//5760
f 2620//5761 2621//5761 2975//5761
f 2823//5762 2835//5762 2996//5762
f 2828//5763 2619//5763 2913//5763
f 2831//5764 2976//5764 2837//5764
f 2848//5765 2286//5765 2842//5765
f 2854//5766 2863//5766 2865//5766
f 2865//5767 2977//5767 2854//5767
f 2889//5768 2888//5768 2885//5768
f 2887//5769 2886//5769 2884//5769
f 2932//5770 3004//5770 2931//5770
f 3004//5771 2880//5771 2931//5771
f 2957//5772 2629//5772 2643//5772
f 2633//5773 2651//5773 2958//5773
f 2670//5774 2665//5774 2925//5774
f 2683//5775 2898//5775 2980//5775
f 2952//5776 2694//5776 2691//5776
f 2984//5777 2705//5777 2985//5777
f 2705//5778 2901//5778 2985//5778
f 2963//5779 2724//5779 2937//5779
f 2903//5780 2708//5780 2987//5780
f 2936//5781 2707//5781 2714//5781
f 2749//5782 2733//5782 2905//5782
f 2745//5783 2735//5783 2740//5783
f 2755//5784 2748//5784 2759//5784
f 2766//5785 2771//5785 2970//5785
f 2928//5786 2779//5786 2992//5786
f 2806//5787 2993//5787 2792//5787
f 2823//5788 2806//5788 2819//5788
f 2814//5789 2930//5789 2994//5789
f 2814//5790 2994//5790 2995//5790
f 2995//5791 2619//5791 2814//5791
f 2839//5792 2834//5792 2997//5792
f 2846//5793 2999//5793 2843//5793
f 2854//5794 2977//5794 2851//5794
f 2855//5795 2850//5795 3001//5795
f 2852//5796 2623//5796 2853//5796
f 3002//5797 2853//5797 2916//5797
f 2915//5798 2859//5798 2916//5798
f 2872//5799 2871//5799 2978//5799
f 2872//5800 2978//5800 2919//5800
f 2979//5801 2895//5801 2959//5801
f 2898//5802 2982//5802 2981//5802
f 2691//5803 2690//5803 3032//5803
f 2900//5804 2705//5804 2984//5804
f 2708//5805 2702//5805 3009//5805
f 2703//5806 2710//5806 2986//5806
f 2709//5807 2900//5807 2937//5807
f 2708//5808 3009//5808 2987//5808
f 2718//5809 3010//5809 2608//5809
f 2964//5810 3010//5810 2718//5810
f 2714//5811 2728//5811 2988//5811
f 2723//5812 2903//5812 3034//5812
f 2906//5813 2736//5813 2726//5813
f 2904//5814 2738//5814 2743//5814
f 2990//5815 2759//5815 2748//5815
f 2989//5816 2743//5816 2760//5816
f 2751//5817 2758//5817 2766//5817
f 3021//5818 2760//5818 2907//5818
f 2907//5819 2772//5819 3011//5819
f 2776//5820 2761//5820 2778//5820
f 2970//5821 2771//5821 2971//5821
f 2777//5822 2939//5822 3012//5822
f 3035//5823 2793//5823 2810//5823
f 2826//5824 2821//5824 2944//5824
f 2820//5825 2815//5825 2954//5825
f 2834//5826 2820//5826 2997//5826
f 2835//5827 2838//5827 2996//5827
f 2830//5828 2826//5828 2832//5828
f 2844//5829 2840//5829 2955//5829
f 3000//5830 2844//5830 2955//5830
f 2621//5831 2833//5831 2998//5831
f 2999//5832 3014//5832 2843//5832
f 2838//5833 2843//5833 3014//5833
f 2998//5834 2833//5834 2847//5834
f 2844//5835 3000//5835 3015//5835
f 2846//5836 2845//5836 2999//5836
f 3015//5837 2999//5837 2845//5837
f 3016//5838 2847//5838 2851//5838
f 3016//5839 2998//5839 2847//5839
f 3017//5840 2851//5840 2977//5840
f 2852//5841 2853//5841 3002//5841
f 3003//5842 2860//5842 2861//5842
f 2918//5843 2867//5843 2877//5843
f 2879//5844 2880//5844 3004//5844
f 3005//5845 2875//5845 2920//5845
f 3006//5846 2919//5846 2978//5846
f 2950//5847 2932//5847 2931//5847
f 2626//5848 2650//5848 2645//5848
f 3042//5849 2666//5849 2671//5849
f 2683//5850 2980//5850 2677//5850
f 2690//5851 2682//5851 3032//5851
f 2982//5852 2689//5852 2899//5852
f 2700//5853 3046//5853 3094//5853
f 2695//5854 2706//5854 3019//5854
f 2710//5855 2713//5855 2965//5855
f 2714//5856 3020//5856 2936//5856
f 2724//5857 2720//5857 2725//5857
f 2720//5858 2926//5858 2725//5858
f 2967//5859 2737//5859 2723//5859
f 2989//5860 2760//5860 3021//5860
f 2752//5861 2762//5861 3022//5861
f 2752//5862 3022//5862 2927//5862
f 3021//5863 2907//5863 3011//5863
f 2778//5864 2761//5864 3023//5864
f 3011//5865 2772//5865 2991//5865
f 2782//5866 2775//5866 3024//5866
f 2779//5867 2770//5867 2992//5867
f 2930//5868 2953//5868 2942//5868
f 2910//5869 2805//5869 3249//5869
f 2806//5870 2823//5870 3025//5870
f 2930//5871 2953//5871 3013//5871
f 2994//5872 2930//5872 3013//5872
f 2944//5873 2803//5873 2826//5873
f 2994//5874 3026//5874 2995//5874
f 2808//5875 2822//5875 2832//5875
f 2831//5876 2829//5876 2976//5876
f 2845//5877 2844//5877 3015//5877
f 2852//5878 3002//5878 3027//5878
f 3017//5879 2977//5879 2917//5879
f 2917//5880 2977//5880 2865//5880
f 3036//5881 2917//5881 2918//5881
f 2877//5882 2876//5882 2918//5882
f 3005//5883 2871//5883 2875//5883
f 2887//5884 2884//5884 3028//5884
f 2888//5885 2891//5885 3029//5885
f 2883//5886 2948//5886 2882//5886
f 2931//5887 3030//5887 2950//5887
f 2637//5888 2894//5888 3175//5888
f 3177//5889 2894//5889 2615//5889
f 2647//5890 2646//5890 2951//5890
f 2647//5891 2951//5891 2895//5891
f 2656//5892 2664//5892 3008//5892
f 2979//5893 2959//5893 3018//5893
f 3033//5894 2982//5894 2899//5894
f 2695//5895 3019//5895 2693//5895
f 2965//5896 2713//5896 2730//5896
f 2745//5897 2751//5897 3227//5897
f 2756//5898 2938//5898 3114//5898
f 3118//5899 3011//5899 2991//5899
f 3130//5900 2786//5900 2941//5900
f 2940//5901 2792//5901 2993//5901
f 2943//5902 3136//5902 2800//5902
f 3134//5903 2784//5903 2793//5903
f 2839//5904 2997//5904 3057//5904
f 2859//5905 2860//5905 3003//5905
f 3036//5906 2918//5906 3037//5906
f 2947//5907 2919//5907 3006//5907
f 2920//5908 3038//5908 3005//5908
f 2673//5909 2669//5909 2675//5909
f 2674//5910 3044//5910 2680//5910
f 3086//5911 2898//5911 2980//5911
f 2681//5912 2685//5912 2687//5912
f 2984//5913 3045//5913 2900//5913
f 2983//5914 2696//5914 2936//5914
f 3034//5915 2723//5915 3102//5915
f 2728//5916 2904//5916 2988//5916
f 2739//5917 2742//5917 2966//5917
f 3104//5918 2749//5918 2905//5918
f 2968//5919 2756//5919 3052//5919
f 2938//5920 2753//5920 2749//5920
f 3115//5921 2761//5921 2759//5921
f 2768//5922 2773//5922 2775//5922
f 3121//5923 2969//5923 2774//5923
f 3024//5924 3123//5924 2782//5924
f 2941//5925 2781//5925 2778//5925
f 2973//5926 2954//5926 2794//5926
f 2820//5927 2954//5927 3055//5927
f 2800//5928 3056//5928 2807//5928
f 2996//5929 3146//5929 3144//5929
f 2838//5930 3146//5930 2996//5930
f 2826//5931 2808//5931 2832//5931
f 3146//5932 2838//5932 3144//5932
f 3058//5933 2828//5933 2913//5933
f 3151//5934 2848//5934 2842//5934
f 3016//5935 2851//5935 3017//5935
f 3156//5936 2855//5936 3368//5936
f 2917//5937 3036//5937 3017//5937
f 2888//5938 3029//5938 2949//5938
f 2887//5939 3028//5939 3064//5939
f 2890//5940 2887//5940 3064//5940
f 2891//5941 2890//5941 3029//5941
f 2950//5942 3171//5942 2932//5942
f 3290//5943 2629//5943 2957//5943
f 3294//5944 2893//5944 3174//5944
f 3065//5945 2957//5945 2643//5945
f 2643//5946 2636//5946 3065//5946
f 3380//5947 2631//5947 2637//5947
f 2644//5948 2640//5948 3070//5948
f 2646//5949 3069//5949 2641//5949
f 3071//5950 2642//5950 2628//5950
f 2654//5951 3073//5951 2655//5951
f 3076//5952 2979//5952 3018//5952
f 2934//5953 2659//5953 2663//5953
f 2934//5954 2663//5954 3077//5954
f 3080//5955 3018//5955 3031//5955
f 3081//5956 3080//5956 3031//5956
f 2961//5957 3082//5957 2667//5957
f 2674//5958 2896//5958 3044//5958
f 2962//5959 3084//5959 2672//5959
f 3085//5960 2671//5960 2676//5960
f 2680//5961 3044//5961 3191//5961
f 2677//5962 2980//5962 3086//5962
f 2980//5963 2898//5963 3087//5963
f 3089//5964 3032//5964 2682//5964
f 3087//5965 2898//5965 2981//5965
f 3087//5966 2981//5966 2982//5966
f 3197//5967 2982//5967 3033//5967
f 2693//5968 2687//5968 3091//5968
f 3093//5969 2985//5969 2901//5969
f 3033//5970 2899//5970 2983//5970
f 2701//5971 2700//5971 3094//5971
f 2703//5972 3203//5972 2699//5972
f 3019//5973 2706//5973 3047//5973
f 3325//5974 2703//5974 3328//5974
f 3019//5975 3047//5975 3048//5975
f 3047//5976 2706//5976 3048//5976
f 3099//5977 2715//5977 2712//5977
f 2710//5978 2965//5978 2986//5978
f 3210//5979 2936//5979 3020//5979
f 3098//5980 2724//5980 2963//5980
f 3098//5981 3100//5981 2724//5981
f 2706//5982 2716//5982 3213//5982
f 2720//5983 2724//5983 3101//5983
f 3049//5984 2965//5984 3217//5984
f 2965//5985 2730//5985 3217//5985
f 2967//5986 2723//5986 3034//5986
f 3108//5987 2988//5987 3050//5987
f 3034//5988 3102//5988 2967//5988
f 3050//5989 2988//5989 2904//5989
f 2905//5990 2926//5990 3104//5990
f 3108//5991 3050//5991 2904//5991
f 3220//5992 2967//5992 3102//5992
f 3342//5993 3108//5993 2904//5993
f 3107//5994 2748//5994 2906//5994
f 2968//5995 3052//5995 2744//5995
f 2754//5996 2746//5996 3224//5996
f 2762//5997 2969//5997 3121//5997
f 3122//5998 2773//5998 2768//5998
f 3237//5999 2778//5999 3233//5999
f 3122//6000 3024//6000 2775//6000
f 2941//6001 3237//6001 3125//6001
f 2940//6002 3238//6002 2991//6002
f 2941//6003 2778//6003 3237//6003
f 3126//6004 2928//6004 2992//6004
f 2939//6005 3240//6005 3128//6005
f 3131//6006 2939//6006 2929//6006
f 2785//6007 2972//6007 3129//6007
f 2973//6008 3130//6008 2941//6008
f 2786//6009 3130//6009 2973//6009
f 2785//6010 3351//6010 3053//6010
f 2943//6011 2785//6011 3053//6011
f 2973//6012 3244//6012 3135//6012
f 3135//6013 2954//6013 2973//6013
f 3243//6014 2993//6014 2806//6014
f 3353//6015 2799//6015 2802//6015
f 2802//6016 2910//6016 3139//6016
f 3247//6017 2793//6017 3035//6017
f 2810//6018 3247//6018 3035//6018
f 3245//6019 3025//6019 2823//6019
f 3057//6020 2997//6020 3252//6020
f 2994//6021 3013//6021 3142//6021
f 2955//6022 3057//6022 3252//6022
f 2839//6023 3057//6023 2955//6023
f 3147//6024 3148//6024 2955//6024
f 3000//6025 2955//6025 3148//6025
f 3257//6026 3144//6026 3014//6026
f 3058//6027 2829//6027 2828//6027
f 2849//6028 3366//6028 3269//6028
f 2850//6029 2849//6029 3269//6029
f 2998//6030 3016//6030 3152//6030
f 3153//6031 3001//6031 2850//6031
f 3156//6032 2914//6032 2855//6032
f 3369//6033 3157//6033 2861//6033
f 3159//6034 2852//6034 3027//6034
f 3002//6035 2916//6035 3060//6035
f 2918//6036 3163//6036 3037//6036
f 3163//6037 2918//6037 2876//6037
f 3165//6038 3163//6038 2921//6038
f 2921//6039 3163//6039 2922//6039
f 2871//6040 3005//6040 3279//6040
f 3165//6041 2921//6041 3004//6041
f 3165//6042 3004//6042 3166//6042
f 3062//6043 2947//6043 3006//6043
f 3280//6044 3005//6044 3038//6044
f 2885//6045 3063//6045 2883//6045
f 3285//6046 2948//6046 2883//6046
f 3291//6047 3290//6047 2957//6047
f 3293//6048 2892//6048 2631//6048
f 2630//6049 2893//6049 3294//6049
f 2627//6050 3295//6050 2626//6050
f 3296//6051 2634//6051 3172//6051
f 2640//6052 2630//6052 3294//6052
f 2893//6053 2638//6053 3174//6053
f 2923//6054 3065//6054 2636//6054
f 3175//6055 2894//6055 3177//6055
f 3178//6056 2614//6056 2648//6056
f 2642//6057 3071//6057 3072//6057
f 3179//6058 3178//6058 2648//6058
f 3068//6059 2633//6059 2958//6059
f 3070//6060 2648//6060 2644//6060
f 3302//6061 3007//6061 2615//6061
f 2654//6062 2652//6062 3181//6062
f 2979//6063 2895//6063 3039//6063
f 2979//6064 3076//6064 3039//6064
f 2664//6065 3309//6065 3307//6065
f 3078//6066 3031//6066 3018//6066
f 2935//6067 3079//6067 2663//6067
f 3189//6068 2664//6068 2666//6068
f 3081//6069 3041//6069 3080//6069
f 3041//6070 3018//6070 3080//6070
f 2667//6071 3187//6071 2925//6071
f 2935//6072 2668//6072 3313//6072
f 3314//6073 2675//6073 2669//6073
f 2678//6074 2675//6074 3314//6074
f 2684//6075 2678//6075 3192//6075
f 2687//6076 3088//6076 2681//6076
f 2691//6077 3032//6077 3089//6077
f 3194//6078 3195//6078 2691//6078
f 2693//6079 3196//6079 2687//6079
f 2952//6080 2691//6080 3195//6080
f 2692//6081 2686//6081 3090//6081
f 3198//6082 3092//6082 2984//6082
f 3200//6083 3197//6083 3033//6083
f 3093//6084 3198//6084 2984//6084
f 2952//6085 3195//6085 3199//6085
f 2985//6086 3093//6086 2984//6086
f 3045//6087 3202//6087 2900//6087
f 3199//6088 2702//6088 2952//6088
f 3200//6089 3033//6089 2983//6089
f 2700//6090 2699//6090 3203//6090
f 3009//6091 2702//6091 3199//6091
f 3009//6092 3199//6092 3095//6092
f 3203//6093 2703//6093 3324//6093
f 2901//6094 3204//6094 3093//6094
f 2693//6095 3019//6095 3205//6095
f 3207//6096 2983//6096 3096//6096
f 2900//6097 3206//6097 2937//6097
f 2937//6098 3206//6098 3208//6098
f 3098//6099 2937//6099 3209//6099
f 3097//6100 3099//6100 2701//6100
f 2937//6101 3208//6101 3209//6101
f 3099//6102 2712//6102 2701//6102
f 2963//6103 3209//6103 3098//6103
f 3098//6104 2963//6104 2937//6104
f 2987//6105 3009//6105 3211//6105
f 3210//6106 2983//6106 2936//6106
f 3330//6107 2608//6107 3010//6107
f 2903//6108 2987//6108 3212//6108
f 2706//6109 3213//6109 3333//6109
f 2721//6110 2715//6110 3332//6110
f 3214//6111 3020//6111 2714//6111
f 3215//6112 2718//6112 2729//6112
f 2726//6113 2721//6113 3335//6113
f 3218//6114 2714//6114 2988//6114
f 3104//6115 2926//6115 3219//6115
f 3338//6116 2729//6116 2741//6116
f 3106//6117 2734//6117 3339//6117
f 3105//6118 2735//6118 2745//6118
f 2966//6119 2742//6119 3051//6119
f 2904//6120 2989//6120 3110//6120
f 3223//6121 2749//6121 3104//6121
f 3221//6122 2966//6122 3051//6122
f 2748//6123 3222//6123 2990//6123
f 3222//6124 3111//6124 2990//6124
f 2756//6125 3112//6125 3052//6125
f 3228//6126 2742//6126 2927//6126
f 2989//6127 3021//6127 3110//6127
f 2938//6128 2749//6128 3226//6128
f 3052//6129 3112//6129 3114//6129
f 3112//6130 2756//6130 3114//6130
f 3345//6131 3110//6131 3021//6131
f 2990//6132 3115//6132 2759//6132
f 2761//6133 3115//6133 3119//6133
f 2927//6134 3116//6134 3228//6134
f 3230//6135 2769//6135 2754//6135
f 3118//6136 3345//6136 3021//6136
f 3116//6137 2927//6137 3022//6137
f 3118//6138 3021//6138 3011//6138
f 3023//6139 2761//6139 3119//6139
f 3117//6140 2766//6140 3120//6140
f 3116//6141 2762//6141 3121//6141
f 2775//6142 2773//6142 3122//6142
f 2778//6143 3023//6143 3233//6143
f 3234//6144 3120//6144 2766//6144
f 3234//6145 2766//6145 2970//6145
f 2770//6146 3235//6146 3236//6146
f 3126//6147 2770//6147 3236//6147
f 2774//6148 3012//6148 3121//6148
f 3012//6149 3128//6149 3121//6149
f 3126//6150 2992//6150 2770//6150
f 3127//6151 3238//6151 2940//6151
f 2970//6152 2971//6152 3124//6152
f 2972//6153 2782//6153 3129//6153
f 2939//6154 3128//6154 3012//6154
f 2941//6155 3125//6155 3239//6155
f 2941//6156 3239//6156 2973//6156
f 3132//6157 3131//6157 2929//6157
f 3133//6158 2928//6158 3126//6158
f 3127//6159 2940//6159 2993//6159
f 3131//6160 3240//6160 2939//6160
f 3241//6161 3132//6161 2929//6161
f 3129//6162 3351//6162 2785//6162
f 2929//6163 2928//6163 3242//6163
f 2928//6164 3133//6164 3242//6164
f 3131//6165 3132//6165 3240//6165
f 3241//6166 2929//6166 3242//6166
f 3352//6167 3243//6167 2993//6167
f 3136//6168 2943//6168 3053//6168
f 3352//6169 3243//6169 2806//6169
f 3138//6170 2954//6170 3135//6170
f 3352//6171 2806//6171 3245//6171
f 2953//6172 2930//6172 3137//6172
f 3246//6173 2953//6173 3137//6173
f 2954//6174 3138//6174 3140//6174
f 2954//6175 3140//6175 3055//6175
f 3025//6176 3245//6176 2806//6176
f 2930//6177 2798//6177 3054//6177
f 3137//6178 2930//6178 3054//6178
f 3355//6179 2798//6179 2795//6179
f 2997//6180 2820//6180 3140//6180
f 2953//6181 3142//6181 3013//6181
f 2953//6182 3246//6182 3142//6182
f 2800//6183 3248//6183 3056//6183
f 3055//6184 3140//6184 2820//6184
f 3250//6185 2997//6185 3140//6185
f 3254//6186 3245//6186 2823//6186
f 3247//6187 2810//6187 3141//6187
f 3254//6188 2823//6188 2996//6188
f 3253//6189 3254//6189 2996//6189
f 3144//6190 3253//6190 2996//6190
f 3145//6191 2810//6191 2811//6191
f 3147//6192 2955//6192 3252//6192
f 3142//6193 3149//6193 2994//6193
f 2955//6194 3147//6194 3255//6194
f 3014//6195 3258//6195 3257//6195
f 3262//6196 3257//6196 3258//6196
f 3000//6197 3256//6197 3259//6197
f 3015//6198 3261//6198 2999//6198
f 2999//6199 3262//6199 3260//6199
f 3000//6200 3259//6200 3015//6200
f 3261//6201 3260//6201 2999//6201
f 3262//6202 3258//6202 3014//6202
f 3262//6203 3014//6203 2999//6203
f 2975//6204 3263//6204 2811//6204
f 2621//6205 3263//6205 2975//6205
f 3263//6206 3266//6206 3150//6206
f 3058//6207 2619//6207 3264//6207
f 3263//6208 2621//6208 3266//6208
f 3058//6209 2913//6209 2619//6209
f 2998//6210 3266//6210 2621//6210
f 2829//6211 3267//6211 2976//6211
f 2842//6212 2837//6212 3268//6212
f 3153//6213 2850//6213 3269//6213
f 3152//6214 3150//6214 2998//6214
f 3154//6215 3001//6215 3153//6215
f 3016//6216 3017//6216 3152//6216
f 3270//6217 2855//6217 3001//6217
f 3271//6218 3155//6218 3017//6218
f 3159//6219 2857//6219 2852//6219
f 3159//6220 2862//6220 2857//6220
f 3017//6221 3272//6221 3271//6221
f 2859//6222 3003//6222 3158//6222
f 3017//6223 3036//6223 3272//6223
f 2859//6224 3273//6224 3274//6224
f 2859//6225 3274//6225 2916//6225
f 2862//6226 3159//6226 3370//6226
f 3272//6227 3036//6227 3275//6227
f 3277//6228 3276//6228 3027//6228
f 3027//6229 3002//6229 3371//6229
f 3037//6230 3275//6230 3036//6230
f 3162//6231 3372//6231 3275//6231
f 3162//6232 3275//6232 3037//6232
f 2866//6233 3161//6233 2868//6233
f 2868//6234 3161//6234 2920//6234
f 3163//6235 3162//6235 3037//6235
f 2876//6236 2922//6236 3163//6236
f 3278//6237 3038//6237 2920//6237
f 3279//6238 2978//6238 2871//6238
f 3375//6239 2947//6239 3062//6239
f 3062//6240 3006//6240 3167//6240
f 3167//6241 3006//6241 2978//6241
f 3169//6242 3028//6242 2884//6242
f 3169//6243 3284//6243 3028//6243
f 3064//6244 3282//6244 2890//6244
f 3170//6245 3029//6245 2890//6245
f 3286//6246 3166//6246 2932//6246
f 2932//6247 3166//6247 3004//6247
f 3030//6248 2931//6248 3287//6248
f 2635//6249 3289//6249 2627//6249
f 3292//6250 3291//6250 2957//6250
f 3172//6251 2892//6251 3293//6251
f 2957//6252 3065//6252 3292//6252
f 3065//6253 2636//6253 3292//6253
f 3288//6254 3295//6254 2627//6254
f 3290//6255 2956//6255 2629//6255
f 3173//6256 2633//6256 3068//6256
f 3173//6257 2632//6257 2633//6257
f 3298//6258 2640//6258 3294//6258
f 3297//6259 2639//6259 2634//6259
f 2628//6260 2956//6260 3290//6260
f 3293//6261 2631//6261 3380//6261
f 3069//6262 2635//6262 2641//6262
f 3380//6263 2637//6263 3175//6263
f 3176//6264 2647//6264 2642//6264
f 3297//6265 3300//6265 2649//6265
f 3297//6266 2649//6266 2639//6266
f 3069//6267 2646//6267 3066//6267
f 2614//6268 3178//6268 2615//6268
f 3299//6269 2638//6269 2653//6269
f 3303//6270 2626//6270 3295//6270
f 2651//6271 3301//6271 2958//6271
f 2649//6272 3181//6272 2652//6272
f 3299//6273 2653//6273 3180//6273
f 3182//6274 2650//6274 3303//6274
f 3073//6275 2654//6275 3181//6275
f 3305//6276 2650//6276 3182//6276
f 2895//6277 3183//6277 3039//6277
f 2658//6278 2650//6278 3305//6278
f 3075//6279 2651//6279 2934//6279
f 2959//6280 2979//6280 3039//6280
f 2924//6281 2655//6281 3304//6281
f 3184//6282 2959//6282 3039//6282
f 2662//6283 2924//6283 3306//6283
f 3040//6284 2656//6284 3307//6284
f 2960//6285 2658//6285 3185//6285
f 3305//6286 3185//6286 2658//6286
f 2662//6287 3306//6287 3308//6287
f 2959//6288 3184//6288 3018//6288
f 3008//6289 2664//6289 3307//6289
f 2661//6290 2960//6290 3185//6290
f 3018//6291 3078//6291 3076//6291
f 3310//6292 3031//6292 3078//6292
f 3031//6293 3310//6293 3081//6293
f 3309//6294 2664//6294 3189//6294
f 3311//6295 2661//6295 3185//6295
f 3311//6296 2896//6296 2661//6296
f 3018//6297 3041//6297 3078//6297
f 3188//6298 3079//6298 2935//6298
f 2662//6299 3308//6299 2669//6299
f 2925//6300 3187//6300 2670//6300
f 3312//6301 2670//6301 3187//6301
f 3189//6302 2666//6302 3042//6302
f 3311//6303 3044//6303 2896//6303
f 2670//6304 3312//6304 2668//6304
f 3043//6305 3081//6305 3190//6305
f 2961//6306 2672//6306 3082//6306
f 3042//6307 2671//6307 3315//6307
f 3082//6308 2672//6308 3083//6308
f 2671//6309 3085//6309 3315//6309
f 2672//6310 3084//6310 3083//6310
f 2962//6311 2677//6311 3316//6311
f 2962//6312 3316//6312 3084//6312
f 2677//6313 3086//6313 3316//6313
f 3193//6314 2682//6314 2680//6314
f 3086//6315 2980//6315 3087//6315
f 2676//6316 2681//6316 3088//6316
f 3193//6317 3089//6317 2682//6317
f 3194//6318 2691//6318 3089//6318
f 3194//6319 3089//6319 3195//6319
f 3088//6320 2687//6320 3318//6320
f 3381//6321 3087//6321 2982//6321
f 3381//6322 2982//6322 3197//6322
f 3320//6323 2692//6323 3090//6323
f 3198//6324 3093//6324 3319//6324
f 3195//6325 3382//6325 3199//6325
f 3202//6326 2984//6326 3092//6326
f 2698//6327 2692//6327 3320//6327
f 3091//6328 2693//6328 3205//6328
f 3201//6329 2700//6329 3203//6329
f 3206//6330 2900//6330 3202//6330
f 3095//6331 3199//6331 3321//6331
f 3093//6332 3204//6332 3322//6332
f 3207//6333 3200//6333 2983//6333
f 2703//6334 3325//6334 3324//6334
f 2701//6335 3094//6335 3097//6335
f 2698//6336 3326//6336 2711//6336
f 3211//6337 3009//6337 3095//6337
f 3327//6338 3096//6338 3210//6338
f 3210//6339 3096//6339 2983//6339
f 2987//6340 3211//6340 3212//6340
f 3332//6341 2715//6341 3099//6341
f 2706//6342 3333//6342 3048//6342
f 3020//6343 3214//6343 3331//6343
f 3334//6344 2717//6344 2711//6344
f 3210//6345 3020//6345 3331//6345
f 2724//6346 3100//6346 3101//6346
f 3385//6347 3330//6347 3010//6347
f 2903//6348 3212//6348 3384//6348
f 2723//6349 2903//6349 3384//6349
f 3334//6350 2722//6350 2717//6350
f 2720//6351 3219//6351 2926//6351
f 3101//6352 3219//6352 2720//6352
f 2722//6353 3334//6353 3216//6353
f 2716//6354 2727//6354 3103//6354
f 3214//6355 2714//6355 3336//6355
f 3336//6356 2714//6356 3218//6356
f 3218//6357 2988//6357 3336//6357
f 3215//6358 2729//6358 3338//6358
f 2722//6359 3216//6359 2732//6359
f 2906//6360 2726//6360 3340//6360
f 2727//6361 2966//6361 3103//6361
f 3339//6362 2734//6362 2732//6362
f 3103//6363 2966//6363 3221//6363
f 3218//6364 2988//6364 3108//6364
f 2741//6365 3341//6365 3338//6365
f 2747//6366 2734//6366 3106//6366
f 2747//6367 3106//6367 3343//6367
f 2748//6368 3107//6368 3222//6368
f 3342//6369 2904//6369 3110//6369
f 3109//6370 2744//6370 3052//6370
f 3226//6371 2749//6371 3223//6371
f 3115//6372 2990//6372 3111//6372
f 3226//6373 3114//6373 2938//6373
f 2747//6374 3343//6374 2750//6374
f 3051//6375 2742//6375 3228//6375
f 3345//6376 3342//6376 3110//6376
f 2750//6377 3113//6377 3229//6377
f 2757//6378 2750//6378 3229//6378
f 3227//6379 2751//6379 3117//6379
f 3119//6380 3115//6380 3387//6380
f 2757//6381 3229//6381 2764//6381
f 3117//6382 2751//6382 2766//6382
f 2769//6383 3230//6383 3231//6383
f 3232//6384 2768//6384 2764//6384
f 2762//6385 3116//6385 3022//6385
f 2769//6386 3231//6386 3235//6386
f 3119//6387 3233//6387 3023//6387
f 3121//6388 3346//6388 3116//6388
f 3388//6389 3118//6389 3238//6389
f 2770//6390 2769//6390 3235//6390
f 2991//6391 3238//6391 3118//6391
f 3123//6392 3024//6392 3122//6392
f 3347//6393 3238//6393 3127//6393
f 3121//6394 3128//6394 3348//6394
f 2971//6395 2783//6395 3124//6395
f 2782//6396 3349//6396 3129//6396
f 2783//6397 2784//6397 3124//6397
f 3127//6398 2993//6398 3243//6398
f 3128//6399 3240//6399 3350//6399
f 2973//6400 3239//6400 3244//6400
f 3127//6401 3243//6401 3352//6401
f 3241//6402 3240//6402 3132//6402
f 3242//6403 3133//6403 3126//6403
f 3134//6404 2793//6404 3247//6404
f 2795//6405 2799//6405 3353//6405
f 3356//6406 3142//6406 3246//6406
f 2805//6407 3357//6407 3249//6407
f 3248//6408 3251//6408 3056//6408
f 3393//6409 3252//6409 3250//6409
f 2997//6410 3250//6410 3252//6410
f 3358//6411 2805//6411 2974//6411
f 3357//6412 2805//6412 3358//6412
f 3358//6413 2974//6413 2809//6413
f 3359//6414 3358//6414 2809//6414
f 2809//6415 2813//6415 3359//6415
f 3143//6416 2807//6416 3056//6416
f 3141//6417 2810//6417 3145//6417
f 3360//6418 2813//6418 2817//6418
f 3361//6419 3145//6419 2811//6419
f 3147//6420 3252//6420 3255//6420
f 3147//6421 3255//6421 3256//6421
f 3148//6422 3147//6422 3256//6422
f 2817//6423 2818//6423 3362//6423
f 3143//6424 2818//6424 2807//6424
f 3263//6425 3361//6425 2811//6425
f 3000//6426 3148//6426 3256//6426
f 3142//6427 3363//6427 3149//6427
f 3014//6428 3144//6428 2838//6428
f 3149//6429 3026//6429 2994//6429
f 3261//6430 3259//6430 3260//6430
f 3259//6431 3261//6431 3015//6431
f 3149//6432 2995//6432 3026//6432
f 3059//6433 3264//6433 2619//6433
f 3265//6434 2829//6434 3058//6434
f 2995//6435 3059//6435 3149//6435
f 2995//6436 3059//6436 2619//6436
f 3267//6437 2829//6437 3265//6437
f 3267//6438 3364//6438 2976//6438
f 2998//6439 3150//6439 3266//6439
f 2837//6440 2976//6440 3364//6440
f 3268//6441 2837//6441 3365//6441
f 3151//6442 2842//6442 3268//6442
f 2849//6443 2848//6443 3151//6443
f 3152//6444 3017//6444 3155//6444
f 3367//6445 3152//6445 3155//6445
f 3001//6446 3154//6446 3270//6446
f 3155//6447 3271//6447 3367//6447
f 3368//6448 2855//6448 3270//6448
f 2858//6449 3369//6449 2861//6449
f 2864//6450 2862//6450 3370//6450
f 3060//6451 2916//6451 3274//6451
f 3276//6452 3159//6452 3027//6452
f 3277//6453 3027//6453 3371//6453
f 2864//6454 3370//6454 2866//6454
f 3370//6455 3160//6455 2866//6455
f 3160//6456 3161//6456 2866//6456
f 2873//6457 3373//6457 2878//6457
f 2873//6458 3061//6458 3373//6458
f 3161//6459 3278//6459 2920//6459
f 2871//6460 3279//6460 3164//6460
f 3168//6461 2978//6461 3279//6461
f 2878//6462 3373//6462 3281//6462
f 2881//6463 2878//6463 3281//6463
f 3278//6464 3280//6464 3038//6464
f 3005//6465 3280//6465 3279//6465
f 3062//6466 3167//6466 3375//6466
f 3063//6467 3283//6467 2883//6467
f 2884//6468 2881//6468 3281//6468
f 2884//6469 3281//6469 3169//6469
f 3064//6470 3028//6470 3282//6470
f 3170//6471 2890//6471 3282//6471
f 3028//6472 3284//6472 3282//6472
f 3167//6473 2978//6473 3168//6473
f 3168//6474 3378//6474 3167//6474
f 3285//6475 2883//6475 3283//6475
f 3379//6476 3166//6476 3286//6476
f 2931//6477 2948//6477 3285//6477
f 3285//6478 3379//6478 2931//6478
f 3287//6479 2931//6479 3379//6479
f 3171//6480 3286//6480 2932//6480
f 3287//6481 2950//6481 3030//6481
f 3287//6482 3171//6482 2950//6482
f 2627//6483 3289//6483 3288//6483
f 3069//6484 3289//6484 2635//6484
f 3071//6485 2628//6485 3290//6485
f 3065//6486 2923//6486 3067//6486
f 3179//6487 2648//6487 3070//6487
f 2958//6488 3301//6488 3068//6488
f 2649//6489 3300//6489 3181//6489
f 2650//6490 2626//6490 3303//6490
f 3302//6491 3177//6491 2615//6491
f 3040//6492 3180//6492 2653//6492
f 3304//6493 2655//6493 3073//6493
f 3040//6494 2653//6494 2656//6494
f 2656//6495 3008//6495 3307//6495
f 3018//6496 3184//6496 3078//6496
f 3075//6497 2934//6497 3077//6497
f 2663//6498 3079//6498 3077//6498
f 3308//6499 3186//6499 2669//6499
f 3313//6500 3188//6500 2935//6500
f 3186//6501 3314//6501 2669//6501
f 3312//6502 3313//6502 2668//6502
f 2680//6503 3191//6503 3193//6503
f 2676//6504 3088//6504 3085//6504
f 2686//6505 2684//6505 3090//6505
f 3318//6506 2687//6506 3196//6506
f 3196//6507 2693//6507 3091//6507
f 3321//6508 3197//6508 3200//6508
f 3045//6509 2984//6509 3202//6509
f 2901//6510 3322//6510 3093//6510
f 2700//6511 3201//6511 3046//6511
f 3321//6512 3200//6512 3207//6512
f 3095//6513 3321//6513 3383//6513
f 2703//6514 2986//6514 3328//6514
f 3205//6515 3019//6515 3048//6515
f 3207//6516 3096//6516 3327//6516
f 3211//6517 3095//6517 3212//6517
f 3095//6518 3383//6518 3212//6518
f 3385//6519 2964//6519 2718//6519
f 3103//6520 3213//6520 2716//6520
f 3102//6521 2723//6521 3384//6521
f 2721//6522 3332//6522 3335//6522
f 2732//6523 3216//6523 3339//6523
f 3217//6524 2730//6524 3337//6524
f 2726//6525 3335//6525 3340//6525
f 2730//6526 3105//6526 3337//6526
f 3105//6527 2730//6527 2735//6527
f 3107//6528 2906//6528 3340//6528
f 2967//6529 3220//6529 2746//6529
f 2741//6530 2744//6530 3109//6530
f 2741//6531 3109//6531 3341//6531
f 2746//6532 3220//6532 3224//6532
f 3225//6533 2745//6533 3227//6533
f 2750//6534 3343//6534 3113//6534
f 3224//6535 3230//6535 2754//6535
f 3386//6536 3345//6536 3118//6536
f 3232//6537 2764//6537 3229//6537
f 3388//6538 3386//6538 3118//6538
f 2768//6539 3232//6539 3122//6539
f 3122//6540 3232//6540 3397//6540
f 3347//6541 3388//6541 3238//6541
f 3234//6542 2970//6542 3124//6542
f 3124//6543 2784//6543 3134//6543
f 3391//6544 3392//6544 3240//6544
f 3391//6545 3240//6545 3241//6545
f 3138//6546 3390//6546 3140//6546
f 3402//6547 3352//6547 3245//6547
f 3402//6548 3245//6548 3254//6548
f 2800//6549 3136//6549 3248//6549
f 3355//6550 2795//6550 3353//6550
f 3353//6551 2802//6551 3354//6551
f 3054//6552 2798//6552 3355//6552
f 3394//6553 3392//6553 3256//6553
f 3393//6554 3255//6554 3252//6554
f 3255//6555 3394//6555 3256//6555
f 3056//6556 3251//6556 3143//6556
f 3360//6557 3359//6557 2813//6557
f 3367//6558 3150//6558 3152//6558
f 3369//6559 2858//6559 3156//6559
f 2858//6560 2914//6560 3156//6560
f 3158//6561 3003//6561 2861//6561
f 3422//6562 3271//6562 3272//6562
f 2859//6563 3158//6563 3273//6563
f 3371//6564 3002//6564 3060//6564
f 3159//6565 3276//6565 3277//6565
f 3163//6566 3372//6566 3162//6566
f 2873//6567 2947//6567 3374//6567
f 2947//6568 3375//6568 3374//6568
f 2885//6569 2949//6569 3063//6569
f 2949//6570 3376//6570 3063//6570
f 3167//6571 3006//6571 3377//6571
f 3167//6572 3378//6572 3377//6572
f 2634//6573 2892//6573 3172//6573
f 2923//6574 2632//6574 3067//6574
f 2632//6575 3173//6575 3067//6575
f 3297//6576 2634//6576 3296//6576
f 3174//6577 2638//6577 3299//6577
f 2646//6578 2647//6578 3176//6578
f 3070//6579 2640//6579 3298//6579
f 2615//6580 3178//6580 3302//6580
f 2651//6581 3075//6581 3301//6581
f 3306//6582 2924//6582 3304//6582
f 3078//6583 3184//6583 3076//6583
f 2667//6584 3082//6584 3187//6584
f 2678//6585 3314//6585 3192//6585
f 3317//6586 2684//6586 3192//6586
f 3090//6587 2684//6587 3317//6587
f 2681//6588 3318//6588 3088//6588
f 3321//6589 3381//6589 3197//6589
f 3202//6590 3092//6590 3198//6590
f 3202//6591 3198//6591 3427//6591
f 3199//6592 3382//6592 3381//6592
f 3199//6593 3381//6593 3321//6593
f 3321//6594 3207//6594 3383//6594
f 2698//6595 3323//6595 3326//6595
f 3383//6596 3207//6596 3327//6596
f 2711//6597 3326//6597 3329//6597
f 2901//6598 2608//6598 3330//6598
f 3204//6599 2901//6599 3330//6599
f 2986//6600 2965//6600 3049//6600
f 3098//6601 3101//6601 3100//6601
f 3098//6602 3408//6602 3101//6602
f 3334//6603 2711//6603 3329//6603
f 3328//6604 2986//6604 3049//6604
f 3331//6605 3327//6605 3210//6605
f 3010//6606 2964//6606 3385//6606
f 3333//6607 3213//6607 3103//6607
f 3215//6608 3385//6608 2718//6608
f 3336//6609 3218//6609 3395//6609
f 3218//6610 3108//6610 3395//6610
f 3107//6611 3111//6611 3222//6611
f 3344//6612 2745//6612 3225//6612
f 3396//6613 3051//6613 3228//6613
f 3386//6614 3342//6614 3345//6614
f 3349//6615 2782//6615 3123//6615
f 3125//6616 3237//6616 3239//6616
f 3235//6617 3126//6617 3236//6617
f 3398//6618 3126//6618 3235//6618
f 3415//6619 3127//6619 3352//6619
f 3242//6620 3126//6620 3389//6620
f 3138//6621 3135//6621 3390//6621
f 3401//6622 3241//6622 3242//6622
f 3242//6623 3389//6623 3401//6623
f 3391//6624 3241//6624 3401//6624
f 3399//6625 3250//6625 3140//6625
f 3393//6626 3250//6626 3399//6626
f 3399//6627 3400//6627 3393//6627
f 3259//6628 3392//6628 3391//6628
f 3259//6629 3391//6629 3401//6629
f 3139//6630 2910//6630 3249//6630
f 3394//6631 3255//6631 3393//6631
f 3260//6632 3401//6632 3257//6632
f 3144//6633 3403//6633 3254//6633
f 3251//6634 3248//6634 3421//6634
f 3392//6635 3259//6635 3256//6635
f 3401//6636 3404//6636 3257//6636
f 3144//6637 3254//6637 3253//6637
f 3259//6638 3401//6638 3260//6638
f 3260//6639 3257//6639 3262//6639
f 2817//6640 3362//6640 3360//6640
f 3362//6641 2818//6641 3143//6641
f 2849//6642 3151//6642 3366//6642
f 3158//6643 2861//6643 3157//6643
f 3163//6644 3165//6644 3372//6644
f 3405//6645 3161//6645 3160//6645
f 3061//6646 2873//6646 3374//6646
f 3406//6647 3166//6647 3379//6647
f 3176//6648 2642//6648 3072//6648
f 3068//6649 3301//6649 3407//6649
f 3184//6650 3039//6650 3076//6650
f 3310//6651 3078//6651 3041//6651
f 3081//6652 3310//6652 3041//6652
f 3091//6653 3318//6653 3196//6653
f 2698//6654 3320//6654 3323//6654
f 3327//6655 3212//6655 3383//6655
f 3212//6656 3327//6656 3384//6656
f 3327//6657 3331//6657 3409//6657
f 3384//6658 3327//6658 3409//6658
f 3102//6659 3384//6659 3409//6659
f 3102//6660 3409//6660 3410//6660
f 3411//6661 3331//6661 3214//6661
f 3411//6662 3214//6662 3336//6662
f 3220//6663 3102//6663 3412//6663
f 3412//6664 3102//6664 3410//6664
f 3224//6665 3220//6665 3412//6665
f 3105//6666 2745//6666 3344//6666
f 3052//6667 3114//6667 3226//6667
f 3413//6668 3233//6668 3119//6668
f 3233//6669 3413//6669 3237//6669
f 3239//6670 3237//6670 3414//6670
f 3416//6671 3347//6671 3127//6671
f 3415//6672 3416//6672 3127//6672
f 3351//6673 3129//6673 3053//6673
f 3417//6674 3135//6674 3239//6674
f 3135//6675 3244//6675 3239//6675
f 3400//6676 3348//6676 3128//6676
f 3128//6677 3350//6677 3400//6677
f 3140//6678 3390//6678 3399//6678
f 3400//6679 3350//6679 3394//6679
f 3394//6680 3350//6680 3392//6680
f 3240//6681 3392//6681 3350//6681
f 3393//6682 3400//6682 3394//6682
f 3401//6683 3389//6683 3404//6683
f 3246//6684 3420//6684 3356//6684
f 3358//6685 3249//6685 3357//6685
f 3403//6686 3144//6686 3404//6686
f 3144//6687 3257//6687 3404//6687
f 3263//6688 3145//6688 3361//6688
f 2837//6689 3364//6689 3365//6689
f 3423//6690 3165//6690 3406//6690
f 3406//6691 3165//6691 3166//6691
f 3376//6692 2949//6692 3170//6692
f 2949//6693 3029//6693 3170//6693
f 3066//6694 2646//6694 3176//6694
f 3315//6695 3085//6695 3042//6695
f 3447//6696 3086//6696 3087//6696
f 3319//6697 3425//6697 3448//6697
f 3195//6698 3089//6698 3451//6698
f 3426//6699 3087//6699 3381//6699
f 3340//6700 3335//6700 3332//6700
f 3409//6701 3411//6701 3410//6701
f 3409//6702 3331//6702 3411//6702
f 3111//6703 3107//6703 3458//6703
f 3428//6704 3108//6704 3342//6704
f 3341//6705 3109//6705 3052//6705
f 3428//6706 3395//6706 3108//6706
f 3387//6707 3115//6707 3461//6707
f 3386//6708 3428//6708 3342//6708
f 3115//6709 3111//6709 3461//6709
f 3465//6710 3396//6710 3116//6710
f 3396//6711 3228//6711 3116//6711
f 3388//6712 3347//6712 3416//6712
f 3430//6713 3346//6713 3348//6713
f 3346//6714 3121//6714 3348//6714
f 3398//6715 3433//6715 3402//6715
f 3129//6716 3434//6716 3053//6716
f 3431//6717 3124//6717 3134//6717
f 3399//6718 3430//6718 3348//6718
f 3432//6719 3390//6719 3135//6719
f 3432//6720 3430//6720 3390//6720
f 3390//6721 3430//6721 3399//6721
f 3399//6722 3348//6722 3400//6722
f 3389//6723 3126//6723 3398//6723
f 3402//6724 3433//6724 3415//6724
f 3402//6725 3415//6725 3352//6725
f 3389//6726 3398//6726 3435//6726
f 3403//6727 3435//6727 3402//6727
f 3248//6728 3136//6728 3053//6728
f 3471//6729 3134//6729 3247//6729
f 3248//6730 3053//6730 3418//6730
f 3389//6731 3435//6731 3404//6731
f 3403//6732 3402//6732 3254//6732
f 3404//6733 3435//6733 3403//6733
f 3354//6734 2802//6734 3139//6734
f 3421//6735 3248//6735 3436//6735
f 3361//6736 3438//6736 3145//6736
f 3267//6737 3265//6737 3058//6737
f 3440//6738 3269//6738 3366//6738
f 3440//6739 3153//6739 3269//6739
f 3288//6740 3289//6740 3069//6740
f 3441//6741 3290//6741 3291//6741
f 3442//6742 3299//6742 3180//6742
f 3182//6743 3303//6743 3305//6743
f 3308//6744 3306//6744 3304//6744
f 3188//6745 3077//6745 3079//6745
f 3187//6746 3082//6746 3445//6746
f 3042//6747 3085//6747 3446//6747
f 3084//6748 3082//6748 3083//6748
f 3450//6749 3089//6749 3193//6749
f 3319//6750 3448//6750 3198//6750
f 3381//6751 3382//6751 3426//6751
f 3093//6752 3452//6752 3319//6752
f 3206//6753 3453//6753 3208//6753
f 3322//6754 3452//6754 3093//6754
f 3099//6755 3454//6755 3332//6755
f 3339//6756 3216//6756 3334//6756
f 3455//6757 3340//6757 3332//6757
f 3456//6758 3333//6758 3103//6758
f 3410//6759 3411//6759 3457//6759
f 3457//6760 3336//6760 3395//6760
f 3456//6761 3103//6761 3459//6761
f 3412//6762 3410//6762 3457//6762
f 3457//6763 3411//6763 3336//6763
f 3103//6764 3221//6764 3459//6764
f 3460//6765 3412//6765 3457//6765
f 3462//6766 3224//6766 3460//6766
f 3225//6767 3227//6767 3344//6767
f 3229//6768 3113//6768 3343//6768
f 3344//6769 3227//6769 3463//6769
f 3462//6770 3230//6770 3224//6770
f 3464//6771 3428//6771 3386//6771
f 3231//6772 3462//6772 3466//6772
f 3462//6773 3231//6773 3230//6773
f 3464//6774 3386//6774 3388//6774
f 3467//6775 3464//6775 3388//6775
f 3120//6776 3234//6776 3429//6776
f 3466//6777 3467//6777 3416//6777
f 3231//6778 3466//6778 3468//6778
f 3117//6779 3120//6779 3429//6779
f 3231//6780 3468//6780 3235//6780
f 3468//6781 3466//6781 3416//6781
f 3416//6782 3467//6782 3388//6782
f 3234//6783 3431//6783 3429//6783
f 3469//6784 3346//6784 3430//6784
f 3398//6785 3235//6785 3433//6785
f 3468//6786 3415//6786 3433//6786
f 3468//6787 3416//6787 3415//6787
f 3431//6788 3234//6788 3124//6788
f 3235//6789 3468//6789 3433//6789
f 3123//6790 3129//6790 3349//6790
f 3417//6791 3470//6791 3432//6791
f 3432//6792 3469//6792 3430//6792
f 3435//6793 3398//6793 3402//6793
f 3432//6794 3135//6794 3417//6794
f 3471//6795 3431//6795 3134//6795
f 3419//6796 3471//6796 3247//6796
f 3437//6797 3246//6797 3137//6797
f 3247//6798 3141//6798 3419//6798
f 3438//6799 3141//6799 3145//6799
f 3141//6800 3438//6800 3472//6800
f 3263//6801 3438//6801 3361//6801
f 3439//6802 3438//6802 3263//6802
f 3474//6803 3267//6803 3058//6803
f 3263//6804 3150//6804 3439//6804
f 3150//6805 3367//6805 3439//6805
f 3475//6806 3367//6806 3271//6806
f 3475//6807 3271//6807 3422//6807
f 3275//6808 3422//6808 3272//6808
f 3370//6809 3159//6809 3476//6809
f 3370//6810 3476//6810 3160//6810
f 3277//6811 3476//6811 3159//6811
f 3477//6812 3372//6812 3165//6812
f 3423//6813 3477//6813 3165//6813
f 3061//6814 3374//6814 3375//6814
f 3169//6815 3281//6815 3373//6815
f 3424//6816 3478//6816 3406//6816
f 3406//6817 3478//6817 3423//6817
f 3378//6818 3168//6818 3279//6818
f 3167//6819 3377//6819 3375//6819
f 3286//6820 3171//6820 3379//6820
f 3518//6821 3291//6821 3519//6821
f 3528//6822 3296//6822 3172//6822
f 3177//6823 3302//6823 3178//6823
f 3040//6824 3443//6824 3180//6824
f 3309//6825 3189//6825 3307//6825
f 3479//6826 3480//6826 3481//6826
f 3479//6827 3481//6827 3449//6827
f 3425//6828 3449//6828 3448//6828
f 3482//6829 3449//6829 3425//6829
f 3382//6830 3195//6830 3451//6830
f 3318//6831 3091//6831 3483//6831
f 3206//6832 3202//6832 3453//6832
f 3209//6833 3208//6833 3453//6833
f 3204//6834 3452//6834 3322//6834
f 3217//6835 3337//6835 3105//6835
f 3460//6836 3457//6836 3395//6836
f 3412//6837 3460//6837 3224//6837
f 3460//6838 3395//6838 3428//6838
f 3462//6839 3460//6839 3464//6839
f 3460//6840 3428//6840 3464//6840
f 3462//6841 3464//6841 3467//6841
f 3462//6842 3467//6842 3466//6842
f 3469//6843 3465//6843 3346//6843
f 3237//6844 3489//6844 3414//6844
f 3465//6845 3116//6845 3346//6845
f 3417//6846 3239//6846 3414//6846
f 3414//6847 3470//6847 3417//6847
f 3432//6848 3470//6848 3469//6848
f 3248//6849 3418//6849 3436//6849
f 3436//6850 3419//6850 3421//6850
f 3473//6851 3149//6851 3363//6851
f 3439//6852 3367//6852 3475//6852
f 3485//6853 3484//6853 3422//6853
f 3275//6854 3485//6854 3422//6854
f 3274//6855 3371//6855 3060//6855
f 3379//6856 3424//6856 3406//6856
f 3487//6857 3188//6857 3480//6857
f 3487//6858 3480//6858 3479//6858
f 3448//6859 3449//6859 3496//6859
f 3382//6860 3451//6860 3488//6860
f 3448//6861 3427//6861 3198//6861
f 3512//6862 3483//6862 3205//6862
f 3204//6863 3330//6863 3623//6863
f 3052//6864 3497//6864 3341//6864
f 3459//6865 3221//6865 3051//6865
f 3387//6866 3413//6866 3119//6866
f 3237//6867 3413//6867 3489//6867
f 3469//6868 3470//6868 3465//6868
f 3129//6869 3123//6869 3490//6869
f 3491//6870 3436//6870 3418//6870
f 3419//6871 3436//6871 3471//6871
f 3675//6872 3353//6872 3673//6872
f 3674//6873 3139//6873 3676//6873
f 3689//6874 3684//6874 3359//6874
f 3423//6875 3506//6875 3477//6875
f 3373//6876 3493//6876 3169//6876
f 3379//6877 3171//6877 3287//6877
f 3288//6878 3289//6878 3295//6878
f 3539//6879 3071//6879 3290//6879
f 3407//6880 3301//6880 3075//6880
f 3494//6881 3307//6881 3189//6881
f 3487//6882 3077//6882 3188//6882
f 3311//6883 3444//6883 3185//6883
f 3082//6884 3084//6884 3495//6884
f 3479//6885 3449//6885 3482//6885
f 3586//6886 3087//6886 3590//6886
f 3488//6887 3426//6887 3382//6887
f 3448//6888 3496//6888 3427//6888
f 3324//6889 3613//6889 3203//6889
f 3626//6890 3624//6890 3328//6890
f 3107//6891 3340//6891 3458//6891
f 3104//6892 3499//6892 3223//6892
f 3459//6893 3051//6893 3498//6893
f 3223//6894 3499//6894 3226//6894
f 3226//6895 3648//6895 3652//6895
f 3498//6896 3396//6896 3500//6896
f 3396//6897 3498//6897 3051//6897
f 3413//6898 3387//6898 3501//6898
f 3489//6899 3413//6899 3501//6899
f 3465//6900 3502//6900 3396//6900
f 3414//6901 3489//6901 3502//6901
f 3502//6902 3465//6902 3470//6902
f 3414//6903 3502//6903 3470//6903
f 3053//6904 3434//6904 3418//6904
f 3436//6905 3491//6905 3471//6905
f 3355//6906 3675//6906 3677//6906
f 3246//6907 3437//6907 3685//6907
f 3703//6908 3705//6908 3267//6908
f 3504//6909 3270//6909 3154//6909
f 3484//6910 3505//6910 3492//6910
f 3278//6911 3161//6911 3405//6911
f 3741//6912 3061//6912 3375//6912
f 3744//6913 3424//6913 3756//6913
f 3517//6914 3289//6914 3288//6914
f 3291//6915 3518//6915 3441//6915
f 3523//6916 3298//6916 3294//6916
f 3519//6917 3065//6917 3067//6917
f 3519//6918 3067//6918 3525//6918
f 3067//6919 3173//6919 3525//6919
f 3537//6920 3174//6920 3299//6920
f 3069//6921 3066//6921 3507//6921
f 3543//6922 3537//6922 3299//6922
f 3551//6923 3553//6923 3305//6923
f 3186//6924 3558//6924 3564//6924
f 3186//6925 3308//6925 3558//6925
f 3564//6926 3314//6926 3186//6926
f 3312//6927 3187//6927 3445//6927
f 3042//6928 3446//6928 3577//6928
f 3496//6929 3449//6929 3481//6929
f 3496//6930 3481//6930 3580//6930
f 3192//6931 3589//6931 3317//6931
f 3090//6932 3604//6932 3320//6932
f 3511//6933 3209//6933 3453//6933
f 3320//6934 3604//6934 3323//6934
f 3094//6935 3046//6935 3612//6935
f 3091//6936 3205//6936 3483//6936
f 3209//6937 3617//6937 3098//6937
f 3454//6938 3099//6938 3621//6938
f 3629//6939 3385//6939 3215//6939
f 3340//6940 3455//6940 3631//6940
f 3644//6941 3653//6941 3343//6941
f 3229//6942 3654//6942 3655//6942
f 3651//6943 3498//6943 3500//6943
f 3229//6944 3343//6944 3654//6944
f 3656//6945 3463//6945 3227//6945
f 3502//6946 3500//6946 3396//6946
f 3489//6947 3501//6947 3513//6947
f 3513//6948 3502//6948 3489//6948
f 3664//6949 3122//6949 3397//6949
f 3123//6950 3122//6950 3666//6950
f 3514//6951 3418//6951 3434//6951
f 3418//6952 3671//6952 3514//6952
f 3676//6953 3139//6953 3249//6953
f 3679//6954 3676//6954 3249//6954
f 3249//6955 3357//6955 3679//6955
f 3699//6956 3059//6956 3149//6956
f 3503//6957 3438//6957 3439//6957
f 3363//6958 3697//6958 3473//6958
f 3697//6959 3701//6959 3473//6959
f 3503//6960 3472//6960 3438//6960
f 3473//6961 3701//6961 3515//6961
f 3703//6962 3267//6962 3474//6962
f 3503//6963 3439//6963 3475//6963
f 3503//6964 3475//6964 3492//6964
f 3477//6965 3485//6965 3275//6965
f 3477//6966 3275//6966 3372//6966
f 3734//6967 3476//6967 3277//6967
f 3738//6968 3373//6968 3061//6968
f 3748//6969 3741//6969 3375//6969
f 3746//6970 3169//6970 3739//6970
f 3747//6971 3744//6971 3283//6971
f 3748//6972 3375//6972 3755//6972
f 3285//6973 3283//6973 3744//6973
f 3517//6974 3288//6974 3521//6974
f 3519//6975 3291//6975 3292//6975
f 3519//6976 3292//6976 3065//6976
f 3294//6977 3174//6977 3520//6977
f 3288//6978 3069//6978 3521//6978
f 3524//6979 3520//6979 3174//6979
f 3516//6980 3295//6980 3289//6980
f 3528//6981 3172//6981 3522//6981
f 3527//6982 3526//6982 3293//6982
f 3298//6983 3523//6983 3529//6983
f 3533//6984 3525//6984 3173//6984
f 3527//6985 3380//6985 3175//6985
f 3507//6986 3521//6986 3069//6986
f 3535//6987 3534//6987 3177//6987
f 3537//6988 3524//6988 3174//6988
f 3178//6989 3535//6989 3177//6989
f 3178//6990 3179//6990 3535//6990
f 3179//6991 3070//6991 3536//6991
f 3533//6992 3173//6992 3068//6992
f 3442//6993 3543//6993 3299//6993
f 3300//6994 3542//6994 3181//6994
f 3545//6995 3074//6995 3069//6995
f 3072//6996 3508//6996 3541//6996
f 3539//6997 3508//6997 3072//6997
f 3546//6998 3533//6998 3068//6998
f 3407//6999 3546//6999 3068//6999
f 3544//7000 3303//7000 3295//7000
f 3074//7001 3507//7001 3066//7001
f 3543//7002 3442//7002 3180//7002
f 3547//7003 3543//7003 3180//7003
f 3181//7004 3542//7004 3073//7004
f 3407//7005 3301//7005 3546//7005
f 3304//7006 3073//7006 3549//7006
f 3547//7007 3180//7007 3550//7007
f 3074//7008 3486//7008 3509//7008
f 3552//7009 3546//7009 3301//7009
f 3551//7010 3305//7010 3303//7010
f 3551//7011 3303//7011 3544//7011
f 3301//7012 3075//7012 3552//7012
f 3554//7013 3552//7013 3075//7013
f 3443//7014 3040//7014 3550//7014
f 3555//7015 3040//7015 3556//7015
f 3305//7016 3553//7016 3185//7016
f 3557//7017 3075//7017 3077//7017
f 3557//7018 3554//7018 3075//7018
f 3308//7019 3304//7019 3549//7019
f 3185//7020 3553//7020 3559//7020
f 3549//7021 3558//7021 3308//7021
f 3040//7022 3307//7022 3556//7022
f 3494//7023 3556//7023 3307//7023
f 3494//7024 3561//7024 3556//7024
f 3563//7025 3185//7025 3560//7025
f 3557//7026 3077//7026 3487//7026
f 3562//7027 3557//7027 3487//7027
f 3494//7028 3189//7028 3561//7028
f 3563//7029 3311//7029 3444//7029
f 3313//7030 3565//7030 3188//7030
f 3313//7031 3566//7031 3565//7031
f 3487//7032 3479//7032 3562//7032
f 3042//7033 3567//7033 3189//7033
f 3311//7034 3568//7034 3044//7034
f 3563//7035 3568//7035 3311//7035
f 3312//7036 3569//7036 3313//7036
f 3041//7037 3043//7037 3081//7037
f 3312//7038 3510//7038 3569//7038
f 3188//7039 3565//7039 3480//7039
f 3565//7040 3573//7040 3480//7040
f 3572//7041 3510//7041 3312//7041
f 3572//7042 3312//7042 3445//7042
f 3572//7043 3445//7043 3082//7043
f 3495//7044 3579//7044 3082//7044
f 3579//7045 3576//7045 3082//7045
f 3482//7046 3571//7046 3479//7046
f 3567//7047 3042//7047 3577//7047
f 3044//7048 3578//7048 3191//7048
f 3584//7049 3086//7049 3583//7049
f 3316//7050 3086//7050 3584//7050
f 3084//7051 3579//7051 3495//7051
f 3084//7052 3585//7052 3579//7052
f 3446//7053 3588//7053 3577//7053
f 3588//7054 3446//7054 3088//7054
f 3446//7055 3085//7055 3088//7055
f 3586//7056 3447//7056 3087//7056
f 3587//7057 3450//7057 3193//7057
f 3591//7058 3450//7058 3587//7058
f 3087//7059 3426//7059 3590//7059
f 3594//7060 3450//7060 3591//7060
f 3590//7061 3426//7061 3593//7061
f 3450//7062 3594//7062 3089//7062
f 3593//7063 3426//7063 3488//7063
f 3595//7064 3488//7064 3597//7064
f 3593//7065 3488//7065 3595//7065
f 3488//7066 3451//7066 3597//7066
f 3427//7067 3496//7067 3592//7067
f 3317//7068 3589//7068 3090//7068
f 3598//7069 3425//7069 3319//7069
f 3090//7070 3589//7070 3599//7070
f 3761//7071 3427//7071 3592//7071
f 3598//7072 3319//7072 3601//7072
f 3600//7073 3318//7073 3603//7073
f 3601//7074 3319//7074 3452//7074
f 3453//7075 3202//7075 3427//7075
f 3604//7076 3090//7076 3599//7076
f 3453//7077 3602//7077 3511//7077
f 3607//7078 3601//7078 3452//7078
f 3209//7079 3511//7079 3605//7079
f 3046//7080 3201//7080 3609//7080
f 3452//7081 3204//7081 3607//7081
f 3609//7082 3612//7082 3046//7082
f 3611//7083 3203//7083 3613//7083
f 3607//7084 3204//7084 3614//7084
f 3615//7085 3323//7085 3604//7085
f 3605//7086 3617//7086 3209//7086
f 3483//7087 3512//7087 3610//7087
f 3613//7088 3324//7088 3325//7088
f 3094//7089 3616//7089 3097//7089
f 3097//7090 3616//7090 3099//7090
f 3618//7091 3325//7091 3328//7091
f 3610//7092 3205//7092 3619//7092
f 3205//7093 3048//7093 3619//7093
f 3622//7094 3408//7094 3098//7094
f 3618//7095 3328//7095 3624//7095
f 3332//7096 3454//7096 3621//7096
f 3620//7097 3625//7097 3334//7097
f 3627//7098 3408//7098 3622//7098
f 3329//7099 3620//7099 3334//7099
f 3628//7100 3332//7100 3621//7100
f 3619//7101 3048//7101 3333//7101
f 3619//7102 3333//7102 3630//7102
f 3455//7103 3332//7103 3628//7103
f 3627//7104 3101//7104 3408//7104
f 3633//7105 3333//7105 3456//7105
f 3632//7106 3219//7106 3627//7106
f 3630//7107 3333//7107 3633//7107
f 3338//7108 3634//7108 3215//7108
f 3340//7109 3631//7109 3637//7109
f 3340//7110 3637//7110 3458//7110
f 3106//7111 3339//7111 3635//7111
f 3633//7112 3456//7112 3459//7112
f 3633//7113 3459//7113 3641//7113
f 3632//7114 3104//7114 3219//7114
f 3106//7115 3635//7115 3640//7115
f 3643//7116 3104//7116 3632//7116
f 3644//7117 3106//7117 3640//7117
f 3643//7118 3645//7118 3104//7118
f 3639//7119 3341//7119 3497//7119
f 3497//7120 3646//7120 3639//7120
f 3343//7121 3106//7121 3644//7121
f 3105//7122 3344//7122 3642//7122
f 3458//7123 3638//7123 3647//7123
f 3641//7124 3459//7124 3498//7124
f 3344//7125 3649//7125 3642//7125
f 3651//7126 3641//7126 3498//7126
f 3226//7127 3499//7127 3645//7127
f 3458//7128 3647//7128 3111//7128
f 3647//7129 3461//7129 3111//7129
f 3052//7130 3226//7130 3652//7130
f 3654//7131 3343//7131 3653//7131
f 3766//7132 3657//7132 3501//7132
f 3657//7133 3658//7133 3501//7133
f 3659//7134 3651//7134 3500//7134
f 3344//7135 3463//7135 3656//7135
f 3461//7136 3766//7136 3387//7136
f 3387//7137 3766//7137 3501//7137
f 3658//7138 3659//7138 3500//7138
f 3501//7139 3658//7139 3513//7139
f 3513//7140 3658//7140 3500//7140
f 3660//7141 3232//7141 3229//7141
f 3502//7142 3513//7142 3500//7142
f 3658//7143 3513//7143 3489//7143
f 3656//7144 3227//7144 3117//7144
f 3232//7145 3661//7145 3397//7145
f 3663//7146 3117//7146 3429//7146
f 3768//7147 3663//7147 3429//7147
f 3666//7148 3122//7148 3665//7148
f 3664//7149 3666//7149 3665//7149
f 3666//7150 3667//7150 3123//7150
f 3490//7151 3123//7151 3667//7151
f 3490//7152 3667//7152 3129//7152
f 3768//7153 3429//7153 3431//7153
f 3768//7154 3431//7154 3668//7154
f 3671//7155 3434//7155 3669//7155
f 3672//7156 3670//7156 3431//7156
f 3431//7157 3491//7157 3672//7157
f 3672//7158 3491//7158 3670//7158
f 3431//7159 3471//7159 3491//7159
f 3418//7160 3670//7160 3491//7160
f 3675//7161 3355//7161 3353//7161
f 3054//7162 3355//7162 3677//7162
f 3681//7163 3420//7163 3246//7163
f 3680//7164 3420//7164 3681//7164
f 3420//7165 3680//7165 3356//7165
f 3137//7166 3054//7166 3677//7166
f 3679//7167 3357//7167 3684//7167
f 3141//7168 3683//7168 3419//7168
f 3419//7169 3683//7169 3678//7169
f 3684//7170 3357//7170 3358//7170
f 3680//7171 3687//7171 3356//7171
f 3437//7172 3137//7172 3686//7172
f 3437//7173 3686//7173 3685//7173
f 3141//7174 3690//7174 3683//7174
f 3688//7175 3251//7175 3421//7175
f 3691//7176 3251//7176 3688//7176
f 3359//7177 3692//7177 3689//7177
f 3693//7178 3356//7178 3687//7178
f 3694//7179 3360//7179 3362//7179
f 3692//7180 3360//7180 3694//7180
f 3696//7181 3690//7181 3141//7181
f 3356//7182 3693//7182 3142//7182
f 3696//7183 3141//7183 3472//7183
f 3363//7184 3142//7184 3697//7184
f 3264//7185 3059//7185 3770//7185
f 3699//7186 3698//7186 3059//7186
f 3696//7187 3503//7187 3700//7187
f 3696//7188 3472//7188 3503//7188
f 3699//7189 3149//7189 3473//7189
f 3264//7190 3702//7190 3058//7190
f 3058//7191 3702//7191 3703//7191
f 3703//7192 3474//7192 3058//7192
f 3700//7193 3503//7193 3704//7193
f 3364//7194 3705//7194 3706//7194
f 3267//7195 3705//7195 3364//7195
f 3515//7196 3699//7196 3473//7196
f 3708//7197 3704//7197 3503//7197
f 3710//7198 3268//7198 3707//7198
f 3365//7199 3707//7199 3268//7199
f 3366//7200 3151//7200 3711//7200
f 3711//7201 3151//7201 3268//7201
f 3712//7202 3153//7202 3440//7202
f 3492//7203 3704//7203 3503//7203
f 3154//7204 3715//7204 3504//7204
f 3716//7205 3492//7205 3505//7205
f 3716//7206 3505//7206 3718//7206
f 3475//7207 3719//7207 3492//7207
f 3368//7208 3270//7208 3721//7208
f 3484//7209 3492//7209 3719//7209
f 3719//7210 3422//7210 3475//7210
f 3484//7211 3719//7211 3505//7211
f 3719//7212 3718//7212 3505//7212
f 3369//7213 3156//7213 3722//7213
f 3484//7214 3719//7214 3422//7214
f 3157//7215 3724//7215 3158//7215
f 3484//7216 3485//7216 3719//7216
f 3719//7217 3485//7217 3726//7217
f 3725//7218 3273//7218 3158//7218
f 3371//7219 3274//7219 3729//7219
f 3726//7220 3485//7220 3730//7220
f 3730//7221 3485//7221 3477//7221
f 3729//7222 3731//7222 3371//7222
f 3730//7223 3506//7223 3733//7223
f 3730//7224 3477//7224 3506//7224
f 3736//7225 3493//7225 3373//7225
f 3732//7226 3737//7226 3160//7226
f 3737//7227 3405//7227 3160//7227
f 3735//7228 3373//7228 3738//7228
f 3736//7229 3373//7229 3735//7229
f 3493//7230 3736//7230 3739//7230
f 3733//7231 3506//7231 3740//7231
f 3423//7232 3740//7232 3506//7232
f 3738//7233 3061//7233 3741//7233
f 3742//7234 3740//7234 3478//7234
f 3478//7235 3740//7235 3423//7235
f 3278//7236 3405//7236 3743//7236
f 3739//7237 3169//7237 3493//7237
f 3742//7238 3478//7238 3744//7238
f 3478//7239 3424//7239 3744//7239
f 3771//7240 3063//7240 3745//7240
f 3063//7241 3745//7241 3283//7241
f 3743//7242 3280//7242 3278//7242
f 3282//7243 3750//7243 3170//7243
f 3282//7244 3749//7244 3750//7244
f 3745//7245 3063//7245 3376//7245
f 3169//7246 3752//7246 3284//7246
f 3752//7247 3749//7247 3284//7247
f 3284//7248 3749//7248 3282//7248
f 3170//7249 3750//7249 3751//7249
f 3170//7250 3751//7250 3376//7250
f 3753//7251 3279//7251 3743//7251
f 3753//7252 3754//7252 3279//7252
f 3377//7253 3755//7253 3375//7253
f 3279//7254 3754//7254 3378//7254
f 3289//7255 3517//7255 3516//7255
f 3522//7256 3172//7256 3293//7256
f 3523//7257 3294//7257 3520//7257
f 3527//7258 3293//7258 3380//7258
f 3290//7259 3518//7259 3530//7259
f 3290//7260 3441//7260 3518//7260
f 3298//7261 3529//7261 3070//7261
f 3070//7262 3529//7262 3536//7262
f 3538//7263 3295//7263 3516//7263
f 3772//7264 3066//7264 3176//7264
f 3176//7265 3072//7265 3772//7265
f 3072//7266 3071//7266 3539//7266
f 3300//7267 3297//7267 3540//7267
f 3540//7268 3297//7268 3531//7268
f 3540//7269 3542//7269 3300//7269
f 3538//7270 3544//7270 3295//7270
f 3507//7271 3069//7271 3545//7271
f 3073//7272 3542//7272 3548//7272
f 3073//7273 3548//7273 3549//7273
f 3180//7274 3443//7274 3550//7274
f 3555//7275 3550//7275 3040//7275
f 3185//7276 3559//7276 3560//7276
f 3563//7277 3311//7277 3185//7277
f 3561//7278 3189//7278 3758//7278
f 3314//7279 3564//7279 3570//7279
f 3081//7280 3574//7280 3190//7280
f 3759//7281 3574//7281 3081//7281
f 3569//7282 3566//7282 3313//7282
f 3562//7283 3479//7283 3571//7283
f 3043//7284 3574//7284 3081//7284
f 3043//7285 3760//7285 3574//7285
f 3314//7286 3570//7286 3575//7286
f 3043//7287 3190//7287 3574//7287
f 3576//7288 3572//7288 3082//7288
f 3192//7289 3314//7289 3575//7289
f 3480//7290 3573//7290 3580//7290
f 3581//7291 3571//7291 3482//7291
f 3481//7292 3480//7292 3580//7292
f 3582//7293 3192//7293 3575//7293
f 3084//7294 3316//7294 3584//7294
f 3585//7295 3084//7295 3584//7295
f 3583//7296 3086//7296 3586//7296
f 3447//7297 3586//7297 3086//7297
f 3496//7298 3580//7298 3592//7298
f 3581//7299 3425//7299 3598//7299
f 3088//7300 3596//7300 3588//7300
f 3088//7301 3600//7301 3596//7301
f 3088//7302 3318//7302 3600//7302
f 3602//7303 3427//7303 3761//7303
f 3453//7304 3427//7304 3602//7304
f 3602//7305 3762//7305 3605//7305
f 3483//7306 3603//7306 3318//7306
f 3602//7307 3605//7307 3511//7307
f 3602//7308 3606//7308 3453//7308
f 3603//7309 3483//7309 3610//7309
f 3201//7310 3203//7310 3609//7310
f 3203//7311 3608//7311 3609//7311
f 3615//7312 3326//7312 3323//7312
f 3613//7313 3325//7313 3618//7313
f 3610//7314 3512//7314 3205//7314
f 3329//7315 3326//7315 3615//7315
f 3099//7316 3616//7316 3621//7316
f 3615//7317 3620//7317 3329//7317
f 3614//7318 3204//7318 3623//7318
f 3330//7319 3385//7319 3623//7319
f 3626//7320 3328//7320 3049//7320
f 3339//7321 3334//7321 3764//7321
f 3628//7322 3631//7322 3455//7322
f 3101//7323 3627//7323 3219//7323
f 3626//7324 3049//7324 3636//7324
f 3049//7325 3217//7325 3636//7325
f 3642//7326 3636//7326 3105//7326
f 3638//7327 3458//7327 3637//7327
f 3338//7328 3341//7328 3639//7328
f 3636//7329 3217//7329 3105//7329
f 3633//7330 3641//7330 3765//7330
f 3499//7331 3104//7331 3645//7331
f 3648//7332 3226//7332 3645//7332
f 3497//7333 3052//7333 3646//7333
f 3650//7334 3461//7334 3647//7334
f 3646//7335 3052//7335 3652//7335
f 3461//7336 3650//7336 3766//7336
f 3658//7337 3767//7337 3651//7337
f 3658//7338 3651//7338 3659//7338
f 3657//7339 3766//7339 3767//7339
f 3657//7340 3767//7340 3658//7340
f 3660//7341 3229//7341 3655//7341
f 3661//7342 3232//7342 3660//7342
f 3663//7343 3662//7343 3117//7343
f 3661//7344 3664//7344 3397//7344
f 3768//7345 3662//7345 3663//7345
f 3122//7346 3664//7346 3665//7346
f 3669//7347 3667//7347 3769//7347
f 3434//7348 3667//7348 3669//7348
f 3129//7349 3667//7349 3434//7349
f 3431//7350 3670//7350 3668//7350
f 3514//7351 3434//7351 3671//7351
f 3418//7352 3671//7352 3670//7352
f 3353//7353 3354//7353 3674//7353
f 3354//7354 3139//7354 3674//7354
f 3680//7355 3681//7355 3685//7355
f 3685//7356 3681//7356 3246//7356
f 3137//7357 3677//7357 3682//7357
f 3688//7358 3436//7358 3678//7358
f 3686//7359 3137//7359 3682//7359
f 3421//7360 3436//7360 3688//7360
f 3358//7361 3359//7361 3684//7361
f 3359//7362 3360//7362 3692//7362
f 3362//7363 3143//7363 3695//7363
f 3143//7364 3691//7364 3695//7364
f 3251//7365 3691//7365 3143//7365
f 3142//7366 3693//7366 3697//7366
f 3059//7367 3698//7367 3770//7367
f 3264//7368 3770//7368 3702//7368
f 3365//7369 3364//7369 3706//7369
f 3366//7370 3711//7370 3709//7370
f 3268//7371 3710//7371 3711//7371
f 3712//7372 3440//7372 3366//7372
f 3712//7373 3366//7373 3709//7373
f 3712//7374 3713//7374 3153//7374
f 3154//7375 3153//7375 3713//7375
f 3492//7376 3716//7376 3704//7376
f 3154//7377 3713//7377 3714//7377
f 3154//7378 3714//7378 3715//7378
f 3504//7379 3715//7379 3717//7379
f 3717//7380 3721//7380 3270//7380
f 3270//7381 3504//7381 3717//7381
f 3723//7382 3369//7382 3722//7382
f 3724//7383 3157//7383 3369//7383
f 3724//7384 3369//7384 3723//7384
f 3725//7385 3158//7385 3724//7385
f 3727//7386 3273//7386 3725//7386
f 3273//7387 3727//7387 3274//7387
f 3274//7388 3727//7388 3728//7388
f 3733//7389 3726//7389 3730//7389
f 3732//7390 3160//7390 3476//7390
f 3731//7391 3277//7391 3371//7391
f 3731//7392 3734//7392 3277//7392
f 3476//7393 3734//7393 3732//7393
f 3737//7394 3743//7394 3405//7394
f 3745//7395 3747//7395 3283//7395
f 3745//7396 3376//7396 3751//7396
f 3169//7397 3746//7397 3752//7397
f 3279//7398 3280//7398 3743//7398
f 3424//7399 3379//7399 3756//7399
f 3285//7400 3744//7400 3757//7400
f 3285//7401 3757//7401 3756//7401
f 3755//7402 3377//7402 3378//7402
f 3379//7403 3285//7403 3756//7403
f 3522//7404 3293//7404 3526//7404
f 3772//7405 3507//7405 3066//7405
f 3539//7406 3290//7406 3530//7406
f 3179//7407 3536//7407 3535//7407
f 3772//7408 3072//7408 3541//7408
f 3758//7409 3189//7409 3567//7409
f 3573//7410 3565//7410 3566//7410
f 3569//7411 3510//7411 3572//7411
f 3578//7412 3044//7412 3568//7412
f 3193//7413 3191//7413 3578//7413
f 3482//7414 3425//7414 3581//7414
f 3089//7415 3594//7415 3597//7415
f 3451//7416 3089//7416 3597//7416
f 3203//7417 3611//7417 3608//7417
f 3616//7418 3094//7418 3612//7418
f 3622//7419 3098//7419 3617//7419
f 3763//7420 3610//7420 3619//7420
f 3628//7421 3621//7421 3780//7421
f 3619//7422 3630//7422 3773//7422
f 3385//7423 3629//7423 3623//7423
f 3763//7424 3619//7424 3773//7424
f 3774//7425 3773//7425 3630//7425
f 3774//7426 3630//7426 3633//7426
f 3629//7427 3215//7427 3634//7427
f 3634//7428 3338//7428 3639//7428
f 3774//7429 3633//7429 3765//7429
f 3767//7430 3765//7430 3641//7430
f 3646//7431 3652//7431 3648//7431
f 3650//7432 3647//7432 3766//7432
f 3651//7433 3767//7433 3641//7433
f 3344//7434 3656//7434 3649//7434
f 3656//7435 3117//7435 3662//7435
f 3670//7436 3768//7436 3668//7436
f 3353//7437 3674//7437 3673//7437
f 3678//7438 3436//7438 3419//7438
f 3694//7439 3362//7439 3695//7439
f 3365//7440 3706//7440 3707//7440
f 3720//7441 3368//7441 3721//7441
f 3156//7442 3720//7442 3722//7442
f 3156//7443 3368//7443 3720//7443
f 3274//7444 3728//7444 3729//7444
f 3745//7445 3742//7445 3747//7445
f 3771//7446 3742//7446 3745//7446
f 3755//7447 3378//7447 3754//7447
f 3297//7448 3528//7448 3531//7448
f 3297//7449 3296//7449 3528//7449
f 3527//7450 3175//7450 3532//7450
f 3175//7451 3177//7451 3532//7451
f 3177//7452 3534//7452 3532//7452
f 3779//7453 3572//7453 3576//7453
f 3580//7454 3573//7454 3566//7454
f 3576//7455 3579//7455 3779//7455
f 3587//7456 3193//7456 3578//7456
f 3192//7457 3582//7457 3589//7457
f 3596//7458 3600//7458 3588//7458
f 3761//7459 3592//7459 3787//7459
f 3602//7460 3761//7460 3787//7460
f 3635//7461 3339//7461 3764//7461
f 3638//7462 3637//7462 3647//7462
f 3648//7463 3645//7463 3646//7463
f 3647//7464 3781//7464 3766//7464
f 3767//7465 3766//7465 3765//7465
f 3766//7466 3781//7466 3765//7466
f 3782//7467 3665//7467 3664//7467
f 3666//7468 3665//7468 3782//7468
f 3671//7469 3790//7469 3670//7469
f 3696//7470 3683//7470 3690//7470
f 3704//7471 3696//7471 3700//7471
f 3717//7472 3715//7472 3775//7472
f 3744//7473 3747//7473 3742//7473
f 3751//7474 3771//7474 3745//7474
f 3755//7475 3783//7475 3748//7475
f 3785//7476 3784//7476 3776//7476
f 3556//7477 3550//7477 3555//7477
f 3561//7478 3758//7478 3567//7478
f 3566//7479 3786//7479 3580//7479
f 3764//7480 3334//7480 3625//7480
f 3788//7481 3637//7481 3631//7481
f 3788//7482 3631//7482 3628//7482
f 3637//7483 3789//7483 3647//7483
f 3790//7484 3768//7484 3670//7484
f 3671//7485 3669//7485 3769//7485
f 3700//7486 3683//7486 3696//7486
f 3726//7487 3718//7487 3719//7487
f 3792//7488 3791//7488 3726//7488
f 3792//7489 3726//7489 3733//7489
f 3742//7490 3792//7490 3740//7490
f 3811//7491 3771//7491 3751//7491
f 3813//7492 3753//7492 3812//7492
f 3743//7493 3812//7493 3753//7493
f 3813//7494 3754//7494 3753//7494
f 3776//7495 3794//7495 3785//7495
f 3542//7496 3549//7496 3548//7496
f 3556//7497 3795//7497 3550//7497
f 3569//7498 3815//7498 3786//7498
f 3817//7499 3779//7499 3579//7499
f 3592//7500 3580//7500 3786//7500
f 3590//7501 3593//7501 3797//7501
f 3592//7502 3786//7502 3787//7502
f 3601//7503 3798//7503 3598//7503
f 3799//7504 3600//7504 3603//7504
f 3622//7505 3617//7505 3802//7505
f 3616//7506 3803//7506 3621//7506
f 3640//7507 3635//7507 3644//7507
f 3645//7508 3643//7508 3632//7508
f 3789//7509 3804//7509 3647//7509
f 3781//7510 3647//7510 3804//7510
f 3781//7511 3804//7511 3765//7511
f 3765//7512 3804//7512 3774//7512
f 3671//7513 3769//7513 3790//7513
f 3688//7514 3678//7514 3683//7514
f 3699//7515 3702//7515 3770//7515
f 3775//7516 3807//7516 3717//7516
f 3716//7517 3718//7517 3807//7517
f 3808//7518 3737//7518 3732//7518
f 3792//7519 3733//7519 3740//7519
f 3748//7520 3810//7520 3741//7520
f 3757//7521 3744//7521 3756//7521
f 3793//7522 3518//7522 3519//7522
f 3521//7523 3507//7523 3517//7523
f 3542//7524 3540//7524 3531//7524
f 3541//7525 3508//7525 3539//7525
f 3544//7526 3538//7526 3516//7526
f 3814//7527 3561//7527 3567//7527
f 3566//7528 3569//7528 3786//7528
f 3595//7529 3797//7529 3593//7529
f 3799//7530 3588//7530 3600//7530
f 3762//7531 3602//7531 3818//7531
f 3604//7532 3599//7532 3800//7532
f 3820//7533 3610//7533 3763//7533
f 3773//7534 3820//7534 3763//7534
f 3788//7535 3628//7535 3780//7535
f 3637//7536 3822//7536 3789//7536
f 3821//7537 3773//7537 3804//7537
f 3804//7538 3773//7538 3774//7538
f 3642//7539 3649//7539 3805//7539
f 3662//7540 3823//7540 3656//7540
f 3662//7541 3768//7541 3824//7541
f 3666//7542 3782//7542 3825//7542
f 3667//7543 3666//7543 3825//7543
f 3790//7544 3824//7544 3768//7544
f 3677//7545 3686//7545 3682//7545
f 3826//7546 3700//7546 3704//7546
f 3806//7547 3826//7547 3704//7547
f 3699//7548 3770//7548 3698//7548
f 3713//7549 3712//7549 3709//7549
f 3704//7550 3716//7550 3775//7550
f 3775//7551 3716//7551 3807//7551
f 3791//7552 3807//7552 3718//7552
f 3792//7553 3771//7553 3827//7553
f 3742//7554 3771//7554 3792//7554
f 3772//7555 3541//7555 3508//7555
f 3829//7556 3560//7556 3778//7556
f 3571//7557 3796//7557 3562//7557
f 3569//7558 3572//7558 3779//7558
f 3569//7559 3779//7559 3815//7559
f 3589//7560 3582//7560 3816//7560
f 3787//7561 3818//7561 3602//7561
f 3819//7562 3603//7562 3610//7562
f 3830//7563 3819//7563 3610//7563
f 3612//7564 3609//7564 3801//7564
f 3780//7565 3621//7565 3803//7565
f 3820//7566 3830//7566 3610//7566
f 3821//7567 3820//7567 3773//7567
f 3620//7568 3764//7568 3625//7568
f 3637//7569 3788//7569 3822//7569
f 3789//7570 3821//7570 3804//7570
f 3645//7571 3632//7571 3831//7571
f 3634//7572 3639//7572 3646//7572
f 3649//7573 3656//7573 3823//7573
f 3824//7574 3823//7574 3662//7574
f 3687//7575 3680//7575 3685//7575
f 3700//7576 3826//7576 3683//7576
f 3826//7577 3700//7577 3806//7577
f 3791//7578 3718//7578 3726//7578
f 3811//7579 3750//7579 3832//7579
f 3751//7580 3750//7580 3811//7580
f 3542//7581 3531//7581 3828//7581
f 3537//7582 3543//7582 3524//7582
f 3833//7583 3543//7583 3547//7583
f 3829//7584 3776//7584 3784//7584
f 3777//7585 3776//7585 3829//7585
f 3778//7586 3777//7586 3829//7586
f 3560//7587 3829//7587 3834//7587
f 3549//7588 3835//7588 3558//7588
f 3567//7589 3577//7589 3814//7589
f 3815//7590 3779//7590 3817//7590
f 3815//7591 3817//7591 3818//7591
f 3603//7592 3819//7592 3799//7592
f 3937//7593 3607//7593 3949//7593
f 3836//7594 3780//7594 3803//7594
f 3780//7595 3837//7595 3788//7595
f 3788//7596 3837//7596 3822//7596
f 3822//7597 3821//7597 3789//7597
f 3805//7598 3649//7598 3823//7598
f 3664//7599 3661//7599 3843//7599
f 3769//7600 3667//7600 3839//7600
f 3806//7601 3704//7601 3775//7601
f 4009//7602 3725//7602 3724//7602
f 3737//7603 3808//7603 3743//7603
f 3520//7604 3524//7604 3866//7604
f 3829//7605 3784//7605 3841//7605
f 3895//7606 3546//7606 3552//7606
f 3833//7607 3547//7607 3550//7607
f 3778//7608 3559//7608 3553//7608
f 3560//7609 3559//7609 3778//7609
f 3896//7610 3554//7610 3902//7610
f 3910//7611 3563//7611 3904//7611
f 3814//7612 3577//7612 3842//7612
f 3786//7613 3818//7613 3787//7613
f 3786//7614 3815//7614 3818//7614
f 3818//7615 3817//7615 3762//7615
f 3608//7616 3611//7616 3613//7616
f 3837//7617 3838//7617 3822//7617
f 3820//7618 3821//7618 3838//7618
f 3822//7619 3838//7619 3821//7619
f 3645//7620 3831//7620 3964//7620
f 3661//7621 3660//7621 3843//7621
f 3825//7622 3839//7622 3667//7622
f 3839//7623 3824//7623 3790//7623
f 3839//7624 3790//7624 3769//7624
f 3688//7625 3683//7625 3826//7625
f 3844//7626 3807//7626 3791//7626
f 3748//7627 3755//7627 4031//7627
f 3858//7628 3519//7628 3525//7628
f 3858//7629 3518//7629 3793//7629
f 3871//7630 3534//7630 3535//7630
f 3877//7631 3539//7631 3530//7631
f 3539//7632 3879//7632 3541//7632
f 3874//7633 3533//7633 3546//7633
f 3542//7634 3531//7634 3881//7634
f 3543//7635 3888//7635 3882//7635
f 3893//7636 3890//7636 3778//7636
f 3829//7637 3841//7637 3848//7637
f 3901//7638 3558//7638 3835//7638
f 3559//7639 3849//7639 3560//7639
f 4040//7640 3558//7640 3901//7640
f 3563//7641 3910//7641 3568//7641
f 3571//7642 3581//7642 3915//7642
f 3577//7643 3842//7643 3914//7643
f 3917//7644 3816//7644 3582//7644
f 3918//7645 3587//7645 3578//7645
f 3579//7646 3585//7646 3923//7646
f 3594//7647 3929//7647 3597//7647
f 3597//7648 3930//7648 3595//7648
f 3936//7649 3604//7649 3800//7649
f 3607//7650 3614//7650 3949//7650
f 3951//7651 3949//7651 3623//7651
f 3851//7652 3830//7652 3820//7652
f 3949//7653 3614//7653 3623//7653
f 3952//7654 3953//7654 3620//7654
f 3951//7655 3629//7655 3957//7655
f 3951//7656 3623//7656 3629//7656
f 3955//7657 3635//7657 3764//7657
f 3634//7658 3965//7658 3963//7658
f 3634//7659 3646//7659 3965//7659
f 3645//7660 3964//7660 3646//7660
f 3967//7661 3654//7661 3653//7661
f 3978//7662 3676//7662 3679//7662
f 3986//7663 3685//7663 3686//7663
f 3684//7664 3689//7664 3983//7664
f 3987//7665 3691//7665 3852//7665
f 3713//7666 3709//7666 3855//7666
f 3856//7667 3713//7667 3855//7667
f 3715//7668 3806//7668 3775//7668
f 3844//7669 3717//7669 3807//7669
f 4010//7670 3725//7670 4009//7670
f 3727//7671 4011//7671 4058//7671
f 3827//7672 3771//7672 3811//7672
f 3840//7673 3739//7673 3736//7673
f 4027//7674 3810//7674 3748//7674
f 4024//7675 4025//7675 3749//7675
f 4034//7676 3754//7676 3813//7676
f 3521//7677 3857//7677 3517//7677
f 3858//7678 3793//7678 3519//7678
f 3529//7679 3523//7679 4037//7679
f 3516//7680 3867//7680 3517//7680
f 3516//7681 3517//7681 3521//7681
f 3861//7682 3521//7682 3507//7682
f 3864//7683 3527//7683 3532//7683
f 3866//7684 3523//7684 3520//7684
f 3864//7685 3534//7685 3871//7685
f 3518//7686 3858//7686 3869//7686
f 3532//7687 3534//7687 3864//7687
f 3868//7688 3535//7688 3536//7688
f 3869//7689 3530//7689 3518//7689
f 3533//7690 3874//7690 3525//7690
f 3531//7691 3528//7691 3872//7691
f 3531//7692 3872//7692 3875//7692
f 3866//7693 3524//7693 3876//7693
f 3879//7694 3539//7694 3877//7694
f 3879//7695 3880//7695 3541//7695
f 3507//7696 3772//7696 3845//7696
f 3882//7697 3524//7697 3543//7697
f 3785//7698 3847//7698 3784//7698
f 3847//7699 3785//7699 3776//7699
f 3516//7700 3873//7700 3884//7700
f 4061//7701 3508//7701 3846//7701
f 4038//7702 3874//7702 3883//7702
f 3777//7703 3889//7703 3776//7703
f 3891//7704 3542//7704 3885//7704
f 3888//7705 3543//7705 3833//7705
f 3544//7706 3892//7706 3551//7706
f 3542//7707 3891//7707 3549//7707
f 3784//7708 3847//7708 3848//7708
f 3784//7709 3848//7709 3841//7709
f 3890//7710 3777//7710 3778//7710
f 3550//7711 3894//7711 3833//7711
f 3895//7712 3552//7712 3896//7712
f 3778//7713 3553//7713 3893//7713
f 3896//7714 3552//7714 3554//7714
f 3901//7715 3835//7715 3891//7715
f 3899//7716 3550//7716 3795//7716
f 3829//7717 3897//7717 3900//7717
f 3900//7718 3834//7718 3829//7718
f 3834//7719 3900//7719 3560//7719
f 3900//7720 3849//7720 3560//7720
f 3556//7721 3899//7721 3795//7721
f 3563//7722 3560//7722 3904//7722
f 3899//7723 3556//7723 3903//7723
f 3556//7724 3561//7724 3903//7724
f 3905//7725 3557//7725 3562//7725
f 3905//7726 3902//7726 3557//7726
f 3908//7727 3562//7727 3796//7727
f 3570//7728 3907//7728 3912//7728
f 3570//7729 3564//7729 3907//7729
f 3561//7730 3909//7730 3906//7730
f 3814//7731 3909//7731 3561//7731
f 3842//7732 3914//7732 3814//7732
f 3911//7733 3571//7733 3915//7733
f 3582//7734 3575//7734 3917//7734
f 3918//7735 3578//7735 3913//7735
f 3578//7736 3568//7736 3913//7736
f 3586//7737 3590//7737 3921//7737
f 3923//7738 3585//7738 3920//7738
f 3590//7739 3924//7739 3922//7739
f 3797//7740 3924//7740 3590//7740
f 3925//7741 3581//7741 3598//7741
f 3587//7742 3918//7742 3591//7742
f 3918//7743 3926//7743 3591//7743
f 3817//7744 3579//7744 3928//7744
f 3595//7745 3924//7745 3797//7745
f 4062//7746 3588//7746 3931//7746
f 3598//7747 3798//7747 3925//7747
f 3589//7748 3927//7748 3599//7748
f 3928//7749 3850//7749 3762//7749
f 3928//7750 3762//7750 3817//7750
f 3597//7751 3932//7751 3930//7751
f 3798//7752 3601//7752 3925//7752
f 3934//7753 3599//7753 3927//7753
f 3933//7754 3601//7754 3937//7754
f 3935//7755 3799//7755 3819//7755
f 3940//7756 3609//7756 3608//7756
f 3938//7757 3801//7757 3609//7757
f 3801//7758 3941//7758 3612//7758
f 3608//7759 3613//7759 3940//7759
f 3942//7760 3612//7760 3941//7760
f 3616//7761 3942//7761 3943//7761
f 3803//7762 3616//7762 3943//7762
f 3830//7763 3851//7763 3819//7763
f 3613//7764 3618//7764 3946//7764
f 3820//7765 3838//7765 3851//7765
f 3952//7766 3620//7766 3615//7766
f 3837//7767 3780//7767 3836//7767
f 3837//7768 4045//7768 3851//7768
f 3837//7769 3851//7769 3838//7769
f 3764//7770 3620//7770 3953//7770
f 3627//7771 3622//7771 3954//7771
f 3624//7772 3626//7772 3956//7772
f 3959//7773 3629//7773 3634//7773
f 3626//7774 3636//7774 3960//7774
f 3632//7775 3964//7775 3831//7775
f 3962//7776 3642//7776 3968//7776
f 3653//7777 3644//7777 3967//7777
f 3969//7778 3642//7778 3805//7778
f 3970//7779 3655//7779 3654//7779
f 3970//7780 3971//7780 3655//7780
f 3660//7781 3655//7781 3971//7781
f 3974//7782 3839//7782 3825//7782
f 3973//7783 3825//7783 3782//7783
f 3673//7784 3975//7784 3675//7784
f 3976//7785 3676//7785 3978//7785
f 3676//7786 3976//7786 3674//7786
f 3977//7787 3677//7787 3675//7787
f 3982//7788 3679//7788 3684//7788
f 3688//7789 3852//7789 3691//7789
f 3695//7790 3691//7790 3987//7790
f 3985//7791 3991//7791 3687//7791
f 3689//7792 3692//7792 3988//7792
f 3989//7793 3692//7793 3694//7793
f 3693//7794 3991//7794 3697//7794
f 3701//7795 3697//7795 3993//7795
f 3993//7796 3994//7796 3701//7796
f 3854//7797 3992//7797 3806//7797
f 3992//7798 3826//7798 3806//7798
f 3707//7799 3995//7799 3710//7799
f 3710//7800 3995//7800 3996//7800
f 3710//7801 3996//7801 3853//7801
f 3710//7802 3853//7802 3711//7802
f 3998//7803 3995//7803 3707//7803
f 3706//7804 3998//7804 3707//7804
f 3699//7805 3999//7805 3702//7805
f 3699//7806 4000//7806 3999//7806
f 3709//7807 3711//7807 4055//7807
f 3709//7808 4055//7808 3855//7808
f 4000//7809 3699//7809 3515//7809
f 3854//7810 3806//7810 3715//7810
f 4002//7811 3715//7811 4001//7811
f 3715//7812 3714//7812 4001//7812
f 3722//7813 3720//7813 4003//7813
f 4006//7814 3721//7814 3717//7814
f 3722//7815 4005//7815 3723//7815
f 3722//7816 4003//7816 4005//7816
f 3723//7817 4005//7817 3724//7817
f 4008//7818 3724//7818 4005//7818
f 4013//7819 4007//7819 3844//7819
f 4010//7820 3727//7820 3725//7820
f 3844//7821 3791//7821 4013//7821
f 3792//7822 4012//7822 3791//7822
f 4012//7823 3792//7823 4013//7823
f 3827//7824 4013//7824 3792//7824
f 3735//7825 4015//7825 3736//7825
f 3738//7826 4016//7826 3735//7826
f 4018//7827 3734//7827 4017//7827
f 3734//7828 3731//7828 4017//7828
f 3732//7829 4018//7829 4020//7829
f 3732//7830 3734//7830 4018//7830
f 3827//7831 3811//7831 4014//7831
f 4018//7832 3809//7832 4022//7832
f 3840//7833 4015//7833 4023//7833
f 4014//7834 3811//7834 4025//7834
f 3840//7835 3736//7835 4015//7835
f 3739//7836 3840//7836 4023//7836
f 4060//7837 3743//7837 4020//7837
f 4027//7838 3748//7838 4028//7838
f 3752//7839 3746//7839 3739//7839
f 3752//7840 3739//7840 4023//7840
f 3832//7841 3750//7841 3749//7841
f 3832//7842 3749//7842 4025//7842
f 3743//7843 3808//7843 4020//7843
f 3752//7844 4030//7844 3749//7844
f 4030//7845 4029//7845 3749//7845
f 3743//7846 4032//7846 3812//7846
f 3812//7847 4032//7847 4033//7847
f 3812//7848 4033//7848 3813//7848
f 3754//7849 4034//7849 4035//7849
f 3748//7850 3755//7850 4036//7850
f 3755//7851 3754//7851 4035//7851
f 4036//7852 3755//7852 4035//7852
f 3865//7853 3536//7853 3529//7853
f 3867//7854 3516//7854 3521//7854
f 3866//7855 3860//7855 3523//7855
f 3861//7856 3507//7856 3878//7856
f 3522//7857 3526//7857 3870//7857
f 3871//7858 3535//7858 3868//7858
f 3873//7859 3516//7859 3867//7859
f 3862//7860 3525//7860 3874//7860
f 3882//7861 3876//7861 3524//7861
f 3544//7862 3516//7862 3884//7862
f 3845//7863 3772//7863 3508//7863
f 3541//7864 3880//7864 3846//7864
f 3541//7865 3846//7865 3508//7865
f 3874//7866 3546//7866 3883//7866
f 3883//7867 3546//7867 3887//7867
f 3542//7868 3881//7868 3885//7868
f 3892//7869 3544//7869 3884//7869
f 3892//7870 3893//7870 3551//7870
f 3893//7871 3553//7871 3551//7871
f 3897//7872 3829//7872 3848//7872
f 3898//7873 3894//7873 3550//7873
f 3898//7874 3550//7874 3899//7874
f 3835//7875 3549//7875 3891//7875
f 3575//7876 3570//7876 3912//7876
f 3568//7877 3910//7877 3913//7877
f 3585//7878 3584//7878 3916//7878
f 4062//7879 3577//7879 3588//7879
f 3929//7880 3591//7880 3926//7880
f 3929//7881 3594//7881 3591//7881
f 3924//7882 3595//7882 3930//7882
f 3935//7883 3931//7883 3588//7883
f 3601//7884 3933//7884 3925//7884
f 3605//7885 3762//7885 3939//7885
f 3601//7886 3607//7886 3937//7886
f 3801//7887 3938//7887 3941//7887
f 3851//7888 4041//7888 3819//7888
f 4069//7889 3942//7889 3941//7889
f 3605//7890 3939//7890 3617//7890
f 3613//7891 3944//7891 4042//7891
f 3942//7892 3616//7892 3612//7892
f 3944//7893 3613//7893 3946//7893
f 4044//7894 4041//7894 3851//7894
f 3803//7895 3943//7895 4043//7895
f 4043//7896 3943//7896 3947//7896
f 3947//7897 4045//7897 4046//7897
f 3947//7898 4046//7898 3836//7898
f 4044//7899 3851//7899 4045//7899
f 3802//7900 3617//7900 3948//7900
f 3618//7901 3950//7901 3946//7901
f 3837//7902 3836//7902 4046//7902
f 3624//7903 3950//7903 3618//7903
f 4046//7904 4045//7904 3837//7904
f 3945//7905 3952//7905 3615//7905
f 3948//7906 3622//7906 3802//7906
f 3764//7907 3953//7907 3955//7907
f 3950//7908 3624//7908 3956//7908
f 3957//7909 3629//7909 3959//7909
f 3626//7910 3960//7910 3956//7910
f 3636//7911 3962//7911 3960//7911
f 3958//7912 3632//7912 3627//7912
f 3959//7913 3634//7913 3963//7913
f 3958//7914 3964//7914 3632//7914
f 3965//7915 3646//7915 3964//7915
f 3967//7916 3644//7916 3966//7916
f 3962//7917 3636//7917 3642//7917
f 3644//7918 3635//7918 3966//7918
f 3970//7919 3654//7919 3967//7919
f 3969//7920 3968//7920 3642//7920
f 3971//7921 3970//7921 4047//7921
f 3823//7922 3969//7922 3805//7922
f 4064//7923 3969//7923 4048//7923
f 4048//7924 3969//7924 3823//7924
f 3972//7925 3660//7925 3971//7925
f 3972//7926 3843//7926 3660//7926
f 4049//7927 4048//7927 3823//7927
f 3664//7928 3843//7928 3972//7928
f 3664//7929 3972//7929 3782//7929
f 3974//7930 4049//7930 3839//7930
f 3839//7931 4049//7931 3824//7931
f 4049//7932 3823//7932 3824//7932
f 3825//7933 3973//7933 4051//7933
f 4051//7934 3974//7934 3825//7934
f 3975//7935 3673//7935 3976//7935
f 3673//7936 3674//7936 3976//7936
f 3981//7937 3686//7937 3677//7937
f 3679//7938 3982//7938 3979//7938
f 3684//7939 3983//7939 3982//7939
f 3986//7940 3687//7940 3685//7940
f 3695//7941 3987//7941 3990//7941
f 3688//7942 4052//7942 3852//7942
f 3991//7943 3693//7943 3687//7943
f 3692//7944 3989//7944 3988//7944
f 3695//7945 3990//7945 3694//7945
f 4052//7946 3688//7946 3826//7946
f 3992//7947 4052//7947 3826//7947
f 3993//7948 3697//7948 3991//7948
f 3992//7949 4053//7949 4052//7949
f 3703//7950 3702//7950 3997//7950
f 4053//7951 3992//7951 3854//7951
f 3706//7952 3705//7952 3998//7952
f 3705//7953 4054//7953 3998//7953
f 3994//7954 3701//7954 3515//7954
f 3515//7955 3701//7955 4057//7955
f 4001//7956 4056//7956 4053//7956
f 3515//7957 4057//7957 4000//7957
f 4002//7958 4053//7958 3854//7958
f 3713//7959 3856//7959 4001//7959
f 3854//7960 3715//7960 4002//7960
f 4001//7961 3714//7961 3713//7961
f 3720//7962 3721//7962 4006//7962
f 3717//7963 4007//7963 3721//7963
f 4007//7964 3717//7964 3844//7964
f 4011//7965 3727//7965 4010//7965
f 4013//7966 3791//7966 4012//7966
f 3729//7967 3728//7967 4058//7967
f 4016//7968 4015//7968 3735//7968
f 4019//7969 4059//7969 4021//7969
f 4018//7970 3734//7970 3809//7970
f 4020//7971 3808//7971 3732//7971
f 4019//7972 4021//7972 4024//7972
f 4024//7973 4021//7973 4025//7973
f 4021//7974 4059//7974 4025//7974
f 4025//7975 4059//7975 4014//7975
f 4026//7976 3741//7976 3810//7976
f 3811//7977 3832//7977 4025//7977
f 4026//7978 3810//7978 4027//7978
f 4024//7979 3749//7979 4029//7979
f 4030//7980 3752//7980 4023//7980
f 4028//7981 3748//7981 4031//7981
f 4033//7982 4034//7982 3813//7982
f 4031//7983 3748//7983 4036//7983
f 3861//7984 3857//7984 3521//7984
f 3525//7985 3862//7985 3858//7985
f 3859//7986 3526//7986 3527//7986
f 4037//7987 3865//7987 3529//7987
f 3523//7988 3860//7988 4037//7988
f 3857//7989 3867//7989 3521//7989
f 3868//7990 3536//7990 3865//7990
f 3507//7991 3845//7991 3878//7991
f 4061//7992 3845//7992 3508//7992
f 3886//7993 3847//7993 3776//7993
f 3883//7994 3887//7994 4038//7994
f 3889//7995 3886//7995 3776//7995
f 3889//7996 3777//7996 3890//7996
f 3887//7997 3546//7997 3895//7997
f 3554//7998 3557//7998 3902//7998
f 3849//7999 3904//7999 3560//7999
f 3558//8000 4040//8000 3907//8000
f 3564//8001 3558//8001 3907//8001
f 3903//8002 3561//8002 3906//8002
f 3905//8003 3562//8003 3908//8003
f 3796//8004 3571//8004 3911//8004
f 3917//8005 3575//8005 3912//8005
f 3583//8006 3586//8006 3921//8006
f 3920//8007 3585//8007 3916//8007
f 3921//8008 3590//8008 3922//8008
f 3915//8009 3581//8009 3925//8009
f 3917//8010 3589//8010 3816//8010
f 3579//8011 3923//8011 3928//8011
f 3917//8012 3927//8012 3589//8012
f 3932//8013 3597//8013 3929//8013
f 3931//8014 3935//8014 4063//8014
f 3935//8015 3588//8015 3799//8015
f 3800//8016 3599//8016 3934//8016
f 4063//8017 3935//8017 4041//8017
f 3819//8018 4041//8018 3935//8018
f 3609//8019 3940//8019 3938//8019
f 3615//8020 3604//8020 3936//8020
f 3940//8021 3613//8021 4042//8021
f 3936//8022 3945//8022 3615//8022
f 3803//8023 4043//8023 3947//8023
f 3836//8024 3803//8024 3947//8024
f 3622//8025 3948//8025 3954//8025
f 3635//8026 3955//8026 3961//8026
f 3966//8027 3635//8027 3961//8027
f 3972//8028 4066//8028 3782//8028
f 3973//8029 3782//8029 4066//8029
f 4072//8030 4049//8030 3974//8030
f 3973//8031 4066//8031 4072//8031
f 3977//8032 3675//8032 3975//8032
f 3978//8033 3679//8033 3979//8033
f 3980//8034 3677//8034 3977//8034
f 3677//8035 3980//8035 3981//8035
f 3984//8036 3686//8036 3981//8036
f 3686//8037 3984//8037 3986//8037
f 3983//8038 3689//8038 3988//8038
f 4054//8039 3703//8039 3997//8039
f 3705//8040 3703//8040 4054//8040
f 3994//8041 4057//8041 3701//8041
f 4001//8042 4053//8042 4002//8042
f 4056//8043 4001//8043 3856//8043
f 4003//8044 3720//8044 4004//8044
f 4006//8045 3721//8045 4007//8045
f 3728//8046 3727//8046 4058//8046
f 3827//8047 4014//8047 4013//8047
f 4017//8048 3729//8048 4058//8048
f 4016//8049 3741//8049 4067//8049
f 4016//8050 3738//8050 3741//8050
f 4015//8051 4068//8051 4023//8051
f 4067//8052 3741//8052 4026//8052
f 4068//8053 4024//8053 4023//8053
f 4019//8054 4024//8054 4068//8054
f 3743//8055 4060//8055 4032//8055
f 3527//8056 3863//8056 3859//8056
f 3527//8057 3864//8057 3863//8057
f 3528//8058 3522//8058 3872//8058
f 3870//8059 3872//8059 3522//8059
f 3877//8060 3530//8060 3869//8060
f 3881//8061 3531//8061 3875//8061
f 3888//8062 3833//8062 3894//8062
f 3908//8063 3796//8063 3911//8063
f 3909//8064 3814//8064 3914//8064
f 3583//8065 3921//8065 3919//8065
f 4062//8066 3914//8066 3577//8066
f 3931//8067 4063//8067 4062//8067
f 3942//8068 3616//8068 4069//8068
f 3939//8069 3948//8069 3617//8069
f 3627//8070 3954//8070 3958//8070
f 3960//8071 3962//8071 4085//8071
f 3968//8072 3969//8072 4064//8072
f 4064//8073 4048//8073 4049//8073
f 3974//8074 4051//8074 4072//8074
f 3973//8075 4072//8075 4051//8075
f 3687//8076 3986//8076 3985//8076
f 3989//8077 3694//8077 3990//8077
f 4006//8078 4004//8078 3720//8078
f 4009//8079 3724//8079 4008//8079
f 4006//8080 4007//8080 4013//8080
f 4017//8081 3731//8081 3729//8081
f 3870//8082 3526//8082 3859//8082
f 4079//8083 3891//8083 3885//8083
f 3936//8084 3800//8084 3934//8084
f 3939//8085 3762//8085 3850//8085
f 3943//8086 3942//8086 4069//8086
f 3947//8087 3943//8087 4073//8087
f 4073//8088 4082//8088 3947//8088
f 4074//8089 4085//8089 3968//8089
f 3970//8090 4070//8090 3967//8090
f 4074//8091 3968//8091 4064//8091
f 3971//8092 4047//8092 3972//8092
f 3995//8093 3998//8093 4077//8093
f 4078//8094 4006//8094 4013//8094
f 3848//8095 3847//8095 3897//8095
f 3583//8096 3919//8096 4080//8096
f 3922//8097 4095//8097 4096//8097
f 4041//8098 4081//8098 4063//8098
f 4082//8099 4081//8099 4041//8099
f 4082//8100 4045//8100 3947//8100
f 4085//8101 3962//8101 3968//8101
f 3972//8102 4047//8102 4086//8102
f 4064//8103 4049//8103 4072//8103
f 4071//8104 4065//8104 4050//8104
f 4076//8105 4071//8105 4050//8105
f 4088//8106 4052//8106 4056//8106
f 4056//8107 4052//8107 4053//8107
f 3702//8108 3999//8108 3997//8108
f 3994//8109 4090//8109 4057//8109
f 4030//8110 4024//8110 4029//8110
f 4023//8111 4024//8111 4030//8111
f 4035//8112 4034//8112 4036//8112
f 4271//8113 3877//8113 4134//8113
f 3845//8114 4061//8114 3846//8114
f 3845//8115 3846//8115 3880//8115
f 3906//8116 3899//8116 3903//8116
f 3584//8117 3583//8117 4080//8117
f 3916//8118 3584//8118 4080//8118
f 3921//8119 3922//8119 4096//8119
f 3915//8120 3925//8120 4097//8120
f 4099//8121 4073//8121 3943//8121
f 4041//8122 4045//8122 4082//8122
f 3950//8123 4083//8123 3946//8123
f 3958//8124 4100//8124 3964//8124
f 3956//8125 3960//8125 4085//8125
f 4101//8126 4102//8126 4075//8126
f 4102//8127 4065//8127 4075//8127
f 4087//8128 3990//8128 3987//8128
f 4054//8129 4103//8129 3998//8129
f 4055//8130 3711//8130 3853//8130
f 4089//8131 3856//8131 3855//8131
f 4089//8132 3856//8132 4056//8132
f 4033//8133 4032//8133 4060//8133
f 3857//8134 3861//8134 3867//8134
f 3867//8135 3884//8135 3873//8135
f 3886//8136 3897//8136 3847//8136
f 3904//8137 3849//8137 4093//8137
f 3904//8138 4093//8138 4094//8138
f 3910//8139 3904//8139 4094//8139
f 4080//8140 3919//8140 4104//8140
f 3916//8141 4080//8141 3920//8141
f 3930//8142 4098//8142 3924//8142
f 3932//8143 4098//8143 3930//8143
f 4044//8144 4041//8144 4082//8144
f 4045//8145 4041//8145 4044//8145
f 3953//8146 3952//8146 3945//8146
f 4083//8147 3950//8147 3956//8147
f 3951//8148 3957//8148 3959//8148
f 4106//8149 4064//8149 4072//8149
f 4065//8150 4071//8150 4075//8150
f 3852//8151 4052//8151 4088//8151
f 3998//8152 4103//8152 4077//8152
f 4088//8153 4056//8153 4089//8153
f 4000//8154 4057//8154 4107//8154
f 4011//8155 4010//8155 4009//8155
f 4014//8156 4078//8156 4013//8156
f 4017//8157 4058//8157 4108//8157
f 4059//8158 4078//8158 4014//8158
f 4031//8159 4036//8159 4034//8159
f 4091//8160 3890//8160 3893//8160
f 3892//8161 4091//8161 3893//8161
f 3907//8162 4040//8162 3901//8162
f 3905//8163 3908//8163 3902//8163
f 3919//8164 3921//8164 4096//8164
f 4084//8165 3958//8165 4100//8165
f 3966//8166 3961//8166 3955//8166
f 3965//8167 3959//8167 3963//8167
f 4105//8168 4112//8168 4111//8168
f 4047//8169 3970//8169 4113//8169
f 4102//8170 4101//8170 4105//8170
f 4066//8171 4086//8171 4114//8171
f 4066//8172 3972//8172 4086//8172
f 4114//8173 4106//8173 4072//8173
f 4114//8174 4072//8174 4066//8174
f 3980//8175 3977//8175 3981//8175
f 4088//8176 3987//8176 3852//8176
f 3994//8177 4115//8177 4090//8177
f 4078//8178 4059//8178 4109//8178
f 4133//8179 3845//8179 3880//8179
f 3877//8180 3869//8180 4134//8180
f 3910//8181 4094//8181 3913//8181
f 4153//8182 3909//8182 3914//8182
f 3933//8183 3937//8183 4126//8183
f 3943//8184 4116//8184 4099//8184
f 4069//8185 3941//8185 4110//8185
f 4101//8186 4112//8186 4105//8186
f 3967//8187 3966//8187 4070//8187
f 4117//8188 4074//8188 4064//8188
f 4117//8189 4064//8189 4106//8189
f 3984//8190 3981//8190 3980//8190
f 4109//8191 4004//8191 4006//8191
f 4109//8192 4006//8192 4078//8192
f 3861//8193 4132//8193 3867//8193
f 4139//8194 3876//8194 3882//8194
f 4121//8195 3888//8195 3898//8195
f 3898//8196 3888//8196 3894//8196
f 3903//8197 3898//8197 3899//8197
f 4104//8198 3919//8198 4096//8198
f 4069//8199 4125//8199 4116//8199
f 4110//8200 4125//8200 4069//8200
f 4069//8201 4116//8201 3943//8201
f 3948//8202 3939//8202 4128//8202
f 4117//8203 4169//8203 4085//8203
f 4070//8204 3966//8204 4129//8204
f 4171//8205 4111//8205 4170//8205
f 4171//8206 4105//8206 4111//8206
f 4117//8207 4085//8207 4074//8207
f 3970//8208 4070//8208 4113//8208
f 3978//8209 3979//8209 4242//8209
f 3985//8210 3986//8210 3991//8210
f 4089//8211 4130//8211 4088//8211
f 3991//8212 3993//8212 3994//8212
f 4059//8213 4019//8213 4131//8213
f 4017//8214 4108//8214 4258//8214
f 4067//8215 4026//8215 4027//8215
f 4027//8216 4028//8216 4031//8216
f 4132//8217 3861//8217 3878//8217
f 4118//8218 3867//8218 4132//8218
f 3880//8219 3879//8219 4136//8219
f 3882//8220 3888//8220 4139//8220
f 3888//8221 4140//8221 4139//8221
f 3875//8222 3872//8222 3881//8222
f 4143//8223 3890//8223 4091//8223
f 4122//8224 3846//8224 4039//8224
f 3898//8225 3903//8225 4146//8225
f 4205//8226 3900//8226 3897//8226
f 3902//8227 3908//8227 4150//8227
f 4094//8228 4151//8228 3913//8228
f 3915//8229 4097//8229 4286//8229
f 3926//8230 4214//8230 3929//8230
f 4289//8231 3928//8231 4157//8231
f 4110//8232 4218//8232 4125//8232
f 3941//8233 4159//8233 4218//8233
f 3941//8234 3938//8234 4159//8234
f 3938//8235 3940//8235 4160//8235
f 4042//8236 3944//8236 3946//8236
f 3951//8237 3959//8237 4225//8237
f 3966//8238 3955//8238 4166//8238
f 3959//8239 3965//8239 4168//8239
f 4070//8240 4129//8240 4232//8240
f 4070//8241 4235//8241 4113//8241
f 4047//8242 4113//8242 4086//8242
f 4117//8243 4106//8243 4114//8243
f 4172//8244 4075//8244 4071//8244
f 4239//8245 4050//8245 4065//8245
f 3975//8246 3976//8246 4240//8246
f 4246//8247 3983//8247 3988//8247
f 4248//8248 3986//8248 3984//8248
f 4176//8249 3991//8249 3986//8249
f 3987//8250 4088//8250 4175//8250
f 4177//8251 4088//8251 4130//8251
f 3855//8252 4130//8252 4089//8252
f 3997//8253 3999//8253 4180//8253
f 4090//8254 4183//8254 4057//8254
f 4184//8255 4005//8255 4003//8255
f 4011//8256 4187//8256 4186//8256
f 4058//8257 4011//8257 4186//8257
f 4188//8258 4004//8258 4109//8258
f 4016//8259 4067//8259 4191//8259
f 4031//8260 4193//8260 4027//8260
f 4263//8261 4132//8261 3878//8261
f 4263//8262 3878//8262 3845//8262
f 4195//8263 3858//8263 3862//8263
f 3845//8264 4133//8264 4265//8264
f 4197//8265 3868//8265 3865//8265
f 3859//8266 4198//8266 4269//8266
f 4134//8267 3869//8267 3858//8267
f 3860//8268 4135//8268 4037//8268
f 4133//8269 3880//8269 4136//8269
f 3866//8270 4135//8270 3860//8270
f 4139//8271 3866//8271 3876//8271
f 4137//8272 3874//8272 4038//8272
f 3872//8273 4138//8273 3881//8273
f 4140//8274 3888//8274 4120//8274
f 4119//8275 3867//8275 3884//8275
f 4201//8276 3885//8276 3881//8276
f 4091//8277 3884//8277 4119//8277
f 3886//8278 3889//8278 4144//8278
f 3889//8279 4202//8279 4144//8279
f 4145//8280 3885//8280 4201//8280
f 3898//8281 4146//8281 4142//8281
f 3884//8282 4091//8282 3892//8282
f 3886//8283 4203//8283 3897//8283
f 4092//8284 3884//8284 3892//8284
f 4147//8285 4093//8285 3849//8285
f 3849//8286 3900//8286 4147//8286
f 4206//8287 3907//8287 3901//8287
f 4149//8288 3903//8288 3906//8288
f 3909//8289 4210//8289 3906//8289
f 3906//8290 4210//8290 4209//8290
f 4211//8291 4096//8291 4281//8291
f 4213//8292 3918//8292 3913//8292
f 4104//8293 4096//8293 4211//8293
f 3922//8294 3924//8294 4287//8294
f 3926//8295 3918//8295 4214//8295
f 3928//8296 3923//8296 4157//8296
f 3934//8297 3927//8297 4155//8297
f 3932//8298 3929//8298 4124//8298
f 4062//8299 4063//8299 4220//8299
f 3850//8300 3928//8300 4216//8300
f 4215//8301 4125//8301 4219//8301
f 4063//8302 4081//8302 4220//8302
f 4125//8303 4215//8303 4116//8303
f 4218//8304 4110//8304 3941//8304
f 3936//8305 4290//8305 4127//8305
f 3936//8306 3934//8306 4290//8306
f 3938//8307 4160//8307 4159//8307
f 4081//8308 4220//8308 4082//8308
f 4162//8309 4081//8309 4082//8309
f 4127//8310 3945//8310 3936//8310
f 3945//8311 4296//8311 4164//8311
f 3946//8312 4083//8312 4222//8312
f 3953//8313 3945//8313 4296//8313
f 4223//8314 3954//8314 3948//8314
f 3955//8315 3953//8315 4224//8315
f 4225//8316 3959//8316 4226//8316
f 4166//8317 3955//8317 4224//8317
f 3954//8318 4223//8318 3958//8318
f 4227//8319 3956//8319 4085//8319
f 4226//8320 3959//8320 4168//8320
f 4229//8321 4112//8321 4228//8321
f 3964//8322 4100//8322 4167//8322
f 3965//8323 3964//8323 4168//8323
f 4111//8324 4112//8324 4229//8324
f 3966//8325 4166//8325 4230//8325
f 4231//8326 4228//8326 4112//8326
f 4111//8327 4229//8327 4170//8327
f 4129//8328 3966//8328 4230//8328
f 4129//8329 4230//8329 4232//8329
f 4233//8330 4085//8330 4169//8330
f 4169//8331 4117//8331 4233//8331
f 4117//8332 4234//8332 4233//8332
f 4086//8333 4113//8333 4237//8333
f 4236//8334 4117//8334 4114//8334
f 4101//8335 4075//8335 4172//8335
f 4086//8336 4237//8336 4114//8336
f 4237//8337 4236//8337 4114//8337
f 4300//8338 4071//8338 4076//8338
f 4239//8339 4173//8339 4050//8339
f 4076//8340 4050//8340 4173//8340
f 3977//8341 3975//8341 4174//8341
f 4244//8342 3989//8342 3990//8342
f 4243//8343 3989//8343 4244//8343
f 4087//8344 3987//8344 4175//8344
f 3983//8345 4247//8345 4302//8345
f 3983//8346 4302//8346 3982//8346
f 4247//8347 3983//8347 4246//8347
f 4175//8348 4088//8348 4177//8348
f 4250//8349 4251//8349 4103//8349
f 4251//8350 4077//8350 4103//8350
f 4178//8351 4054//8351 3997//8351
f 4250//8352 4103//8352 4054//8352
f 4252//8353 4304//8353 3995//8353
f 4253//8354 4130//8354 3855//8354
f 4254//8355 4179//8355 3855//8355
f 4254//8356 3855//8356 4055//8356
f 4107//8357 4057//8357 4255//8357
f 4184//8358 4003//8358 4185//8358
f 4256//8359 4008//8359 4184//8359
f 4256//8360 4308//8360 4009//8360
f 4257//8361 4058//8361 4186//8361
f 4109//8362 4188//8362 4078//8362
f 4019//8363 4068//8363 4189//8363
f 4068//8364 4015//8364 4190//8364
f 4017//8365 4192//8365 4018//8365
f 4016//8366 4309//8366 4015//8366
f 4020//8367 4192//8367 4261//8367
f 4020//8368 4018//8368 4192//8368
f 4262//8369 4067//8369 4027//8369
f 4264//8370 4263//8370 3845//8370
f 4265//8371 4264//8371 3845//8371
f 4195//8372 3862//8372 4196//8372
f 4266//8373 3868//8373 4268//8373
f 4137//8374 4196//8374 3874//8374
f 3859//8375 3863//8375 4198//8375
f 3864//8376 4267//8376 4198//8376
f 4266//8377 4267//8377 3871//8377
f 4197//8378 3865//8378 4037//8378
f 4037//8379 4199//8379 4197//8379
f 4134//8380 3858//8380 4195//8380
f 4270//8381 3870//8381 3859//8381
f 3872//8382 4270//8382 4138//8382
f 3872//8383 3870//8383 4270//8383
f 4139//8384 4200//8384 3866//8384
f 4135//8385 3866//8385 4200//8385
f 3872//8386 4138//8386 4272//8386
f 4119//8387 3867//8387 4118//8387
f 4137//8388 4038//8388 4273//8388
f 3881//8389 4138//8389 4141//8389
f 4273//8390 4038//8390 3887//8390
f 4201//8391 3881//8391 4141//8391
f 4143//8392 4274//8392 3890//8392
f 4091//8393 4119//8393 4143//8393
f 4120//8394 4142//8394 3888//8394
f 3888//8395 4121//8395 4142//8395
f 4145//8396 4079//8396 3885//8396
f 4144//8397 4203//8397 3886//8397
f 4142//8398 3898//8398 4121//8398
f 3891//8399 4145//8399 4277//8399
f 3891//8400 4079//8400 4145//8400
f 4204//8401 4146//8401 3898//8401
f 3901//8402 3891//8402 4206//8402
f 4277//8403 4206//8403 3891//8403
f 4203//8404 4205//8404 3897//8404
f 4147//8405 4148//8405 4093//8405
f 4147//8406 3900//8406 4205//8406
f 4206//8407 4208//8407 3907//8407
f 4149//8408 3906//8408 4209//8408
f 4094//8409 4093//8409 4148//8409
f 4208//8410 4207//8410 3907//8410
f 3912//8411 3907//8411 4280//8411
f 4152//8412 3908//8412 3911//8412
f 4151//8413 4213//8413 3913//8413
f 4283//8414 4281//8414 4095//8414
f 4095//8415 4281//8415 4096//8415
f 4285//8416 3917//8416 3912//8416
f 3922//8417 4283//8417 4095//8417
f 4154//8418 3923//8418 3920//8418
f 4155//8419 3917//8419 4285//8419
f 4153//8420 3914//8420 4062//8420
f 3927//8421 3917//8421 4155//8421
f 4213//8422 4214//8422 3918//8422
f 3923//8423 4154//8423 4157//8423
f 4286//8424 3925//8424 4156//8424
f 4123//8425 4062//8425 4220//8425
f 4116//8426 4215//8426 4288//8426
f 3924//8427 4158//8427 4287//8427
f 4216//8428 4289//8428 4157//8428
f 3933//8429 4156//8429 3925//8429
f 4099//8430 4116//8430 4217//8430
f 4098//8431 4158//8431 3924//8431
f 4291//8432 3932//8432 4124//8432
f 4098//8433 4292//8433 4158//8433
f 3939//8434 3850//8434 4161//8434
f 4073//8435 4099//8435 4217//8435
f 4161//8436 3850//8436 4216//8436
f 4162//8437 4073//8437 4217//8437
f 4162//8438 4220//8438 4081//8438
f 4160//8439 3940//8439 4163//8439
f 4082//8440 4073//8440 4162//8440
f 3940//8441 4042//8441 4163//8441
f 3944//8442 4042//8442 4294//8442
f 4163//8443 3944//8443 4294//8443
f 4042//8444 3944//8444 4163//8444
f 4294//8445 4042//8445 3946//8445
f 4296//8446 3945//8446 4127//8446
f 3937//8447 3949//8447 4295//8447
f 4297//8448 4294//8448 3946//8448
f 3948//8449 4128//8449 4221//8449
f 4222//8450 4297//8450 3946//8450
f 4165//8451 4222//8451 4083//8451
f 4224//8452 3953//8452 4296//8452
f 4295//8453 3951//8453 4298//8453
f 4083//8454 3956//8454 4165//8454
f 4223//8455 4167//8455 3958//8455
f 4165//8456 3956//8456 4227//8456
f 4100//8457 3958//8457 4167//8457
f 4168//8458 3964//8458 4167//8458
f 4227//8459 4085//8459 4233//8459
f 4070//8460 4232//8460 4235//8460
f 4236//8461 4234//8461 4117//8461
f 4237//8462 4113//8462 4235//8462
f 4102//8463 4171//8463 4238//8463
f 4102//8464 4105//8464 4171//8464
f 4238//8465 4239//8465 4102//8465
f 4071//8466 4300//8466 4172//8466
f 4065//8467 4102//8467 4239//8467
f 4300//8468 4173//8468 4239//8468
f 4300//8469 4076//8469 4173//8469
f 4174//8470 3975//8470 4240//8470
f 4241//8471 3977//8471 4174//8471
f 4242//8472 3976//8472 3978//8472
f 4087//8473 4244//8473 3990//8473
f 4175//8474 4244//8474 4087//8474
f 4302//8475 4242//8475 3979//8475
f 3981//8476 3977//8476 4245//8476
f 4245//8477 3977//8477 4301//8477
f 3982//8478 4302//8478 3979//8478
f 4246//8479 3989//8479 4243//8479
f 3988//8480 3989//8480 4246//8480
f 4176//8481 3986//8481 4249//8481
f 4251//8482 3995//8482 4077//8482
f 4178//8483 4250//8483 4054//8483
f 3993//8484 3991//8484 4249//8484
f 4249//8485 3991//8485 4176//8485
f 4179//8486 4254//8486 4253//8486
f 3993//8487 4181//8487 3994//8487
f 3996//8488 4304//8488 3853//8488
f 4304//8489 4305//8489 3853//8489
f 4178//8490 3997//8490 4180//8490
f 4254//8491 3853//8491 4305//8491
f 4254//8492 4055//8492 3853//8492
f 4180//8493 3999//8493 4000//8493
f 4181//8494 4182//8494 4115//8494
f 4181//8495 4115//8495 3994//8495
f 4307//8496 4000//8496 4107//8496
f 4107//8497 4255//8497 4307//8497
f 4057//8498 4183//8498 4255//8498
f 4115//8499 4182//8499 4090//8499
f 4182//8500 4183//8500 4090//8500
f 4008//8501 4005//8501 4184//8501
f 4003//8502 4004//8502 4185//8502
f 4009//8503 4008//8503 4256//8503
f 4308//8504 4011//8504 4009//8504
f 4308//8505 4187//8505 4011//8505
f 4058//8506 4257//8506 4258//8506
f 4188//8507 4131//8507 4189//8507
f 4059//8508 4131//8508 4188//8508
f 4059//8509 4188//8509 4109//8509
f 4017//8510 4258//8510 4259//8510
f 4068//8511 4190//8511 4189//8511
f 4190//8512 4015//8512 4309//8512
f 4192//8513 4017//8513 4259//8513
f 4016//8514 4191//8514 4260//8514
f 4016//8515 4260//8515 4309//8515
f 4193//8516 4262//8516 4027//8516
f 4031//8517 4310//8517 4193//8517
f 4020//8518 4311//8518 4060//8518
f 4034//8519 4194//8519 4031//8519
f 4031//8520 4194//8520 4310//8520
f 4033//8521 4060//8521 4311//8521
f 4194//8522 4034//8522 4312//8522
f 4033//8523 4311//8523 4312//8523
f 4196//8524 3862//8524 3874//8524
f 4267//8525 3864//8525 3871//8525
f 4266//8526 3871//8526 3868//8526
f 3863//8527 3864//8527 4198//8527
f 4270//8528 3859//8528 4269//8528
f 4140//8529 4139//8529 4120//8529
f 4140//8530 4120//8530 4142//8530
f 4138//8531 4272//8531 4141//8531
f 3889//8532 3890//8532 4202//8532
f 4202//8533 3890//8533 4274//8533
f 4273//8534 3895//8534 4275//8534
f 4273//8535 3887//8535 3895//8535
f 4142//8536 4146//8536 4204//8536
f 3895//8537 3896//8537 4276//8537
f 4275//8538 3895//8538 4276//8538
f 4204//8539 4146//8539 3903//8539
f 3903//8540 4149//8540 4204//8540
f 4148//8541 4147//8541 4323//8541
f 3896//8542 3902//8542 4278//8542
f 4276//8543 3896//8543 4278//8543
f 3902//8544 4150//8544 4278//8544
f 4094//8545 4148//8545 4279//8545
f 4150//8546 3908//8546 4152//8546
f 3907//8547 4208//8547 4280//8547
f 4080//8548 4104//8548 4212//8548
f 4282//8549 4080//8549 4212//8549
f 4152//8550 3911//8550 3915//8550
f 4210//8551 3909//8551 4153//8551
f 3920//8552 4080//8552 4284//8552
f 4154//8553 3920//8553 4284//8553
f 4315//8554 4153//8554 4062//8554
f 4283//8555 3922//8555 4287//8555
f 4097//8556 3925//8556 4286//8556
f 4062//8557 4123//8557 4315//8557
f 4288//8558 4217//8558 4116//8558
f 4290//8559 3934//8559 4155//8559
f 4125//8560 4218//8560 4219//8560
f 4216//8561 3928//8561 4289//8561
f 4098//8562 3932//8562 4292//8562
f 4128//8563 3939//8563 4221//8563
f 4223//8564 3948//8564 4221//8564
f 4295//8565 3949//8565 3951//8565
f 4225//8566 4298//8566 3951//8566
f 4233//8567 4316//8567 4227//8567
f 4232//8568 4318//8568 4235//8568
f 4231//8569 4112//8569 4299//8569
f 4317//8570 4233//8570 4234//8570
f 4299//8571 4112//8571 4101//8571
f 4236//8572 4317//8572 4234//8572
f 4101//8573 4172//8573 4299//8573
f 3976//8574 4242//8574 4240//8574
f 4241//8575 4301//8575 3977//8575
f 4245//8576 3984//8576 3981//8576
f 4303//8577 3986//8577 4248//8577
f 4303//8578 4249//8578 3986//8578
f 4253//8579 4177//8579 4130//8579
f 3995//8580 4251//8580 4252//8580
f 4179//8581 4253//8581 3855//8581
f 4304//8582 3996//8582 3995//8582
f 4319//8583 4253//8583 4254//8583
f 3993//8584 4249//8584 4181//8584
f 4180//8585 4000//8585 4306//8585
f 4185//8586 4004//8586 4109//8586
f 4188//8587 4185//8587 4109//8587
f 4108//8588 4058//8588 4258//8588
f 4131//8589 4019//8589 4189//8589
f 4019//8590 4190//8590 4189//8590
f 4191//8591 4067//8591 4262//8591
f 4020//8592 4261//8592 4311//8592
f 4034//8593 4033//8593 4312//8593
f 3868//8594 4197//8594 4268//8594
f 4199//8595 4037//8595 4135//8595
f 4142//8596 4320//8596 4140//8596
f 4323//8597 4147//8597 4205//8597
f 4323//8598 4205//8598 4203//8598
f 4323//8599 4324//8599 4148//8599
f 4151//8600 4094//8600 4279//8600
f 4212//8601 4104//8601 4211//8601
f 4285//8602 3912//8602 4280//8602
f 4152//8603 3915//8603 4314//8603
f 4284//8604 4080//8604 4282//8604
f 4314//8605 3915//8605 4286//8605
f 4288//8606 4215//8606 4326//8606
f 4124//8607 3929//8607 4214//8607
f 4215//8608 4219//8608 4326//8608
f 4126//8609 4156//8609 3933//8609
f 4292//8610 3932//8610 4291//8610
f 4293//8611 4126//8611 3937//8611
f 4162//8612 4217//8612 4220//8612
f 4293//8613 3937//8613 4295//8613
f 4165//8614 4227//8614 4316//8614
f 3984//8615 4245//8615 4248//8615
f 4177//8616 4244//8616 4175//8616
f 4319//8617 4254//8617 4305//8617
f 4305//8618 4304//8618 4319//8618
f 4306//8619 4000//8619 4307//8619
f 4189//8620 4185//8620 4188//8620
f 4193//8621 4194//8621 4327//8621
f 4194//8622 4193//8622 4310//8622
f 3879//8623 3877//8623 4136//8623
f 4136//8624 3877//8624 4271//8624
f 4145//8625 4201//8625 4141//8625
f 4142//8626 4204//8626 4321//8626
f 4316//8627 4328//8627 4165//8627
f 4232//8628 4230//8628 4166//8628
f 4317//8629 4316//8629 4233//8629
f 4237//8630 4318//8630 4330//8630
f 4330//8631 4317//8631 4236//8631
f 4235//8632 4318//8632 4237//8632
f 4237//8633 4330//8633 4236//8633
f 4302//8634 4370//8634 4371//8634
f 4187//8635 4308//8635 4343//8635
f 4148//8636 4347//8636 4325//8636
f 4288//8637 4326//8637 4332//8637
f 4218//8638 4335//8638 4326//8638
f 4334//8639 4217//8639 4288//8639
f 4159//8640 4160//8640 4336//8640
f 4160//8641 4163//8641 4359//8641
f 4337//8642 4127//8642 4290//8642
f 4221//8643 3939//8643 4161//8643
f 4166//8644 4224//8644 4338//8644
f 4232//8645 4166//8645 4329//8645
f 4362//8646 4316//8646 4317//8646
f 4366//8647 4299//8647 4172//8647
f 4301//8648 4245//8648 4241//8648
f 4244//8649 4177//8649 4253//8649
f 4244//8650 4253//8650 4369//8650
f 4186//8651 4187//8651 4343//8651
f 4258//8652 4373//8652 4259//8652
f 4265//8653 4132//8653 4263//8653
f 4265//8654 4263//8654 4264//8654
f 4344//8655 4135//8655 4200//8655
f 4142//8656 4321//8656 4320//8656
f 4119//8657 4331//8657 4345//8657
f 4331//8658 4119//8658 4118//8658
f 4206//8659 4277//8659 4145//8659
f 4148//8660 4325//8660 4349//8660
f 4279//8661 4148//8661 4349//8661
f 4208//8662 4350//8662 4280//8662
f 4280//8663 4350//8663 4285//8663
f 4350//8664 4353//8664 4285//8664
f 4283//8665 4211//8665 4281//8665
f 4284//8666 4282//8666 4354//8666
f 4288//8667 4332//8667 4334//8667
f 4213//8668 4355//8668 4214//8668
f 4283//8669 4287//8669 4333//8669
f 4153//8670 4315//8670 4123//8670
f 4218//8671 4326//8671 4219//8671
f 4214//8672 4291//8672 4124//8672
f 4336//8673 4160//8673 4359//8673
f 4337//8674 4290//8674 4358//8674
f 4296//8675 4127//8675 4337//8675
f 4221//8676 4161//8676 4360//8676
f 4167//8677 4223//8677 4361//8677
f 4225//8678 4226//8678 4168//8678
f 4232//8679 4329//8679 4363//8679
f 4228//8680 4231//8680 4364//8680
f 4318//8681 4232//8681 4363//8681
f 4318//8682 4363//8682 4365//8682
f 4318//8683 4365//8683 4330//8683
f 4231//8684 4299//8684 4364//8684
f 4366//8685 4364//8685 4299//8685
f 4367//8686 4366//8686 4172//8686
f 4369//8687 4246//8687 4243//8687
f 4368//8688 4246//8688 4369//8688
f 4368//8689 4370//8689 4246//8689
f 4242//8690 4302//8690 4371//8690
f 4370//8691 4247//8691 4246//8691
f 4370//8692 4302//8692 4247//8692
f 4369//8693 4243//8693 4244//8693
f 4178//8694 4180//8694 4340//8694
f 4341//8695 4251//8695 4250//8695
f 4257//8696 4186//8696 4372//8696
f 4184//8697 4185//8697 4189//8697
f 4189//8698 4190//8698 4374//8698
f 4373//8699 4192//8699 4259//8699
f 4312//8700 4311//8700 4194//8700
f 4272//8701 4138//8701 4270//8701
f 4143//8702 4119//8702 4345//8702
f 4206//8703 4145//8703 4348//8703
f 4203//8704 4322//8704 4205//8704
f 4322//8705 4387//8705 4205//8705
f 4324//8706 4347//8706 4148//8706
f 4377//8707 4325//8707 4347//8707
f 4377//8708 4347//8708 4376//8708
f 4378//8709 4352//8709 4351//8709
f 4378//8710 4351//8710 4332//8710
f 4155//8711 4285//8711 4357//8711
f 4285//8712 4353//8712 4357//8712
f 4326//8713 4378//8713 4332//8713
f 4356//8714 4283//8714 4333//8714
f 4358//8715 4290//8715 4155//8715
f 4287//8716 4158//8716 4333//8716
f 4159//8717 4335//8717 4218//8717
f 4294//8718 4297//8718 4511//8718
f 4224//8719 4296//8719 4338//8719
f 4295//8720 4298//8720 4225//8720
f 4317//8721 4365//8721 4362//8721
f 4330//8722 4365//8722 4317//8722
f 4172//8723 4300//8723 4238//8723
f 4300//8724 4239//8724 4238//8724
f 4241//8725 4174//8725 4538//8725
f 4257//8726 4372//8726 4258//8726
f 4309//8727 4374//8727 4190//8727
f 4380//8728 4139//8728 4140//8728
f 4270//8729 4269//8729 4383//8729
f 4384//8730 4197//8730 4199//8730
f 4331//8731 4118//8731 4132//8731
f 4272//8732 4270//8732 4382//8732
f 4199//8733 4135//8733 4386//8733
f 4135//8734 4344//8734 4386//8734
f 4385//8735 4203//8735 4144//8735
f 4322//8736 4203//8736 4385//8736
f 4346//8737 4145//8737 4141//8737
f 4273//8738 4275//8738 4276//8738
f 4326//8739 4335//8739 4390//8739
f 4326//8740 4390//8740 4378//8740
f 4511//8741 4163//8741 4294//8741
f 4338//8742 4296//8742 4379//8742
f 4394//8743 4392//8743 4339//8743
f 4228//8744 4339//8744 4392//8744
f 4225//8745 4168//8745 4393//8745
f 4362//8746 4391//8746 4316//8746
f 4329//8747 4166//8747 4398//8747
f 4228//8748 4364//8748 4339//8748
f 4369//8749 4319//8749 4246//8749
f 4369//8750 4253//8750 4319//8750
f 4429//8751 4426//8751 4271//8751
f 4395//8752 4375//8752 4381//8752
f 4375//8753 4395//8753 4385//8753
f 4384//8754 4199//8754 4386//8754
f 4441//8755 4273//8755 4445//8755
f 4451//8756 4439//8756 4144//8756
f 4408//8757 4283//8757 4356//8757
f 4490//8758 4214//8758 4483//8758
f 4159//8759 4397//8759 4335//8759
f 4123//8760 4220//8760 4217//8760
f 4504//8761 4359//8761 4163//8761
f 4165//8762 4328//8762 4222//8762
f 4166//8763 4338//8763 4398//8763
f 4329//8764 4398//8764 4363//8764
f 4365//8765 4391//8765 4362//8765
f 4530//8766 4364//8766 4366//8766
f 4540//8767 4245//8767 4301//8767
f 4319//8768 4304//8768 4247//8768
f 4184//8769 4374//8769 4560//8769
f 4374//8770 4184//8770 4189//8770
f 4260//8771 4191//8771 4565//8771
f 4619//8772 4419//8772 4572//8772
f 4424//8773 4195//8773 4196//8773
f 4420//8774 4132//8774 4265//8774
f 4426//8775 4133//8775 4136//8775
f 4196//8776 4137//8776 4428//8776
f 4430//8777 4429//8777 4271//8777
f 4435//8778 4320//8778 4321//8778
f 4198//8779 4267//8779 4573//8779
f 4433//8780 4143//8780 4345//8780
f 4270//8781 4383//8781 4382//8781
f 4442//8782 4383//8782 4269//8782
f 4268//8783 4197//8783 4400//8783
f 4197//8784 4384//8784 4400//8784
f 4385//8785 4395//8785 4402//8785
f 4344//8786 4438//8786 4447//8786
f 4451//8787 4144//8787 4202//8787
f 4445//8788 4273//8788 4455//8788
f 4145//8789 4346//8789 4453//8789
f 4457//8790 4324//8790 4323//8790
f 4324//8791 4458//8791 4459//8791
f 4456//8792 4204//8792 4404//8792
f 4203//8793 4205//8793 4463//8793
f 4151//8794 4279//8794 4471//8794
f 4472//8795 4350//8795 4208//8795
f 4279//8796 4349//8796 4471//8796
f 4470//8797 4473//8797 4351//8797
f 4396//8798 4473//8798 4351//8798
f 4484//8799 4378//8799 4390//8799
f 4482//8800 4378//8800 4484//8800
f 4408//8801 4356//8801 4389//8801
f 4481//8802 4314//8802 4286//8802
f 4356//8803 4333//8803 4409//8803
f 4217//8804 4488//8804 4334//8804
f 4357//8805 4358//8805 4155//8805
f 4123//8806 4217//8806 4334//8806
f 4214//8807 4490//8807 4291//8807
f 4333//8808 4158//8808 4410//8808
f 4501//8809 4359//8809 4504//8809
f 4161//8810 4216//8810 4503//8810
f 4292//8811 4502//8811 4506//8811
f 4337//8812 4507//8812 4509//8812
f 4513//8813 4511//8813 4297//8813
f 4512//8814 4293//8814 4295//8814
f 4517//8815 4295//8815 4225//8815
f 4338//8816 4519//8816 4398//8816
f 4328//8817 4316//8817 4391//8817
f 4363//8818 4398//8818 4413//8818
f 4528//8819 4339//8819 4364//8819
f 4530//8820 4528//8820 4364//8820
f 4541//8821 4245//8821 4540//8821
f 4247//8822 4246//8822 4319//8822
f 4178//8823 4416//8823 4415//8823
f 4307//8824 4550//8824 4306//8824
f 4181//8825 4552//8825 4182//8825
f 4551//8826 4307//8826 4255//8826
f 4555//8827 4182//8827 4342//8827
f 4184//8828 4559//8828 4256//8828
f 4569//8829 4261//8829 4567//8829
f 4311//8830 4261//8830 4570//8830
f 4567//8831 4193//8831 4571//8831
f 4419//8832 4139//8832 4572//8832
f 4421//8833 4265//8833 4133//8833
f 4421//8834 4420//8834 4265//8834
f 4422//8835 4200//8835 4139//8835
f 4423//8836 4380//8836 4140//8836
f 4140//8837 4320//8837 4423//8837
f 4421//8838 4133//8838 4426//8838
f 4420//8839 4427//8839 4132//8839
f 4425//8840 4196//8840 4428//8840
f 4426//8841 4136//8841 4271//8841
f 4430//8842 4271//8842 4134//8842
f 4431//8843 4200//8843 4422//8843
f 4399//8844 4381//8844 4375//8844
f 4401//8845 4434//8845 4345//8845
f 4431//8846 4438//8846 4344//8846
f 4344//8847 4200//8847 4431//8847
f 4444//8848 4435//8848 4321//8848
f 4375//8849 4385//8849 4432//8849
f 4439//8850 4432//8850 4385//8850
f 4331//8851 4401//8851 4345//8851
f 4427//8852 4440//8852 4132//8852
f 4266//8853 4443//8853 4437//8853
f 4268//8854 4443//8854 4266//8854
f 4381//8855 4402//8855 4395//8855
f 4439//8856 4385//8856 4144//8856
f 4440//8857 4331//8857 4132//8857
f 4446//8858 4382//8858 4383//8858
f 4446//8859 4383//8859 4442//8859
f 4447//8860 4384//8860 4386//8860
f 4575//8861 4447//8861 4384//8861
f 4386//8862 4344//8862 4447//8862
f 4449//8863 4143//8863 4448//8863
f 4440//8864 4401//8864 4331//8864
f 4402//8865 4450//8865 4385//8865
f 4385//8866 4454//8866 4322//8866
f 4346//8867 4141//8867 4453//8867
f 4347//8868 4324//8868 4459//8868
f 4347//8869 4460//8869 4376//8869
f 4404//8870 4204//8870 4149//8870
f 4462//8871 4322//8871 4454//8871
f 4387//8872 4322//8872 4462//8872
f 4457//8873 4203//8873 4463//8873
f 4323//8874 4203//8874 4457//8874
f 4460//8875 4403//8875 4377//8875
f 4460//8876 4377//8876 4376//8876
f 4348//8877 4145//8877 4461//8877
f 4406//8878 4313//8878 4122//8878
f 4455//8879 4278//8879 4464//8879
f 4462//8880 4205//8880 4387//8880
f 4462//8881 4463//8881 4205//8881
f 4405//8882 4313//8882 4406//8882
f 4206//8883 4348//8883 4465//8883
f 4404//8884 4149//8884 4209//8884
f 4206//8885 4465//8885 4208//8885
f 4351//8886 4388//8886 4468//8886
f 4468//8887 4351//8887 4469//8887
f 4468//8888 4470//8888 4351//8888
f 4467//8889 4209//8889 4210//8889
f 4212//8890 4211//8890 4407//8890
f 4476//8891 4282//8891 4212//8891
f 4476//8892 4477//8892 4282//8892
f 4213//8893 4151//8893 4471//8893
f 4477//8894 4354//8894 4282//8894
f 4211//8895 4283//8895 4407//8895
f 4314//8896 4474//8896 4152//8896
f 4332//8897 4351//8897 4478//8897
f 4478//8898 4351//8898 4473//8898
f 4210//8899 4153//8899 4475//8899
f 4475//8900 4153//8900 4485//8900
f 4408//8901 4356//8901 4409//8901
f 4335//8902 4484//8902 4390//8902
f 4153//8903 4123//8903 4485//8903
f 4214//8904 4355//8904 4483//8904
f 4334//8905 4332//8905 4488//8905
f 4157//8906 4154//8906 4486//8906
f 4156//8907 4489//8907 4286//8907
f 4335//8908 4493//8908 4484//8908
f 4493//8909 4335//8909 4494//8909
f 4335//8910 4397//8910 4494//8910
f 4492//8911 4216//8911 4157//8911
f 4156//8912 4126//8912 4496//8912
f 4494//8913 4159//8913 4497//8913
f 4490//8914 4495//8914 4291//8914
f 4157//8915 4499//8915 4216//8915
f 4291//8916 4500//8916 4292//8916
f 4216//8917 4499//8917 4503//8917
f 4158//8918 4292//8918 4506//8918
f 4126//8919 4293//8919 4496//8919
f 4337//8920 4358//8920 4507//8920
f 4504//8921 4163//8921 4508//8921
f 4163//8922 4511//8922 4508//8922
f 4360//8923 4161//8923 4503//8923
f 4510//8924 4293//8924 4512//8924
f 4296//8925 4337//8925 4509//8925
f 4516//8926 4221//8926 4514//8926
f 4512//8927 4295//8927 4517//8927
f 4222//8928 4518//8928 4515//8928
f 4222//8929 4328//8929 4518//8929
f 4338//8930 4379//8930 4519//8930
f 4223//8931 4521//8931 4361//8931
f 4524//8932 4328//8932 4391//8932
f 4393//8933 4523//8933 4225//8933
f 4361//8934 4521//8934 4167//8934
f 4391//8935 4365//8935 4525//8935
f 4168//8936 4167//8936 4393//8936
f 4363//8937 4413//8937 4365//8937
f 4392//8938 4526//8938 4228//8938
f 4413//8939 4525//8939 4365//8939
f 4414//8940 4229//8940 4228//8940
f 4528//8941 4527//8941 4339//8941
f 4530//8942 4367//8942 4532//8942
f 4530//8943 4366//8943 4367//8943
f 4238//8944 4171//8944 4532//8944
f 4172//8945 4238//8945 4533//8945
f 4172//8946 4533//8946 4367//8946
f 4536//8947 4368//8947 4246//8947
f 4368//8948 4536//8948 4370//8948
f 4242//8949 4539//8949 4240//8949
f 4371//8950 4536//8950 4535//8950
f 4371//8951 4370//8951 4536//8951
f 4540//8952 4301//8952 4537//8952
f 4301//8953 4241//8953 4537//8953
f 4541//8954 4542//8954 4245//8954
f 4252//8955 4544//8955 4304//8955
f 4249//8956 4303//8956 4543//8956
f 4545//8957 4544//8957 4252//8957
f 4546//8958 4252//8958 4251//8958
f 4547//8959 4546//8959 4251//8959
f 4181//8960 4249//8960 4543//8960
f 4341//8961 4547//8961 4251//8961
f 4340//8962 4416//8962 4178//8962
f 4415//8963 4250//8963 4178//8963
f 4250//8964 4547//8964 4341//8964
f 4340//8965 4417//8965 4416//8965
f 4415//8966 4341//8966 4250//8966
f 4550//8967 4180//8967 4306//8967
f 4415//8968 4549//8968 4341//8968
f 4543//8969 4548//8969 4181//8969
f 4551//8970 4181//8970 4548//8970
f 4551//8971 4553//8971 4181//8971
f 4553//8972 4552//8972 4181//8972
f 4307//8973 4551//8973 4550//8973
f 4554//8974 4182//8974 4552//8974
f 4555//8975 4342//8975 4554//8975
f 4342//8976 4182//8976 4554//8976
f 4255//8977 4183//8977 4552//8977
f 4182//8978 4554//8978 4183//8978
f 4555//8979 4554//8979 4182//8979
f 4556//8980 4372//8980 4186//8980
f 4256//8981 4557//8981 4308//8981
f 4556//8982 4186//8982 4343//8982
f 4558//8983 4556//8983 4343//8983
f 4562//8984 4559//8984 4560//8984
f 4557//8985 4343//8985 4308//8985
f 4560//8986 4559//8986 4184//8986
f 4556//8987 4418//8987 4372//8987
f 4418//8988 4258//8988 4372//8988
f 4258//8989 4561//8989 4373//8989
f 4418//8990 4561//8990 4258//8990
f 4309//8991 4562//8991 4374//8991
f 4562//8992 4560//8992 4374//8992
f 4561//8993 4192//8993 4373//8993
f 4563//8994 4192//8994 4561//8994
f 4563//8995 4567//8995 4192//8995
f 4567//8996 4261//8996 4192//8996
f 4568//8997 4566//8997 4262//8997
f 4568//8998 4262//8998 4193//8998
f 4571//8999 4193//8999 4194//8999
f 4139//9000 4380//9000 4572//9000
f 4424//9001 4196//9001 4425//9001
f 4430//9002 4195//9002 4424//9002
f 4134//9003 4195//9003 4430//9003
f 4399//9004 4375//9004 4432//9004
f 4434//9005 4433//9005 4345//9005
f 4436//9006 4198//9006 4573//9006
f 4267//9007 4266//9007 4573//9007
f 4437//9008 4573//9008 4266//9008
f 4402//9009 4381//9009 4399//9009
f 4439//9010 4574//9010 4432//9010
f 4428//9011 4137//9011 4441//9011
f 4269//9012 4198//9012 4442//9012
f 4198//9013 4436//9013 4442//9013
f 4448//9014 4143//9014 4433//9014
f 4443//9015 4268//9015 4400//9015
f 4451//9016 4274//9016 4449//9016
f 4274//9017 4143//9017 4449//9017
f 4446//9018 4452//9018 4272//9018
f 4272//9019 4382//9019 4446//9019
f 4400//9020 4384//9020 4575//9020
f 4202//9021 4274//9021 4451//9021
f 4321//9022 4204//9022 4456//9022
f 4141//9023 4272//9023 4453//9023
f 4273//9024 4276//9024 4455//9024
f 4324//9025 4457//9025 4458//9025
f 4461//9026 4145//9026 4453//9026
f 4459//9027 4460//9027 4347//9027
f 4455//9028 4276//9028 4278//9028
f 4349//9029 4325//9029 4377//9029
f 4349//9030 4377//9030 4576//9030
f 4278//9031 4150//9031 4466//9031
f 4467//9032 4404//9032 4209//9032
f 4466//9033 4152//9033 4474//9033
f 4466//9034 4150//9034 4152//9034
f 4467//9035 4210//9035 4475//9035
f 4351//9036 4352//9036 4469//9036
f 4476//9037 4212//9037 4407//9037
f 4353//9038 4350//9038 4472//9038
f 4474//9039 4314//9039 4481//9039
f 4352//9040 4378//9040 4469//9040
f 4408//9041 4407//9041 4211//9041
f 4469//9042 4378//9042 4482//9042
f 4483//9043 4213//9043 4471//9043
f 4284//9044 4354//9044 4480//9044
f 4284//9045 4480//9045 4486//9045
f 4154//9046 4284//9046 4486//9046
f 4488//9047 4332//9047 4478//9047
f 4286//9048 4489//9048 4481//9048
f 4485//9049 4123//9049 4491//9049
f 4492//9050 4157//9050 4486//9050
f 4397//9051 4159//9051 4494//9051
f 4333//9052 4498//9052 4409//9052
f 4333//9053 4410//9053 4498//9053
f 4500//9054 4291//9054 4495//9054
f 4159//9055 4336//9055 4501//9055
f 4410//9056 4498//9056 4158//9056
f 4292//9057 4500//9057 4502//9057
f 4158//9058 4505//9058 4410//9058
f 4505//9059 4498//9059 4410//9059
f 4336//9060 4359//9060 4501//9060
f 4506//9061 4412//9061 4158//9061
f 4412//9062 4158//9062 4411//9062
f 4297//9063 4222//9063 4515//9063
f 4296//9064 4509//9064 4379//9064
f 4513//9065 4297//9065 4515//9065
f 4221//9066 4360//9066 4514//9066
f 4516//9067 4223//9067 4221//9067
f 4580//9068 4581//9068 4392//9068
f 4521//9069 4223//9069 4516//9069
f 4522//9070 4413//9070 4398//9070
f 4524//9071 4590//9071 4518//9071
f 4592//9072 4523//9072 4393//9072
f 4393//9073 4167//9073 4521//9073
f 4228//9074 4526//9074 4414//9074
f 4520//9075 4394//9075 4339//9075
f 4170//9076 4229//9076 4414//9076
f 4170//9077 4529//9077 4531//9077
f 4171//9078 4170//9078 4531//9078
f 4533//9079 4238//9079 4532//9079
f 4533//9080 4532//9080 4367//9080
f 4174//9081 4240//9081 4534//9081
f 4534//9082 4240//9082 4539//9082
f 4247//9083 4536//9083 4246//9083
f 4248//9084 4245//9084 4542//9084
f 4247//9085 4304//9085 4536//9085
f 4304//9086 4544//9086 4536//9086
f 4543//9087 4303//9087 4583//9087
f 4252//9088 4546//9088 4545//9088
f 4180//9089 4417//9089 4340//9089
f 4549//9090 4250//9090 4341//9090
f 4557//9091 4558//9091 4343//9091
f 4562//9092 4256//9092 4559//9092
f 4564//9093 4260//9093 4565//9093
f 4565//9094 4191//9094 4262//9094
f 4568//9095 4193//9095 4567//9095
f 4570//9096 4261//9096 4569//9096
f 4571//9097 4194//9097 4311//9097
f 4311//9098 4570//9098 4571//9098
f 4423//9099 4320//9099 4435//9099
f 4137//9100 4273//9100 4441//9100
f 4443//9101 4400//9101 4575//9101
f 4444//9102 4321//9102 4456//9102
f 4454//9103 4385//9103 4450//9103
f 4585//9104 4461//9104 4453//9104
f 4576//9105 4377//9105 4403//9105
f 4464//9106 4278//9106 4466//9106
f 4349//9107 4586//9107 4471//9107
f 4479//9108 4354//9108 4477//9108
f 4353//9109 4472//9109 4587//9109
f 4354//9110 4479//9110 4480//9110
f 4355//9111 4213//9111 4483//9111
f 4357//9112 4353//9112 4587//9112
f 4587//9113 4577//9113 4357//9113
f 4123//9114 4334//9114 4491//9114
f 4358//9115 4357//9115 4577//9115
f 4358//9116 4577//9116 4507//9116
f 4497//9117 4159//9117 4501//9117
f 4514//9118 4360//9118 4503//9118
f 4509//9119 4578//9119 4379//9119
f 4379//9120 4579//9120 4519//9120
f 4522//9121 4398//9121 4519//9121
f 4522//9122 4591//9122 4413//9122
f 4524//9123 4518//9123 4328//9123
f 4581//9124 4392//9124 4520//9124
f 4581//9125 4580//9125 4526//9125
f 4524//9126 4525//9126 4582//9126
f 4524//9127 4391//9127 4525//9127
f 4392//9128 4394//9128 4520//9128
f 4591//9129 4525//9129 4413//9129
f 4171//9130 4531//9130 4532//9130
f 4538//9131 4174//9131 4534//9131
f 4551//9132 4255//9132 4553//9132
f 4255//9133 4552//9133 4553//9133
f 4309//9134 4260//9134 4564//9134
f 4309//9135 4564//9135 4562//9135
f 4565//9136 4262//9136 4566//9136
f 4402//9137 4399//9137 4432//9137
f 4428//9138 4441//9138 4445//9138
f 4272//9139 4452//9139 4584//9139
f 4272//9140 4584//9140 4453//9140
f 4465//9141 4348//9141 4461//9141
f 4208//9142 4465//9142 4472//9142
f 4474//9143 4481//9143 4608//9143
f 4283//9144 4408//9144 4211//9144
f 4487//9145 4409//9145 4588//9145
f 4491//9146 4334//9146 4488//9146
f 4578//9147 4509//9147 4593//9147
f 4509//9148 4507//9148 4593//9148
f 4158//9149 4412//9149 4505//9149
f 4578//9150 4579//9150 4379//9150
f 4613//9151 4581//9151 4520//9151
f 4580//9152 4589//9152 4526//9152
f 4582//9153 4525//9153 4591//9153
f 4526//9154 4392//9154 4581//9154
f 4538//9155 4540//9155 4537//9155
f 4242//9156 4371//9156 4539//9156
f 4539//9157 4371//9157 4535//9157
f 4537//9158 4241//9158 4538//9158
f 4583//9159 4303//9159 4248//9159
f 4250//9160 4549//9160 4547//9160
f 4180//9161 4550//9161 4417//9161
f 4183//9162 4554//9162 4552//9162
f 4595//9163 4556//9163 4558//9163
f 4596//9164 4256//9164 4562//9164
f 4596//9165 4557//9165 4256//9165
f 4349//9166 4576//9166 4586//9166
f 4472//9167 4465//9167 4598//9167
f 4577//9168 4587//9168 4599//9168
f 4487//9169 4408//9169 4409//9169
f 4157//9170 4492//9170 4499//9170
f 4496//9171 4293//9171 4510//9171
f 4496//9172 4510//9172 4610//9172
f 4601//9173 4579//9173 4578//9173
f 4579//9174 4601//9174 4519//9174
f 4522//9175 4519//9175 4594//9175
f 4522//9176 4594//9176 4591//9176
f 4225//9177 4523//9177 4517//9177
f 4602//9178 4591//9178 4594//9178
f 4602//9179 4582//9179 4591//9179
f 4582//9180 4590//9180 4524//9180
f 4548//9181 4543//9181 4551//9181
f 4556//9182 4595//9182 4418//9182
f 4422//9183 4139//9183 4419//9183
f 4619//9184 4422//9184 4419//9184
f 4402//9185 4432//9185 4450//9185
f 4603//9186 4575//9186 4447//9186
f 4443//9187 4575//9187 4604//9187
f 4603//9188 4604//9188 4575//9188
f 4585//9189 4465//9189 4461//9189
f 4606//9190 4576//9190 4403//9190
f 4407//9191 4408//9191 4476//9191
f 4587//9192 4472//9192 4598//9192
f 4475//9193 4485//9193 4607//9193
f 4577//9194 4599//9194 4609//9194
f 4478//9195 4485//9195 4488//9195
f 4491//9196 4488//9196 4485//9196
f 4507//9197 4577//9197 4609//9197
f 4507//9198 4609//9198 4593//9198
f 4489//9199 4156//9199 4496//9199
f 4510//9200 4512//9200 4611//9200
f 4412//9201 4589//9201 4505//9201
f 4612//9202 4505//9202 4580//9202
f 4516//9203 4614//9203 4521//9203
f 4602//9204 4590//9204 4582//9204
f 4613//9205 4520//9205 4615//9205
f 4592//9206 4393//9206 4521//9206
f 4520//9207 4339//9207 4527//9207
f 4529//9208 4170//9208 4414//9208
f 4616//9209 4531//9209 4529//9209
f 4532//9210 4531//9210 4616//9210
f 4544//9211 4539//9211 4535//9211
f 4617//9212 4539//9212 4544//9212
f 4544//9213 4535//9213 4536//9213
f 4583//9214 4248//9214 4542//9214
f 4542//9215 4543//9215 4583//9215
f 4549//9216 4415//9216 4547//9216
f 4417//9217 4415//9217 4416//9217
f 4557//9218 4596//9218 4558//9218
f 4562//9219 4564//9219 4596//9219
f 4563//9220 4561//9220 4418//9220
f 4645//9221 4422//9221 4619//9221
f 4450//9222 4432//9222 4439//9222
f 4452//9223 4446//9223 4584//9223
f 4605//9224 4606//9224 4403//9224
f 4468//9225 4470//9225 4473//9225
f 4587//9226 4598//9226 4599//9226
f 4469//9227 4482//9227 4484//9227
f 4409//9228 4588//9228 4408//9228
f 4492//9229 4600//9229 4486//9229
f 4506//9230 4502//9230 4500//9230
f 4519//9231 4601//9231 4621//9231
f 4517//9232 4611//9232 4512//9232
f 4594//9233 4519//9233 4621//9233
f 4612//9234 4580//9234 4613//9234
f 4544//9235 4546//9235 4617//9235
f 4545//9236 4546//9236 4544//9236
f 4547//9237 4617//9237 4546//9237
f 4563//9238 4418//9238 4618//9238
f 4380//9239 4423//9239 4572//9239
f 4448//9240 4433//9240 4622//9240
f 4670//9241 4584//9241 4629//9241
f 4585//9242 4453//9242 4584//9242
f 4463//9243 4640//9243 4457//9243
f 4465//9244 4585//9244 4625//9244
f 4465//9245 4461//9245 4625//9245
f 4471//9246 4586//9246 4576//9246
f 4471//9247 4576//9247 4620//9247
f 4498//9248 4505//9248 4627//9248
f 4593//9249 4601//9249 4578//9249
f 4610//9250 4510//9250 4611//9250
f 4594//9251 4621//9251 4602//9251
f 4580//9252 4505//9252 4589//9252
f 4590//9253 4602//9253 4633//9253
f 4580//9254 4581//9254 4613//9254
f 4523//9255 4592//9255 4517//9255
f 4628//9256 4613//9256 4615//9256
f 4521//9257 4634//9257 4592//9257
f 4615//9258 4520//9258 4527//9258
f 4635//9259 4615//9259 4527//9259
f 4529//9260 4414//9260 4616//9260
f 4646//9261 4423//9261 4435//9261
f 4427//9262 4420//9262 4440//9262
f 4654//9263 4435//9263 4444//9263
f 4445//9264 4455//9264 4623//9264
f 4437//9265 4443//9265 4624//9265
f 4443//9266 4604//9266 4624//9266
f 4672//9267 4459//9267 4458//9267
f 4598//9268 4465//9268 4642//9268
f 4686//9269 4467//9269 4475//9269
f 4485//9270 4478//9270 4473//9270
f 4599//9271 4598//9271 4642//9271
f 4487//9272 4476//9272 4408//9272
f 4593//9273 4609//9273 4631//9273
f 4593//9274 4631//9274 4632//9274
f 4601//9275 4593//9275 4632//9275
f 4513//9276 4515//9276 4511//9276
f 4712//9277 4516//9277 4514//9277
f 4592//9278 4634//9278 4517//9278
f 4615//9279 4635//9279 4718//9279
f 4527//9280 4721//9280 4635//9280
f 4617//9281 4547//9281 4636//9281
f 4567//9282 4734//9282 4568//9282
f 4572//9283 4646//9283 4763//9283
f 4572//9284 4423//9284 4646//9284
f 4619//9285 4572//9285 4763//9285
f 4431//9286 4422//9286 4650//9286
f 4649//9287 4648//9287 4424//9287
f 4653//9288 4434//9288 4401//9288
f 4657//9289 4447//9289 4431//9289
f 4447//9290 4438//9290 4431//9290
f 4738//9291 4449//9291 4448//9291
f 4737//9292 4451//9292 4449//9292
f 4573//9293 4661//9293 4436//9293
f 4668//9294 4629//9294 4446//9294
f 4584//9295 4446//9295 4629//9295
f 4639//9296 4585//9296 4584//9296
f 4680//9297 4464//9297 4682//9297
f 4465//9298 4625//9298 4642//9298
f 4485//9299 4473//9299 4607//9299
f 4480//9300 4479//9300 4696//9300
f 4599//9301 4642//9301 4643//9301
f 4599//9302 4643//9302 4631//9302
f 4490//9303 4483//9303 4630//9303
f 4700//9304 4699//9304 4484//9304
f 4599//9305 4631//9305 4609//9305
f 4700//9306 4484//9306 4493//9306
f 4497//9307 4501//9307 4705//9307
f 4500//9308 4706//9308 4506//9308
f 4601//9309 4644//9309 4621//9309
f 4602//9310 4621//9310 4633//9310
f 4528//9311 4530//9311 4722//9311
f 4567//9312 4563//9312 4732//9312
f 4789//9313 4619//9313 4763//9313
f 4421//9314 4426//9314 4651//9314
f 4647//9315 4426//9315 4429//9315
f 4647//9316 4429//9316 4430//9316
f 4648//9317 4430//9317 4424//9317
f 4652//9318 4649//9318 4424//9318
f 4652//9319 4424//9319 4425//9319
f 4425//9320 4428//9320 4652//9320
f 4448//9321 4622//9321 4655//9321
f 4439//9322 4660//9322 4450//9322
f 4663//9323 4401//9323 4440//9323
f 4661//9324 4573//9324 4437//9324
f 4661//9325 4437//9325 4666//9325
f 4668//9326 4446//9326 4665//9326
f 4447//9327 4667//9327 4603//9327
f 4659//9328 4669//9328 4450//9328
f 4637//9329 4638//9329 4440//9329
f 4740//9330 4664//9330 4456//9330
f 4664//9331 4444//9331 4456//9331
f 4450//9332 4669//9332 4454//9332
f 4640//9333 4676//9333 4457//9333
f 4456//9334 4404//9334 4678//9334
f 4463//9335 4676//9335 4640//9335
f 4460//9336 4677//9336 4403//9336
f 4464//9337 4466//9337 4682//9337
f 4683//9338 4606//9338 4605//9338
f 4689//9339 4475//9339 4607//9339
f 4407//9340 4476//9340 4692//9340
f 4690//9341 4692//9341 4476//9341
f 4690//9342 4477//9342 4476//9342
f 4493//9343 4494//9343 4702//9343
f 4632//9344 4644//9344 4601//9344
f 4500//9345 4502//9345 4706//9345
f 4610//9346 4611//9346 4709//9346
f 4412//9347 4506//9347 4711//9347
f 4614//9348 4634//9348 4521//9348
f 4526//9349 4589//9349 4717//9349
f 4718//9350 4635//9350 4719//9350
f 4724//9351 4538//9351 4534//9351
f 4538//9352 4725//9352 4540//9352
f 4541//9353 4727//9353 4542//9353
f 4543//9354 4542//9354 4729//9354
f 4618//9355 4418//9355 4731//9355
f 4596//9356 4564//9356 4558//9356
f 4565//9357 4566//9357 4733//9357
f 4618//9358 4566//9358 4568//9358
f 4567//9359 4571//9359 4734//9359
f 4645//9360 4619//9360 4789//9360
f 4647//9361 4430//9361 4648//9361
f 4426//9362 4735//9362 4651//9362
f 4646//9363 4435//9363 4654//9363
f 4420//9364 4421//9364 4651//9364
f 4622//9365 4433//9365 4655//9365
f 4658//9366 4428//9366 4441//9366
f 4660//9367 4659//9367 4450//9367
f 4440//9368 4420//9368 4656//9368
f 4441//9369 4445//9369 4662//9369
f 4666//9370 4437//9370 4624//9370
f 4656//9371 4637//9371 4440//9371
f 4445//9372 4623//9372 4741//9372
f 4670//9373 4629//9373 4668//9373
f 4604//9374 4671//9374 4624//9374
f 4638//9375 4743//9375 4637//9375
f 4740//9376 4456//9376 4678//9376
f 4676//9377 4675//9377 4457//9377
f 4454//9378 4463//9378 4462//9378
f 4454//9379 4676//9379 4463//9379
f 4403//9380 4677//9380 4605//9380
f 4677//9381 4606//9381 4605//9381
f 4639//9382 4625//9382 4585//9382
f 4639//9383 4745//9383 4625//9383
f 4405//9384 4597//9384 4406//9384
f 4692//9385 4626//9385 4407//9385
f 4687//9386 4468//9386 4469//9386
f 4597//9387 4407//9387 4626//9387
f 4476//9388 4407//9388 4597//9388
f 4690//9389 4476//9389 4597//9389
f 4479//9390 4477//9390 4694//9390
f 4483//9391 4471//9391 4620//9391
f 4697//9392 4476//9392 4487//9392
f 4695//9393 4474//9393 4608//9393
f 4701//9394 4492//9394 4486//9394
f 4631//9395 4747//9395 4748//9395
f 4631//9396 4643//9396 4747//9396
f 4490//9397 4630//9397 4780//9397
f 4409//9398 4750//9398 4588//9398
f 4409//9399 4498//9399 4750//9399
f 4494//9400 4497//9400 4702//9400
f 4495//9401 4703//9401 4500//9401
f 4632//9402 4631//9402 4644//9402
f 4704//9403 4498//9403 4627//9403
f 4751//9404 4497//9404 4705//9404
f 4504//9405 4508//9405 4708//9405
f 4621//9406 4752//9406 4633//9406
f 4508//9407 4710//9407 4708//9407
f 4713//9408 4508//9408 4511//9408
f 4503//9409 4712//9409 4514//9409
f 4633//9410 4715//9410 4590//9410
f 4753//9411 4612//9411 4613//9411
f 4628//9412 4756//9412 4613//9412
f 4518//9413 4770//9413 4515//9413
f 4589//9414 4412//9414 4714//9414
f 4615//9415 4718//9415 4628//9415
f 4718//9416 4716//9416 4628//9416
f 4616//9417 4414//9417 4720//9417
f 4527//9418 4528//9418 4722//9418
f 4757//9419 4532//9419 4616//9419
f 4722//9420 4530//9420 4532//9420
f 4534//9421 4539//9421 4617//9421
f 4726//9422 4540//9422 4725//9422
f 4727//9423 4541//9423 4540//9423
f 4726//9424 4727//9424 4540//9424
f 4547//9425 4758//9425 4636//9425
f 4759//9426 4636//9426 4547//9426
f 4543//9427 4729//9427 4551//9427
f 4417//9428 4760//9428 4415//9428
f 4773//9429 4550//9429 4772//9429
f 4595//9430 4558//9430 4565//9430
f 4564//9431 4565//9431 4558//9431
f 4569//9432 4567//9432 4570//9432
f 4570//9433 4567//9433 4571//9433
f 4653//9434 4433//9434 4434//9434
f 4652//9435 4428//9435 4776//9435
f 4650//9436 4657//9436 4431//9436
f 4739//9437 4420//9437 4651//9437
f 4428//9438 4658//9438 4776//9438
f 4436//9439 4774//9439 4442//9439
f 4439//9440 4451//9440 4660//9440
f 4739//9441 4656//9441 4440//9441
f 4638//9442 4656//9442 4739//9442
f 4656//9443 4638//9443 4637//9443
f 4741//9444 4623//9444 4455//9444
f 4460//9445 4459//9445 4672//9445
f 4457//9446 4675//9446 4458//9446
f 4639//9447 4584//9447 4670//9447
f 4639//9448 4670//9448 4744//9448
f 4603//9449 4764//9449 4604//9449
f 4742//9450 4455//9450 4680//9450
f 4681//9451 4637//9451 4679//9451
f 4680//9452 4455//9452 4464//9452
f 4625//9453 4746//9453 4745//9453
f 4746//9454 4642//9454 4625//9454
f 4746//9455 4745//9455 4779//9455
f 4765//9456 4576//9456 4606//9456
f 4597//9457 4626//9457 4778//9457
f 4688//9458 4473//9458 4470//9458
f 4620//9459 4576//9459 4765//9459
f 4779//9460 4642//9460 4746//9460
f 4691//9461 4473//9461 4688//9461
f 4479//9462 4694//9462 4696//9462
f 4693//9463 4469//9463 4484//9463
f 4476//9464 4697//9464 4690//9464
f 4693//9465 4484//9465 4699//9465
f 4483//9466 4620//9466 4630//9466
f 4480//9467 4698//9467 4486//9467
f 4747//9468 4643//9468 4766//9468
f 4701//9469 4486//9469 4698//9469
f 4700//9470 4493//9470 4702//9470
f 4610//9471 4489//9471 4496//9471
f 4631//9472 4748//9472 4644//9472
f 4704//9473 4750//9473 4498//9473
f 4500//9474 4785//9474 4706//9474
f 4621//9475 4644//9475 4752//9475
f 4705//9476 4501//9476 4504//9476
f 4704//9477 4627//9477 4505//9477
f 4644//9478 4768//9478 4752//9478
f 4752//9479 4768//9479 4633//9479
f 4706//9480 4711//9480 4506//9480
f 4704//9481 4505//9481 4612//9481
f 4503//9482 4499//9482 4712//9482
f 4756//9483 4753//9483 4613//9483
f 4769//9484 4611//9484 4517//9484
f 4515//9485 4755//9485 4511//9485
f 4590//9486 4715//9486 4786//9486
f 4756//9487 4628//9487 4716//9487
f 4614//9488 4771//9488 4634//9488
f 4720//9489 4414//9489 4526//9489
f 4616//9490 4720//9490 4757//9490
f 4538//9491 4724//9491 4723//9491
f 4758//9492 4534//9492 4617//9492
f 4758//9493 4617//9493 4636//9493
f 4759//9494 4547//9494 4415//9494
f 4415//9495 4760//9495 4759//9495
f 4760//9496 4417//9496 4730//9496
f 4551//9497 4761//9497 4772//9497
f 4762//9498 4730//9498 4417//9498
f 4551//9499 4772//9499 4550//9499
f 4417//9500 4550//9500 4762//9500
f 4731//9501 4595//9501 4733//9501
f 4418//9502 4595//9502 4731//9502
f 4733//9503 4595//9503 4565//9503
f 4618//9504 4733//9504 4566//9504
f 4653//9505 4736//9505 4433//9505
f 4655//9506 4433//9506 4736//9506
f 4436//9507 4775//9507 4774//9507
f 4448//9508 4655//9508 4738//9508
f 4663//9509 4653//9509 4401//9509
f 4656//9510 4420//9510 4739//9510
f 4451//9511 4737//9511 4660//9511
f 4665//9512 4446//9512 4442//9512
f 4441//9513 4662//9513 4658//9513
f 4667//9514 4447//9514 4657//9514
f 4440//9515 4638//9515 4663//9515
f 4666//9516 4671//9516 4661//9516
f 4671//9517 4666//9517 4624//9517
f 4741//9518 4455//9518 4742//9518
f 4458//9519 4673//9519 4672//9519
f 4674//9520 4460//9520 4672//9520
f 4458//9521 4675//9521 4673//9521
f 4764//9522 4671//9522 4604//9522
f 4764//9523 4603//9523 4667//9523
f 4674//9524 4677//9524 4460//9524
f 4638//9525 4637//9525 4681//9525
f 4679//9526 4637//9526 4743//9526
f 4681//9527 4679//9527 4777//9527
f 4639//9528 4744//9528 4745//9528
f 4678//9529 4404//9529 4467//9529
f 4468//9530 4470//9530 4687//9530
f 4470//9531 4688//9531 4468//9531
f 4689//9532 4686//9532 4475//9532
f 4765//9533 4606//9533 4683//9533
f 4778//9534 4690//9534 4597//9534
f 4466//9535 4474//9535 4695//9535
f 4694//9536 4477//9536 4690//9536
f 4642//9537 4779//9537 4643//9537
f 4766//9538 4643//9538 4779//9538
f 4630//9539 4620//9539 4780//9539
f 4781//9540 4695//9540 4608//9540
f 4480//9541 4696//9541 4698//9541
f 4608//9542 4481//9542 4781//9542
f 4588//9543 4697//9543 4487//9543
f 4782//9544 4748//9544 4766//9544
f 4481//9545 4489//9545 4781//9545
f 4489//9546 4749//9546 4781//9546
f 4747//9547 4766//9547 4748//9547
f 4748//9548 4782//9548 4783//9548
f 4748//9549 4783//9549 4784//9549
f 4703//9550 4495//9550 4780//9550
f 4702//9551 4497//9551 4751//9551
f 4610//9552 4749//9552 4489//9552
f 4644//9553 4748//9553 4768//9553
f 4707//9554 4499//9554 4492//9554
f 4704//9555 4612//9555 4753//9555
f 4412//9556 4711//9556 4754//9556
f 4517//9557 4634//9557 4771//9557
f 4771//9558 4769//9558 4517//9558
f 4614//9559 4516//9559 4712//9559
f 4614//9560 4712//9560 4787//9560
f 4719//9561 4635//9561 4721//9561
f 4720//9562 4414//9562 4757//9562
f 4757//9563 4722//9563 4532//9563
f 4725//9564 4538//9564 4723//9564
f 4728//9565 4727//9565 4542//9565
f 4759//9566 4758//9566 4636//9566
f 4729//9567 4542//9567 4728//9567
f 4729//9568 4761//9568 4551//9568
f 4762//9569 4760//9569 4730//9569
f 4773//9570 4762//9570 4550//9570
f 4731//9571 4732//9571 4563//9571
f 4731//9572 4563//9572 4618//9572
f 4618//9573 4731//9573 4733//9573
f 4568//9574 4731//9574 4618//9574
f 4645//9575 4650//9575 4422//9575
f 4738//9576 4737//9576 4449//9576
f 4743//9577 4638//9577 4739//9577
f 4662//9578 4445//9578 4741//9578
f 4454//9579 4669//9579 4676//9579
f 4684//9580 4681//9580 4777//9580
f 4687//9581 4688//9581 4470//9581
f 4687//9582 4469//9582 4693//9582
f 4626//9583 4692//9583 4684//9583
f 4796//9584 4687//9584 4693//9584
f 4607//9585 4473//9585 4691//9585
f 4607//9586 4691//9586 4689//9586
f 4780//9587 4620//9587 4765//9587
f 4698//9588 4792//9588 4701//9588
f 4490//9589 4780//9589 4495//9589
f 4748//9590 4784//9590 4768//9590
f 4492//9591 4701//9591 4707//9591
f 4702//9592 4751//9592 4705//9592
f 4785//9593 4500//9593 4703//9593
f 4705//9594 4504//9594 4708//9594
f 4611//9595 4769//9595 4709//9595
f 4755//9596 4515//9596 4788//9596
f 4714//9597 4412//9597 4754//9597
f 4518//9598 4590//9598 4770//9598
f 4515//9599 4770//9599 4788//9599
f 4771//9600 4614//9600 4787//9600
f 4589//9601 4714//9601 4717//9601
f 4721//9602 4527//9602 4722//9602
f 4534//9603 4758//9603 4724//9603
f 4793//9604 4758//9604 4759//9604
f 4732//9605 4734//9605 4567//9605
f 4731//9606 4568//9606 4734//9606
f 4775//9607 4436//9607 4790//9607
f 4442//9608 4774//9608 4665//9608
f 4436//9609 4661//9609 4790//9609
f 4665//9610 4774//9610 4803//9610
f 4764//9611 4791//9611 4671//9611
f 4777//9612 4679//9612 4743//9612
f 4606//9613 4677//9613 4683//9613
f 4686//9614 4678//9614 4467//9614
f 4684//9615 4778//9615 4626//9615
f 4784//9616 4783//9616 4768//9616
f 4610//9617 4709//9617 4749//9617
f 4715//9618 4633//9618 4768//9618
f 4801//9619 4769//9619 4771//9619
f 4770//9620 4786//9620 4802//9620
f 4770//9621 4590//9621 4786//9621
f 4761//9622 4772//9622 4729//9622
f 4731//9623 4734//9623 4732//9623
f 4839//9624 4789//9624 4951//9624
f 4426//9625 4647//9625 4735//9625
f 4806//9626 4684//9626 4777//9626
f 4682//9627 4466//9627 4695//9627
f 4750//9628 4697//9628 4588//9628
f 4780//9629 4703//9629 4798//9629
f 4712//9630 4499//9630 4800//9630
f 4710//9631 4508//9631 4713//9631
f 4713//9632 4511//9632 4755//9632
f 4812//9633 4787//9633 4712//9633
f 4788//9634 4770//9634 4802//9634
f 4526//9635 4717//9635 4720//9635
f 4758//9636 4793//9636 4724//9636
f 4848//9637 4736//9637 4653//9637
f 4739//9638 4651//9638 4794//9638
f 4807//9639 4688//9639 4687//9639
f 4689//9640 4797//9640 4686//9640
f 4778//9641 4694//9641 4690//9641
f 4815//9642 4693//9642 4699//9642
f 4780//9643 4765//9643 4808//9643
f 4783//9644 4782//9644 4809//9644
f 4783//9645 4809//9645 4810//9645
f 4707//9646 4701//9646 4811//9646
f 4785//9647 4703//9647 4798//9647
f 4499//9648 4707//9648 4800//9648
f 4768//9649 4799//9649 4715//9649
f 4710//9650 4713//9650 4708//9650
f 4715//9651 4802//9651 4786//9651
f 4771//9652 4787//9652 4812//9652
f 4801//9653 4771//9653 4812//9653
f 4728//9654 4761//9654 4729//9654
f 4951//9655 4789//9655 4763//9655
f 4804//9656 4653//9656 4663//9656
f 4652//9657 4776//9657 4658//9657
f 4664//9658 4654//9658 4444//9658
f 4804//9659 4663//9659 4638//9659
f 4676//9660 4669//9660 4659//9660
f 4778//9661 4684//9661 4806//9661
f 4683//9662 4677//9662 4795//9662
f 4778//9663 4814//9663 4694//9663
f 4780//9664 4808//9664 4798//9664
f 4702//9665 4705//9665 4817//9665
f 4706//9666 4785//9666 4798//9666
f 4769//9667 4818//9667 4709//9667
f 4801//9668 4818//9668 4769//9668
f 4788//9669 4802//9669 4755//9669
f 4724//9670 4793//9670 4723//9670
f 4819//9671 4726//9671 4725//9671
f 4760//9672 4726//9672 4759//9672
f 4761//9673 4813//9673 4772//9673
f 4760//9674 4813//9674 4762//9674
f 4773//9675 4813//9675 4762//9675
f 4773//9676 4772//9676 4813//9676
f 4671//9677 4805//9677 4661//9677
f 4680//9678 4682//9678 4822//9678
f 4820//9679 4688//9679 4807//9679
f 4821//9680 4678//9680 4686//9680
f 4821//9681 4686//9681 4797//9681
f 4799//9682 4768//9682 4783//9682
f 4783//9683 4810//9683 4799//9683
f 4726//9684 4819//9684 4727//9684
f 4726//9685 4793//9685 4759//9685
f 4848//9686 4847//9686 4736//9686
f 4651//9687 4826//9687 4794//9687
f 4652//9688 4658//9688 4827//9688
f 4935//9689 4660//9689 4737//9689
f 4685//9690 4684//9690 4681//9690
f 4823//9691 4802//9691 4715//9691
f 4715//9692 4799//9692 4823//9692
f 4753//9693 4756//9693 4704//9693
f 4736//9694 4851//9694 4655//9694
f 4825//9695 4738//9695 4655//9695
f 4670//9696 4668//9696 4665//9696
f 4870//9697 4676//9697 4862//9697
f 4739//9698 4794//9698 4828//9698
f 4739//9699 4828//9699 4743//9699
f 4777//9700 4743//9700 4806//9700
f 4797//9701 4689//9701 4691//9701
f 4816//9702 4698//9702 4696//9702
f 4704//9703 4756//9703 4824//9703
f 4712//9704 4800//9704 4812//9704
f 4926//9705 4819//9705 4725//9705
f 4843//9706 4842//9706 4775//9706
f 4846//9707 4650//9707 4839//9707
f 4647//9708 4854//9708 4735//9708
f 4825//9709 4655//9709 4855//9709
f 4827//9710 4857//9710 4652//9710
f 4804//9711 4830//9711 4653//9711
f 4844//9712 4790//9712 4661//9712
f 4651//9713 4735//9713 4826//9713
f 4737//9714 4738//9714 4859//9714
f 4658//9715 4857//9715 4827//9715
f 4660//9716 4831//9716 4659//9716
f 4863//9717 4864//9717 4665//9717
f 4659//9718 4831//9718 4862//9718
f 4805//9719 4671//9719 4861//9719
f 4667//9720 4657//9720 4858//9720
f 4868//9721 4667//9721 4858//9721
f 4675//9722 4676//9722 4870//9722
f 4867//9723 4671//9723 4791//9723
f 4806//9724 4743//9724 4828//9724
f 4667//9725 4832//9725 4764//9725
f 4681//9726 4879//9726 4638//9726
f 4866//9727 4742//9727 4680//9727
f 4681//9728 4684//9728 4833//9728
f 4884//9729 4807//9729 4687//9729
f 4683//9730 4795//9730 4887//9730
f 4891//9731 4684//9731 4692//9731
f 4688//9732 4797//9732 4691//9732
f 4765//9733 4896//9733 4808//9733
f 4835//9734 4809//9734 4898//9734
f 4792//9735 4698//9735 4902//9735
f 4837//9736 4809//9736 4836//9736
f 4792//9737 4902//9737 4905//9737
f 4811//9738 4905//9738 4908//9738
f 4810//9739 4837//9739 4823//9739
f 4944//9740 4749//9740 4709//9740
f 4799//9741 4810//9741 4823//9741
f 4916//9742 4824//9742 4756//9742
f 4838//9743 4717//9743 4714//9743
f 4921//9744 4920//9744 4718//9744
f 4717//9745 4838//9745 4720//9745
f 4924//9746 4757//9746 4720//9746
f 4932//9747 4793//9747 4726//9747
f 4760//9748 4932//9748 4726//9748
f 4839//9749 4645//9749 4789//9749
f 4840//9750 4763//9750 4646//9750
f 4840//9751 4646//9751 4841//9751
f 4842//9752 4774//9752 4775//9752
f 4645//9753 4839//9753 4650//9753
f 4844//9754 4775//9754 4790//9754
f 4844//9755 4843//9755 4775//9755
f 4845//9756 4803//9756 4842//9756
f 4842//9757 4803//9757 4774//9757
f 4848//9758 4653//9758 4849//9758
f 4648//9759 4649//9759 4852//9759
f 4665//9760 4803//9760 4845//9760
f 4855//9761 4655//9761 4851//9761
f 4859//9762 4738//9762 4825//9762
f 4859//9763 4825//9763 4855//9763
f 4856//9764 4826//9764 4735//9764
f 4657//9765 4650//9765 4858//9765
f 4860//9766 4853//9766 4664//9766
f 4853//9767 4654//9767 4664//9767
f 4844//9768 4661//9768 4861//9768
f 4826//9769 4856//9769 4794//9769
f 4660//9770 4862//9770 4831//9770
f 4661//9771 4805//9771 4861//9771
f 4804//9772 4865//9772 4830//9772
f 4866//9773 4658//9773 4662//9773
f 4741//9774 4866//9774 4662//9774
f 4861//9775 4671//9775 4867//9775
f 4638//9776 4865//9776 4804//9776
f 4659//9777 4862//9777 4676//9777
f 4870//9778 4862//9778 4937//9778
f 4672//9779 4872//9779 4674//9779
f 4672//9780 4871//9780 4872//9780
f 4673//9781 4675//9781 4875//9781
f 4873//9782 4672//9782 4673//9782
f 4873//9783 4871//9783 4672//9783
f 4866//9784 4741//9784 4742//9784
f 4744//9785 4670//9785 4869//9785
f 4832//9786 4667//9786 4868//9786
f 4877//9787 4764//9787 4832//9787
f 4876//9788 4878//9788 4820//9788
f 4678//9789 4874//9789 4740//9789
f 4638//9790 4879//9790 4865//9790
f 4821//9791 4820//9791 4878//9791
f 4674//9792 4872//9792 4677//9792
f 4764//9793 4877//9793 4791//9793
f 4872//9794 4882//9794 4677//9794
f 4681//9795 4833//9795 4879//9795
f 4884//9796 4687//9796 4796//9796
f 4688//9797 4820//9797 4885//9797
f 4684//9798 4834//9798 4833//9798
f 4680//9799 4822//9799 4886//9799
f 4778//9800 4889//9800 4814//9800
f 4887//9801 4890//9801 4683//9801
f 4940//9802 4796//9802 4693//9802
f 4891//9803 4834//9803 4684//9803
f 4694//9804 4814//9804 4889//9804
f 4822//9805 4682//9805 4892//9805
f 4940//9806 4693//9806 4815//9806
f 4683//9807 4890//9807 4765//9807
f 4682//9808 4695//9808 4892//9808
f 4696//9809 4694//9809 4894//9809
f 4891//9810 4697//9810 4829//9810
f 4891//9811 4690//9811 4697//9811
f 4895//9812 4816//9812 4696//9812
f 4942//9813 4766//9813 4779//9813
f 4893//9814 4896//9814 4765//9814
f 4698//9815 4816//9815 4895//9815
f 4695//9816 4781//9816 4900//9816
f 4779//9817 4897//9817 4766//9817
f 4782//9818 4898//9818 4809//9818
f 4782//9819 4897//9819 4898//9819
f 4815//9820 4699//9820 4901//9820
f 4766//9821 4897//9821 4782//9821
f 4899//9822 4698//9822 4895//9822
f 4699//9823 4700//9823 4901//9823
f 4809//9824 4903//9824 4836//9824
f 4750//9825 4829//9825 4697//9825
f 4836//9826 4903//9826 4837//9826
f 4901//9827 4700//9827 4702//9827
f 4896//9828 4904//9828 4808//9828
f 4904//9829 4798//9829 4808//9829
f 4810//9830 4809//9830 4837//9830
f 4701//9831 4905//9831 4811//9831
f 4817//9832 4705//9832 4943//9832
f 4705//9833 4909//9833 4943//9833
f 4704//9834 4824//9834 4907//9834
f 4707//9835 4811//9835 4908//9835
f 4705//9836 4708//9836 4909//9836
f 4798//9837 4910//9837 4706//9837
f 4818//9838 4944//9838 4709//9838
f 4818//9839 4709//9839 4911//9839
f 4711//9840 4706//9840 4910//9840
f 4713//9841 4913//9841 4708//9841
f 4914//9842 4812//9842 4800//9842
f 4818//9843 4812//9843 4914//9843
f 4801//9844 4812//9844 4818//9844
f 4913//9845 4713//9845 4755//9845
f 4802//9846 4823//9846 4755//9846
f 4711//9847 4915//9847 4754//9847
f 4754//9848 4917//9848 4714//9848
f 4717//9849 4918//9849 4714//9849
f 4920//9850 4716//9850 4718//9850
f 4920//9851 4919//9851 4716//9851
f 4921//9852 4718//9852 4719//9852
f 4719//9853 4721//9853 4921//9853
f 4921//9854 4721//9854 4923//9854
f 4922//9855 4924//9855 4720//9855
f 4721//9856 4722//9856 4923//9856
f 4757//9857 4924//9857 4925//9857
f 4923//9858 4722//9858 4925//9858
f 4722//9859 4757//9859 4925//9859
f 4927//9860 4725//9860 4723//9860
f 4926//9861 4725//9861 4927//9861
f 4929//9862 4727//9862 4926//9862
f 4926//9863 4727//9863 4819//9863
f 4928//9864 4723//9864 4793//9864
f 4727//9865 4930//9865 4728//9865
f 4932//9866 4726//9866 4727//9866
f 4726//9867 4760//9867 4727//9867
f 4727//9868 4813//9868 4933//9868
f 4760//9869 4813//9869 4727//9869
f 4646//9870 4654//9870 4841//9870
f 4841//9871 4654//9871 4853//9871
f 4847//9872 4851//9872 4736//9872
f 4850//9873 4647//9873 4648//9873
f 4648//9874 4852//9874 4850//9874
f 4830//9875 4849//9875 4653//9875
f 4863//9876 4665//9876 4845//9876
f 4670//9877 4864//9877 4869//9877
f 4938//9878 4828//9878 4794//9878
f 4675//9879 4870//9879 4875//9879
f 4673//9880 4875//9880 4873//9880
f 4791//9881 4877//9881 4867//9881
f 4953//9882 4876//9882 4807//9882
f 4876//9883 4820//9883 4807//9883
f 4866//9884 4680//9884 4881//9884
f 4880//9885 4744//9885 4869//9885
f 4807//9886 4884//9886 4883//9886
f 4882//9887 4795//9887 4677//9887
f 4796//9888 4888//9888 4884//9888
f 4745//9889 4744//9889 4880//9889
f 4889//9890 4778//9890 4806//9890
f 4887//9891 4795//9891 4882//9891
f 4688//9892 4885//9892 4797//9892
f 4779//9893 4745//9893 4955//9893
f 4890//9894 4893//9894 4765//9894
f 4694//9895 4889//9895 4894//9895
f 4891//9896 4692//9896 4690//9896
f 4942//9897 4897//9897 4779//9897
f 4897//9898 4956//9898 4898//9898
f 4815//9899 4901//9899 4941//9899
f 4906//9900 4900//9900 4781//9900
f 4701//9901 4792//9901 4905//9901
f 4906//9902 4781//9902 4749//9902
f 4700//9903 4702//9903 4943//9903
f 4944//9904 4906//9904 4749//9904
f 4943//9905 4702//9905 4817//9905
f 4959//9906 4909//9906 4708//9906
f 4750//9907 4704//9907 4907//9907
f 4943//9908 4909//9908 4959//9908
f 4800//9909 4707//9909 4946//9909
f 4948//9910 4755//9910 4949//9910
f 4946//9911 4950//9911 4914//9911
f 4823//9912 4947//9912 4755//9912
f 4946//9913 4914//9913 4800//9913
f 4950//9914 4818//9914 4914//9914
f 4915//9915 4711//9915 4910//9915
f 4756//9916 4716//9916 4916//9916
f 4919//9917 4916//9917 4716//9917
f 4918//9918 4838//9918 4717//9918
f 4930//9919 4727//9919 4929//9919
f 4761//9920 4728//9920 4934//9920
f 4933//9921 4761//9921 4934//9921
f 4761//9922 4933//9922 4813//9922
f 4846//9923 4858//9923 4650//9923
f 4960//9924 4844//9924 4861//9924
f 4856//9925 4735//9925 4952//9925
f 4735//9926 4854//9926 4952//9926
f 4649//9927 4652//9927 4857//9927
f 4831//9928 4660//9928 4935//9928
f 4864//9929 4670//9929 4665//9929
f 4806//9930 4828//9930 4938//9930
f 4821//9931 4874//9931 4678//9931
f 4806//9932 4938//9932 4939//9932
f 4889//9933 4806//9933 4954//9933
f 4796//9934 4940//9934 4888//9934
f 4963//9935 4894//9935 4889//9935
f 4940//9936 4815//9936 4941//9936
f 4779//9937 4955//9937 4942//9937
f 4897//9938 4942//9938 4956//9938
f 4892//9939 4695//9939 4900//9939
f 4965//9940 4957//9940 4903//9940
f 4836//9941 4903//9941 4957//9941
f 4829//9942 4750//9942 4958//9942
f 4837//9943 4836//9943 4957//9943
f 4958//9944 4750//9944 4907//9944
f 4837//9945 4957//9945 4949//9945
f 4707//9946 4908//9946 4946//9946
f 4818//9947 4911//9947 4944//9947
f 4837//9948 4949//9948 4823//9948
f 4947//9949 4823//9949 4949//9949
f 4708//9950 4913//9950 4948//9950
f 4950//9951 4911//9951 4818//9951
f 4949//9952 4755//9952 4947//9952
f 4913//9953 4755//9953 4948//9953
f 4912//9954 4824//9954 4916//9954
f 4714//9955 4917//9955 4918//9955
f 4928//9956 4927//9956 4723//9956
f 4932//9957 4928//9957 4793//9957
f 4934//9958 4728//9958 4931//9958
f 4961//9959 4852//9959 4649//9959
f 4737//9960 4859//9960 4935//9960
f 4857//9961 4658//9961 4936//9961
f 4794//9962 4856//9962 4938//9962
f 4936//9963 4658//9963 4866//9963
f 4664//9964 4740//9964 4860//9964
f 4740//9965 4874//9965 4860//9965
f 4868//9966 4877//9966 4832//9966
f 4821//9967 4878//9967 4874//9967
f 4866//9968 4881//9968 4962//9968
f 4954//9969 4806//9969 4939//9969
f 4745//9970 4880//9970 4955//9970
f 4885//9971 4821//9971 4797//9971
f 4820//9972 4821//9972 4885//9972
f 4886//9973 4881//9973 4680//9973
f 4888//9974 4940//9974 4884//9974
f 4964//9975 4940//9975 4941//9975
f 4696//9976 4894//9976 4895//9976
f 4964//9977 4941//9977 4901//9977
f 4899//9978 4902//9978 4698//9978
f 4903//9979 4809//9979 4835//9979
f 4700//9980 4967//9980 4901//9980
f 4965//9981 4966//9981 4968//9981
f 4943//9982 4967//9982 4700//9982
f 4957//9983 4965//9983 4968//9983
f 4948//9984 4968//9984 4945//9984
f 4948//9985 4957//9985 4968//9985
f 4968//9986 4959//9986 4945//9986
f 4959//9987 4708//9987 4945//9987
f 4910//9988 4798//9988 4904//9988
f 4912//9989 4907//9989 4824//9989
f 4949//9990 4957//9990 4948//9990
f 4945//9991 4708//9991 4948//9991
f 4917//9992 4754//9992 4915//9992
f 4720//9993 4838//9993 4922//9993
f 4930//9994 4931//9994 4728//9994
f 4931//9995 4933//9995 4934//9995
f 4980//9996 4852//9996 4961//9996
f 4647//9997 4850//9997 4952//9997
f 4854//9998 4647//9998 4952//9998
f 4961//9999 4649//9999 4857//9999
f 4938//10000 4856//10000 4969//10000
f 4939//10001 4938//10001 4969//10001
f 4887//10002 4882//10002 4985//10002
f 4942//10003 4955//10003 4970//10003
f 4940//10004 4964//10004 4971//10004
f 4886//10005 4822//10005 4892//10005
f 4967//10006 4973//10006 4964//10006
f 4967//10007 4964//10007 4901//10007
f 4966//10008 4974//10008 4968//10008
f 4943//10009 4901//10009 4967//10009
f 4959//10010 4968//10010 4974//10010
f 4959//10011 4967//10011 4943//10011
f 4959//10012 4974//10012 4967//10012
f 4944//10013 4987//10013 4906//10013
f 4908//10014 4975//10014 4946//10014
f 4989//10015 4911//10015 4950//10015
f 4924//10016 4922//10016 4925//10016
f 4927//10017 4928//10017 4926//10017
f 4928//10018 4932//10018 4926//10018
f 4951//10019 4763//10019 4840//10019
f 4831//10020 4978//10020 4862//10020
f 4851//10021 4847//10021 4979//10021
f 4850//10022 4852//10022 4980//10022
f 4952//10023 4850//10023 4980//10023
f 4872//10024 4871//10024 4982//10024
f 4953//10025 4807//10025 4883//10025
f 4984//10026 4882//10026 4872//10026
f 4984//10027 4985//10027 4882//10027
f 4939//10028 4969//10028 4954//10028
f 4890//10029 4887//10029 4985//10029
f 4942//10030 4970//10030 4956//10030
f 4886//10031 4892//10031 4972//10031
f 4892//10032 4987//10032 4972//10032
f 4973//10033 4967//10033 4986//10033
f 4892//10034 4900//10034 4987//10034
f 4906//10035 4944//10035 4900//10035
f 4907//10036 4829//10036 4958//10036
f 4994//10037 4905//10037 4902//10037
f 4944//10038 4987//10038 4900//10038
f 4904//10039 4988//10039 4910//10039
f 4989//10040 4944//10040 4911//10040
f 4922//10041 4990//10041 4925//10041
f 4930//10042 4933//10042 4931//10042
f 4727//10043 4933//10043 4930//10043
f 4863//10044 4845//10044 4864//10044
f 4860//10045 4841//10045 4853//10045
f 4978//10046 4977//10046 4862//10046
f 4858//10047 4846//10047 4976//10047
f 4982//10048 4851//10048 4979//10048
f 4979//10049 4872//10049 4982//10049
f 4936//10050 4866//10050 4983//10050
f 4868//10051 4858//10051 4981//10051
f 4974//10052 4986//10052 4967//10052
f 4975//10053 4989//10053 4950//10053
f 4946//10054 4975//10054 4950//10054
f 4922//10055 4838//10055 4990//10055
f 4930//10056 4932//10056 4727//10056
f 5090//10057 4842//10057 4843//10057
f 5090//10058 5109//10058 5133//10058
f 4845//10059 4991//10059 4864//10059
f 4848//10060 4979//10060 4847//10060
f 4979//10061 4848//10061 4992//10061
f 4860//10062 4874//10062 4878//10062
f 4984//10063 4872//10063 4979//10063
f 4979//10064 4992//10064 4984//10064
f 4860//10065 4878//10065 4996//10065
f 4865//10066 4879//10066 4984//10066
f 4954//10067 4963//10067 4889//10067
f 4973//10068 4986//10068 4974//10068
f 4993//10069 4899//10069 4895//10069
f 4993//10070 4902//10070 4899//10070
f 4905//10071 4994//10071 4908//10071
f 5009//10072 4848//10072 4849//10072
f 4996//10073 4841//10073 4860//10073
f 4977//10074 4995//10074 4997//10074
f 4997//10075 4862//10075 4977//10075
f 5074//10076 5064//10076 4978//10076
f 4859//10077 4855//10077 4982//10077
f 4982//10078 4855//10078 4851//10078
f 4983//10079 4857//10079 4936//10079
f 4873//10080 4982//10080 4871//10080
f 4868//10081 4998//10081 4877//10081
f 4999//10082 4963//10082 4954//10082
f 4833//10083 4879//10083 4834//10083
f 4894//10084 4963//10084 4895//10084
f 4895//10085 4963//10085 5002//10085
f 4902//10086 4994//10086 4908//10086
f 4989//10087 4987//10087 4944//10087
f 4926//10088 4930//10088 4929//10088
f 5006//10089 4843//10089 4844//10089
f 4831//10090 4935//10090 5016//10090
f 5001//10091 4969//10091 4856//10091
f 5001//10092 4856//10092 4952//10092
f 4992//10093 4865//10093 4984//10093
f 4879//10094 4985//10094 4984//10094
f 5037//10095 4964//10095 4973//10095
f 4987//10096 4989//10096 5000//10096
f 4932//10097 4930//10097 4926//10097
f 5019//10098 4937//10098 4862//10098
f 4859//10099 4982//10099 4873//10099
f 5003//10100 4857//10100 4983//10100
f 5018//10101 4861//10101 5024//10101
f 4954//10102 4969//10102 5001//10102
f 4883//10103 4884//10103 4953//10103
f 4999//10104 4954//10104 5001//10104
f 4998//10105 5026//10105 4877//10105
f 4962//10106 4881//10106 4886//10106
f 4884//10107 4940//10107 5029//10107
f 5037//10108 4971//10108 4964//10108
f 4890//10109 5030//10109 4893//10109
f 5030//10110 5038//10110 4893//10110
f 5035//10111 4834//10111 5094//10111
f 5043//10112 4891//10112 4829//10112
f 4988//10113 4904//10113 4896//10113
f 4989//10114 5049//10114 5000//10114
f 4975//10115 5049//10115 4989//10115
f 4910//10116 5051//10116 4915//10116
f 5052//10117 4912//10117 4916//10117
f 4920//10118 4921//10118 4923//10118
f 4951//10119 5004//10119 4839//10119
f 4840//10120 4841//10120 5007//10120
f 5008//10121 4846//10121 4839//10121
f 5006//10122 4844//10122 4960//10122
f 4991//10123 4845//10123 5012//10123
f 4839//10124 5014//10124 4846//10124
f 4864//10125 4991//10125 5012//10125
f 4976//10126 4846//10126 5014//10126
f 5015//10127 4849//10127 4830//10127
f 5015//10128 5010//10128 4849//10128
f 5074//10129 4978//10129 4831//10129
f 5016//10130 4935//10130 4859//10130
f 4830//10131 4865//10131 4992//10131
f 4952//10132 5021//10132 5001//10132
f 4952//10133 4980//10133 5021//10133
f 4857//10134 5003//10134 4961//10134
f 5021//10135 4980//10135 5001//10135
f 5022//10136 4868//10136 4981//10136
f 4870//10137 4937//10137 5023//10137
f 5024//10138 4867//10138 4877//10138
f 4870//10139 5023//10139 4875//10139
f 4868//10140 5026//10140 4998//10140
f 4953//10141 4884//10141 5025//10141
f 4983//10142 4866//10142 4962//10142
f 5030//10143 4890//10143 4985//10143
f 4879//10144 4833//10144 5032//10144
f 5032//10145 4833//10145 4834//10145
f 4886//10146 5031//10146 4962//10146
f 4963//10147 4999//10147 5002//10147
f 5032//10148 4834//10148 5035//10148
f 4955//10149 5034//10149 4970//10149
f 5036//10150 4971//10150 4940//10150
f 5031//10151 4886//10151 4972//10151
f 5036//10152 4971//10152 5037//10152
f 5031//10153 4972//10153 5042//10153
f 5034//10154 4898//10154 4956//10154
f 4898//10155 5040//10155 4835//10155
f 4835//10156 5040//10156 4903//10156
f 5042//10157 4972//10157 4987//10157
f 5041//10158 4973//10158 5044//10158
f 5000//10159 5042//10159 4987//10159
f 5045//10160 4965//10160 4903//10160
f 5047//10161 4965//10161 5046//10161
f 4974//10162 4966//10162 5044//10162
f 5048//10163 4988//10163 4896//10163
f 5050//10164 4829//10164 4907//10164
f 4912//10165 5052//10165 4907//10165
f 4988//10166 5051//10166 4910//10166
f 4917//10167 4915//10167 5053//10167
f 5055//10168 4918//10168 4917//10168
f 5056//10169 5054//10169 4916//10169
f 4919//10170 5056//10170 4916//10170
f 5057//10171 5058//10171 4918//10171
f 4918//10172 5058//10172 4838//10172
f 5058//10173 5059//10173 4838//10173
f 4838//10174 5059//10174 4990//10174
f 4925//10175 4990//10175 5059//10175
f 5062//10176 4925//10176 5059//10176
f 4920//10177 4923//10177 5061//10177
f 5004//10178 4951//10178 4840//10178
f 4977//10179 4978//10179 5013//10179
f 4978//10180 5064//10180 5013//10180
f 5012//10181 5017//10181 4864//10181
f 4981//10182 4858//10182 4976//10182
f 5020//10183 4961//10183 5003//10183
f 5065//10184 4876//10184 4953//10184
f 4884//10185 5029//10185 5082//10185
f 4962//10186 5031//10186 5069//10186
f 5028//10187 4955//10187 4880//10187
f 4940//10188 4971//10188 5033//10188
f 5034//10189 4956//10189 4970//10189
f 4834//10190 4891//10190 5039//10190
f 5002//10191 4993//10191 4895//10191
f 4891//10192 5071//10192 5039//10192
f 4903//10193 5040//10193 5088//10193
f 5049//10194 5042//10194 5000//10194
f 4973//10195 4974//10195 5044//10195
f 4902//10196 4993//10196 4994//10196
f 5049//10197 5072//10197 5042//10197
f 4966//10198 4965//10198 5047//10198
f 5049//10199 4975//10199 4994//10199
f 4975//10200 4908//10200 4994//10200
f 5051//10201 4988//10201 5073//10201
f 5053//10202 4915//10202 5051//10202
f 5052//10203 4916//10203 5054//10203
f 4918//10204 5055//10204 5057//10204
f 4919//10205 4920//10205 5056//10205
f 5061//10206 4923//10206 5063//10206
f 5063//10207 4923//10207 4925//10207
f 5090//10208 4843//10208 5109//10208
f 4845//10209 4842//10209 5005//10209
f 5004//10210 4840//10210 5007//10210
f 4845//10211 5005//10211 5012//10211
f 4839//10212 5008//10212 5014//10212
f 4997//10213 4977//10213 5019//10213
f 5011//10214 4841//10214 4996//10214
f 5075//10215 5011//10215 4996//10215
f 4997//10216 5019//10216 4862//10216
f 4873//10217 4875//10217 5016//10217
f 4873//10218 5016//10218 4859//10218
f 4876//10219 4996//10219 4878//10219
f 5023//10220 4937//10220 5019//10220
f 4980//10221 4961//10221 5020//10221
f 5021//10222 4980//10222 5020//10222
f 4867//10223 5024//10223 4861//10223
f 4953//10224 5077//10224 5065//10224
f 5091//10225 4876//10225 5065//10225
f 5066//10226 5001//10226 5021//10226
f 5003//10227 4983//10227 5079//10227
f 5067//10228 5079//10228 4983//10228
f 5025//10229 5077//10229 4953//10229
f 5080//10230 4999//10230 5066//10230
f 4880//10231 4869//10231 5068//10231
f 5027//10232 5025//10232 4884//10232
f 4999//10233 5001//10233 5066//10233
f 5067//10234 4983//10234 5081//10234
f 4983//10235 4962//10235 5081//10235
f 5027//10236 4884//10236 5082//10236
f 4940//10237 5082//10237 5029//10237
f 5002//10238 4999//10238 5080//10238
f 5033//10239 4971//10239 5036//10239
f 5084//10240 4993//10240 5002//10240
f 5084//10241 5070//10241 4993//10241
f 5072//10242 5085//10242 5042//10242
f 5037//10243 4973//10243 5041//10243
f 4994//10244 4993//10244 5087//10244
f 5085//10245 5072//10245 5049//10245
f 5089//10246 5085//10246 5049//10246
f 5049//10247 4994//10247 5089//10247
f 5045//10248 5046//10248 4965//10248
f 5056//10249 4920//10249 5060//10249
f 5063//10250 4925//10250 5062//10250
f 5011//10251 5007//10251 4841//10251
f 5010//10252 5009//10252 4849//10252
f 4869//10253 4864//10253 5017//10253
f 4981//10254 4976//10254 5022//10254
f 4875//10255 5023//10255 5078//10255
f 5021//10256 5020//10256 5066//10256
f 5020//10257 5092//10257 5066//10257
f 5092//10258 5003//10258 5079//10258
f 5093//10259 5104//10259 5024//10259
f 5093//10260 4877//10260 5026//10260
f 5082//10261 5027//10261 5029//10261
f 5030//10262 4985//10262 4879//10262
f 5030//10263 4879//10263 5032//10263
f 5069//10264 5081//10264 4962//10264
f 5080//10265 5083//10265 5002//10265
f 5002//10266 5083//10266 5084//10266
f 5086//10267 5031//10267 5042//10267
f 5069//10268 5031//10268 5086//10268
f 5085//10269 5095//10269 5069//10269
f 5039//10270 5094//10270 4834//10270
f 5087//10271 4993//10271 5070//10271
f 5086//10272 5042//10272 5085//10272
f 4994//10273 5085//10273 5089//10273
f 5087//10274 5085//10274 4994//10274
f 5109//10275 4843//10275 5006//10275
f 4960//10276 4861//10276 5018//10276
f 5008//10277 5096//10277 5014//10277
f 4977//10278 5013//10278 5019//10278
f 5009//10279 5076//10279 4848//10279
f 4992//10280 4848//10280 5076//10280
f 5016//10281 5074//10281 4831//10281
f 5091//10282 5075//10282 4996//10282
f 4992//10283 5015//10283 5076//10283
f 5091//10284 4996//10284 4876//10284
f 5019//10285 5074//10285 5023//10285
f 5022//10286 4976//10286 5014//10286
f 5078//10287 5016//10287 4875//10287
f 5020//10288 5003//10288 5092//10288
f 5067//10289 5099//10289 5079//10289
f 5097//10290 4868//10290 5022//10290
f 5082//10291 5025//10291 5027//10291
f 5098//10292 5066//10292 5092//10292
f 5066//10293 5098//10293 5080//10293
f 5099//10294 5067//10294 5081//10294
f 5098//10295 5083//10295 5080//10295
f 5081//10296 5069//10296 5095//10296
f 5085//10297 5069//10297 5086//10297
f 5070//10298 5084//10298 5087//10298
f 5084//10299 5100//10299 5087//10299
f 5071//10300 5094//10300 5039//10300
f 5088//10301 5045//10301 4903//10301
f 5048//10302 4896//10302 4893//10302
f 5060//10303 4920//10303 5061//10303
f 5005//10304 4842//10304 5090//10304
f 5006//10305 4960//10305 5101//10305
f 5004//10306 5008//10306 4839//10306
f 4960//10307 5018//10307 5101//10307
f 5074//10308 5013//10308 5064//10308
f 5011//10309 5075//10309 5091//10309
f 5013//10310 5074//10310 5019//10310
f 5076//10311 5009//10311 5015//10311
f 4992//10312 5015//10312 4830//10312
f 5102//10313 5091//10313 5065//10313
f 4869//10314 5017//10314 5068//10314
f 5102//10315 5065//10315 5077//10315
f 5022//10316 5014//10316 5103//10316
f 5093//10317 5024//10317 4877//10317
f 5025//10318 5082//10318 5103//10318
f 5092//10319 5079//10319 5099//10319
f 4868//10320 5097//10320 5026//10320
f 5098//10321 5092//10321 5099//10321
f 5081//10322 5100//10322 5099//10322
f 4940//10323 5033//10323 5082//10323
f 5083//10324 5098//10324 5084//10324
f 5095//10325 5100//10325 5081//10325
f 5100//10326 5085//10326 5087//10326
f 5095//10327 5085//10327 5100//10327
f 5040//10328 4898//10328 5034//10328
f 5106//10329 4893//10329 5038//10329
f 5106//10330 5107//10330 4893//10330
f 5048//10331 4893//10331 5107//10331
f 4917//10332 5053//10332 5055//10332
f 5102//10333 5008//10333 5004//10333
f 5102//10334 5007//10334 5091//10334
f 5004//10335 5007//10335 5102//10335
f 5009//10336 5010//10336 5015//10336
f 5007//10337 5011//10337 5091//10337
f 5102//10338 5096//10338 5008//10338
f 5014//10339 5096//10339 5025//10339
f 5025//10340 5096//10340 5102//10340
f 5025//10341 5102//10341 5077//10341
f 5103//10342 5014//10342 5025//10342
f 5016//10343 5078//10343 5023//10343
f 4880//10344 5068//10344 5028//10344
f 5105//10345 4955//10345 5028//10345
f 5033//10346 5036//10346 5082//10346
f 5099//10347 5100//10347 5098//10347
f 5100//10348 5084//10348 5098//10348
f 5034//10349 4955//10349 5105//10349
f 5043//10350 5071//10350 4891//10350
f 5044//10351 4966//10351 5047//10351
f 5043//10352 4829//10352 5050//10352
f 4988//10353 5048//10353 5073//10353
f 4907//10354 5052//10354 5050//10354
f 5055//10355 5053//10355 5057//10355
f 5058//10356 5057//10356 5059//10356
f 5023//10357 5074//10357 5016//10357
f 5097//10358 5022//10358 5082//10358
f 5022//10359 5103//10359 5082//10359
f 5094//10360 5032//10360 5035//10360
f 5036//10361 5037//10361 5110//10361
f 5018//10362 5024//10362 5104//10362
f 5112//10363 5018//10363 5104//10363
f 5082//10364 5036//10364 5097//10364
f 5040//10365 5034//10365 5111//10365
f 5043//10366 5094//10366 5071//10366
f 5045//10367 5088//10367 5046//10367
f 5107//10368 5073//10368 5048//10368
f 5050//10369 5108//10369 5043//10369
f 5056//10370 5060//10370 5061//10370
f 5028//10371 5068//10371 5116//10371
f 5110//10372 5093//10372 5026//10372
f 5026//10373 5097//10373 5110//10373
f 5110//10374 5097//10374 5036//10374
f 5038//10375 5030//10375 5106//10375
f 5106//10376 5030//10376 5032//10376
f 5106//10377 5032//10377 5094//10377
f 5061//10378 5063//10378 5059//10378
f 5063//10379 5062//10379 5059//10379
f 5005//10380 5113//10380 5012//10380
f 5018//10381 5114//10381 5101//10381
f 5110//10382 5118//10382 5093//10382
f 5110//10383 5119//10383 5118//10383
f 5120//10384 5040//10384 5034//10384
f 5088//10385 5040//10385 5120//10385
f 5037//10386 5041//10386 5122//10386
f 5088//10387 5131//10387 5046//10387
f 5107//10388 5125//10388 5073//10388
f 5126//10389 5053//10389 5051//10389
f 5056//10390 5061//10390 5128//10390
f 5117//10391 5130//10391 5104//10391
f 5104//10392 5093//10392 5117//10392
f 5136//10393 5041//10393 5044//10393
f 5124//10394 5094//10394 5043//10394
f 5046//10395 5132//10395 5047//10395
f 5138//10396 5128//10396 5061//10396
f 5005//10397 5090//10397 5129//10397
f 5017//10398 5012//10398 5115//10398
f 5041//10399 5110//10399 5037//10399
f 5132//10400 5046//10400 5123//10400
f 5137//10401 5108//10401 5050//10401
f 5052//10402 5137//10402 5050//10402
f 5144//10403 5053//10403 5126//10403
f 5127//10404 5053//10404 5144//10404
f 5129//10405 5090//10405 5133//10405
f 5005//10406 5134//10406 5113//10406
f 5006//10407 5101//10407 5114//10407
f 5012//10408 5113//10408 5115//10408
f 5068//10409 5017//10409 5116//10409
f 5118//10410 5119//10410 5093//10410
f 5105//10411 5140//10411 5034//10411
f 5131//10412 5088//10412 5121//10412
f 5142//10413 5094//10413 5124//10413
f 5142//10414 5107//10414 5106//10414
f 5073//10415 5143//10415 5051//10415
f 5054//10416 5056//10416 5138//10416
f 5138//10417 5056//10417 5128//10417
f 5059//10418 5057//10418 5145//10418
f 5145//10419 5061//10419 5059//10419
f 5135//10420 5149//10420 5112//10420
f 5112//10421 5104//10421 5130//10421
f 5105//10422 5028//10422 5139//10422
f 5105//10423 5139//10423 5140//10423
f 5122//10424 5119//10424 5110//10424
f 5041//10425 5122//10425 5110//10425
f 5106//10426 5094//10426 5142//10426
f 5046//10427 5131//10427 5123//10427
f 5136//10428 5044//10428 5047//10428
f 5108//10429 5124//10429 5043//10429
f 5150//10430 5124//10430 5108//10430
f 5126//10431 5051//10431 5143//10431
f 5127//10432 5057//10432 5053//10432
f 5133//10433 5109//10433 5006//10433
f 5114//10434 5018//10434 5149//10434
f 5135//10435 5112//10435 5130//10435
f 5116//10436 5017//10436 5115//10436
f 5122//10437 5041//10437 5136//10437
f 5142//10438 5125//10438 5107//10438
f 5052//10439 5148//10439 5137//10439
f 5148//10440 5052//10440 5054//10440
f 5148//10441 5054//10441 5151//10441
f 5138//10442 5151//10442 5054//10442
f 5152//10443 5006//10443 5114//10443
f 5149//10444 5018//10444 5112//10444
f 5034//10445 5140//10445 5141//10445
f 5141//10446 5120//10446 5034//10446
f 5047//10447 5153//10447 5136//10447
f 5142//10448 5124//10448 5146//10448
f 5146//10449 5124//10449 5150//10449
f 5073//10450 5125//10450 5143//10450
f 5137//10451 5147//10451 5108//10451
f 5145//10452 5057//10452 5127//10452
f 5005//10453 5129//10453 5134//10453
f 5122//10454 5136//10454 5153//10454
f 5154//10455 5123//10455 5131//10455
f 5132//10456 5123//10456 5154//10456
f 5125//10457 5142//10457 5146//10457
f 5150//10458 5125//10458 5146//10458
f 5147//10459 5150//10459 5108//10459
f 5151//10460 5137//10460 5148//10460
f 5156//10461 5137//10461 5151//10461
f 5144//10462 5126//10462 5155//10462
f 5156//10463 5151//10463 5138//10463
f 5127//10464 5138//10464 5145//10464
f 5117//10465 5093//10465 5119//10465
f 5121//10466 5154//10466 5131//10466
f 5153//10467 5132//10467 5154//10467
f 5047//10468 5132//10468 5153//10468
f 5150//10469 5147//10469 5137//10469
f 5138//10470 5061//10470 5145//10470
f 5028//10471 5116//10471 5139//10471
f 5121//10472 5088//10472 5120//10472
f 5132//10473 5122//10473 5153//10473
f 5126//10474 5143//10474 5155//10474
f 5127//10475 5156//10475 5138//10475
f 5134//10476 5129//10476 5159//10476
f 5133//10477 5006//10477 5152//10477
f 5122//10478 5153//10478 5158//10478
f 5143//10479 5125//10479 5150//10479
f 5143//10480 5150//10480 5155//10480
f 5155//10481 5150//10481 5137//10481
f 5144//10482 5155//10482 5137//10482
f 5127//10483 5144//10483 5156//10483
f 5141//10484 5140//10484 5139//10484
f 5157//10485 5141//10485 5163//10485
f 5120//10486 5141//10486 5157//10486
f 5119//10487 5122//10487 5158//10487
f 5137//10488 5156//10488 5144//10488
f 5165//10489 5154//10489 5121//10489
f 5134//10490 5115//10490 5113//10490
f 5160//10491 5135//10491 5130//10491
f 5116//10492 5115//10492 5166//10492
f 5163//10493 5120//10493 5157//10493
f 5120//10494 5164//10494 5121//10494
f 5167//10495 5134//10495 5159//10495
f 5139//10496 5162//10496 5141//10496
f 5173//10497 5117//10497 5119//10497
f 5165//10498 5153//10498 5154//10498
f 5168//10499 5171//10499 5114//10499
f 5134//10500 5170//10500 5115//10500
f 5161//10501 5160//10501 5130//10501
f 5139//10502 5116//10502 5166//10502
f 5117//10503 5161//10503 5130//10503
f 5174//10504 5173//10504 5172//10504
f 5158//10505 5173//10505 5119//10505
f 5168//10506 5149//10506 5169//10506
f 5114//10507 5149//10507 5168//10507
f 5171//10508 5152//10508 5114//10508
f 5117//10509 5172//10509 5161//10509
f 5172//10510 5117//10510 5174//10510
f 5173//10511 5174//10511 5117//10511
f 5173//10512 5175//10512 5178//10512
f 5173//10513 5158//10513 5175//10513
f 5178//10514 5175//10514 5158//10514
f 5158//10515 5165//10515 5178//10515
f 5158//10516 5153//10516 5165//10516
f 5120//10517 5184//10517 5164//10517
f 5180//10518 5152//10518 5177//10518
f 5162//10519 5139//10519 5166//10519
f 5178//10520 5179//10520 5173//10520
f 5120//10521 5163//10521 5184//10521
f 5133//10522 5152//10522 5180//10522
f 5167//10523 5170//10523 5134//10523
f 5135//10524 5182//10524 5149//10524
f 5182//10525 5169//10525 5149//10525
f 5182//10526 5135//10526 5160//10526
f 5160//10527 5161//10527 5182//10527
f 5166//10528 5115//10528 5183//10528
f 5172//10529 5173//10529 5179//10529
f 5141//10530 5162//10530 5176//10530
f 5141//10531 5176//10531 5157//10531
f 5185//10532 5184//10532 5176//10532
f 5176//10533 5184//10533 5157//10533
f 5184//10534 5163//10534 5157//10534
f 5165//10535 5121//10535 5164//10535
f 5159//10536 5129//10536 5133//10536
f 5152//10537 5181//10537 5177//10537
f 5152//10538 5171//10538 5181//10538
f 5168//10539 5169//10539 5171//10539
f 5162//10540 5166//10540 5183//10540
f 5159//10541 5133//10541 5180//10541
f 5182//10542 5171//10542 5169//10542
f 5183//10543 5115//10543 5170//10543
f 5167//10544 5159//10544 5170//10544
f 5161//10545 5172//10545 5182//10545
f 5172//10546 5171//10546 5182//10546
f 5186//10547 5172//10547 5179//10547
f 5177//10548 5181//10548 5180//10548
f 5170//10549 5159//10549 5188//10549
f 5171//10550 5172//10550 5181//10550
f 5178//10551 5187//10551 5179//10551
f 5159//10552 5180//10552 5189//10552
f 5181//10553 5189//10553 5180//10553
f 5181//10554 5172//10554 5186//10554
f 5190//10555 5179//10555 5187//10555
f 5178//10556 5165//10556 5187//10556
f 5188//10557 5159//10557 5189//10557
f 5164//10558 5187//10558 5165//10558
f 5195//10559 5189//10559 5181//10559
f 5181//10560 5186//10560 5192//10560
f 5179//10561 5190//10561 5193//10561
f 5187//10562 5193//10562 5190//10562
f 5201//10563 5185//10563 5176//10563
f 5191//10564 5170//10564 5188//10564
f 5193//10565 5186//10565 5179//10565
f 5187//10566 5164//10566 5194//10566
f 5188//10567 5189//10567 5195//10567
f 5191//10568 5188//10568 5195//10568
f 5195//10569 5181//10569 5197//10569
f 5181//10570 5192//10570 5197//10570
f 5196//10571 5183//10571 5170//10571
f 5186//10572 5197//10572 5192//10572
f 5193//10573 5197//10573 5186//10573
f 5200//10574 5193//10574 5187//10574
f 5185//10575 5201//10575 5184//10575
f 5196//10576 5170//10576 5191//10576
f 5198//10577 5183//10577 5196//10577
f 5199//10578 5196//10578 5200//10578
f 5198//10579 5196//10579 5199//10579
f 5200//10580 5197//10580 5193//10580
f 5162//10581 5199//10581 5176//10581
f 5203//10582 5200//10582 5187//10582
f 5203//10583 5187//10583 5194//10583
f 5184//10584 5194//10584 5164//10584
f 5203//10585 5194//10585 5184//10585
f 5191//10586 5195//10586 5196//10586
f 5196//10587 5195//10587 5197//10587
f 5199//10588 5162//10588 5183//10588
f 5199//10589 5183//10589 5198//10589
f 5200//10590 5196//10590 5197//10590
f 5201//10591 5176//10591 5204//10591
f 5202//10592 5203//10592 5184//10592
f 5201//10593 5202//10593 5184//10593
f 5176//10594 5199//10594 5204//10594
f 5204//10595 5205//10595 5201//10595
f 5199//10596 5200//10596 5203//10596
f 5204//10597 5199//10597 5203//10597
f 5201//10598 5205//10598 5202//10598
f 5205//10599 5203//10599 5202//10599
f 5203//10600 5205//10600 5204//10600
